$MeshFormat
4.1 0 8
$EndMeshFormat
$PhysicalNames
6
1 7 "catheter"
1 8 "axis"
1 9 "base"
1 10 "tissue-outer"
1 11 "air"
2 6 "tissue"
$EndPhysicalNames
$Entities
5 5 1 0
5 1.75 0 0 0 
6 0 0 0 0 
7 10 0 0 0 
8 10 5 0 0 
9 0 5 0 0 
1 -9.999999994736442e-08 -1.000000001298868e-07 -1e-07 1.7500001 9.999999989284339e-08 1e-07 1 7 2 6 -5 
2 1.7499999 -1.000000001071566e-07 -1e-07 10.0000001 1e-07 1e-07 1 11 2 5 -7 
3 9.999999900000001 -9.999999983634211e-08 -1e-07 10.0000001 5.0000001 1e-07 1 10 2 7 -8 
4 -1.000000002804313e-07 4.9999999 -1e-07 10.0000001 5.0000001 1e-07 1 9 2 8 -9 
5 -1e-07 -9.999999983634211e-08 -1e-07 1e-07 5.0000001 1e-07 1 8 2 9 -6 
1 -1.000000002804313e-07 -1.000000002804313e-07 -1e-07 10.0000001 5.0000001 1e-07 1 6 5 1 2 3 4 5 
$EndEntities
$Nodes
11 7733 1 7733
0 5 0 1
1
1.75 0 0
0 6 0 1
2
0 0 0
0 7 0 1
3
10 0 0
0 8 0 1
4
10 5 0
0 9 0 1
5
0 5 0
1 1 0 71
6
7
8
9
10
11
12
13
14
15
16
17
18
19
20
21
22
23
24
25
26
27
28
29
30
31
32
33
34
35
36
37
38
39
40
41
42
43
44
45
46
47
48
49
50
51
52
53
54
55
56
57
58
59
60
61
62
63
64
65
66
67
68
69
70
71
72
73
74
75
76
0.02430555555555558 -1.295710846888276e-16 0
0.04861111111111116 -1.29255387649906e-16 0
0.07291666666666674 -1.289396906109844e-16 0
0.09722222222222232 -1.286239935720628e-16 0
0.1215277777777779 -1.283082965331412e-16 0
0.1458333333333335 -1.279925994942195e-16 0
0.1701388888888888 -1.276769024552979e-16 0
0.1944444444444444 -1.273612054163763e-16 0
0.21875 -1.270455083774547e-16 0
0.2430555555555556 -1.267298113385331e-16 0
0.2673611111111112 -1.264141142996115e-16 0
0.2916666666666667 -1.260984172606899e-16 0
0.3159722222222223 -1.257827202217682e-16 0
0.3402777777777777 -1.254670231828466e-16 0
0.3645833333333333 -1.25151326143925e-16 0
0.3888888888888888 -1.248356291050034e-16 0
0.4131944444444444 -1.245199320660818e-16 0
0.4375 -1.242042350271602e-16 0
0.4618055555555556 -1.238885379882386e-16 0
0.4861111111111112 -1.235728409493169e-16 0
0.5104166666666667 -1.232571439103953e-16 0
0.5347222222222223 -1.229414468714737e-16 0
0.5590277777777777 -1.226257498325521e-16 0
0.5833333333333333 -1.223100527936305e-16 0
0.6076388888888888 -1.219943557547089e-16 0
0.6319444444444444 -1.216786587157873e-16 0
0.65625 -1.213629616768657e-16 0
0.6805555555555556 -1.21047264637944e-16 0
0.7048611111111112 -1.207315675990224e-16 0
0.7291666666666667 -1.204158705601008e-16 0
0.7534722222222223 -1.201001735211792e-16 0
0.7777777777777778 -1.197844764822576e-16 0
0.8020833333333334 -1.19468779443336e-16 0
0.826388888888889 -1.191530824044144e-16 0
0.8506944444444444 -1.188373853654927e-16 0
0.875 -1.185216883265711e-16 0
0.8993055555555556 -1.182059912876495e-16 0
0.923611111111111 -1.178902942487279e-16 0
0.9479166666666665 -1.175745972098063e-16 0
0.9722222222222221 -1.172589001708847e-16 0
0.9965277777777777 -1.169432031319631e-16 0
1.020833333333333 -1.166275060930414e-16 0
1.045138888888889 -1.163118090541198e-16 0
1.069444444444444 -1.159961120151982e-16 0
1.09375 -1.156804149762766e-16 0
1.118055555555556 -1.15364717937355e-16 0
1.142361111111111 -1.150490208984334e-16 0
1.166666666666667 -1.147333238595118e-16 0
1.190972222222222 -1.144176268205901e-16 0
1.215277777777778 -1.141019297816685e-16 0
1.239583333333333 -1.137862327427469e-16 0
1.263888888888889 -1.134705357038253e-16 0
1.288194444444444 -1.131548386649037e-16 0
1.3125 -1.128391416259821e-16 0
1.336805555555556 -1.125234445870605e-16 0
1.361111111111111 -1.122077475481388e-16 0
1.385416666666667 -1.118920505092172e-16 0
1.409722222222222 -1.115763534702956e-16 0
1.434027777777778 -1.11260656431374e-16 0
1.458333333333333 -1.109449593924524e-16 0
1.482638888888889 -1.106292623535308e-16 0
1.506944444444444 -1.103135653146091e-16 0
1.53125 -1.099978682756875e-16 0
1.555555555555556 -1.096821712367659e-16 0
1.579861111111111 -1.093664741978443e-16 0
1.604166666666667 -1.090507771589227e-16 0
1.628472222222222 -1.087350801200011e-16 0
1.652777777777778 -1.084193830810794e-16 0
1.677083333333333 -1.081036860421578e-16 0
1.701388888888889 -1.077879890032362e-16 0
1.725694444444444 -1.074722919643146e-16 0
1 2 0 87
77
78
79
80
81
82
83
84
85
86
87
88
89
90
91
92
93
94
95
96
97
98
99
100
101
102
103
104
105
106
107
108
109
110
111
112
113
114
115
116
117
118
119
120
121
122
123
124
125
126
127
128
129
130
131
132
133
134
135
136
137
138
139
140
141
142
143
144
145
146
147
148
149
150
151
152
153
154
155
156
157
158
159
160
161
162
163
1.774086891597942 -1.068437380422448e-16 0
1.798173783195884 -1.065308811590966e-16 0
1.822260674793827 -1.062180242759484e-16 0
1.846347566391769 -1.059051673928002e-16 0
1.870434457989711 -1.055923105096521e-16 0
1.894521349587653 -1.052794536265039e-16 0
1.918608241185596 -1.049665967433557e-16 0
1.942695132783538 -1.046537398602075e-16 0
1.96678202438148 -1.043408829770593e-16 0
1.990868915979422 -1.040280260939111e-16 0
2.014955807577365 -1.037151692107629e-16 0
2.039042699175307 -1.034023123276147e-16 0
2.063129590773249 -1.030894554444665e-16 0
2.087216482371191 -1.027765985613183e-16 0
2.111303373969133 -1.024637416781702e-16 0
2.135390265567076 -1.02150884795022e-16 0
2.159477157165018 -1.018380279118738e-16 0
2.18356404876296 -1.015251710287256e-16 0
2.207650940360902 -1.012123141455774e-16 0
2.231737831958844 -1.008994572624292e-16 0
2.255824723556787 -1.00586600379281e-16 0
2.279911615154729 -1.002737434961328e-16 0
2.303998506752671 -9.996088661298463e-17 0
2.328085398350614 -9.964802972983644e-17 0
2.352172289948555 -9.933517284668825e-17 0
2.376259181546498 -9.902231596354006e-17 0
2.40034607314444 -9.870945908039188e-17 0
2.424432964742382 -9.839660219724368e-17 0
2.448519856340325 -9.80837453140955e-17 0
2.472606747938267 -9.77708884309473e-17 0
2.496693639536209 -9.745803154779912e-17 0
2.520780531134151 -9.714517466465093e-17 0
2.544867422732093 -9.683231778150274e-17 0
2.568954314330036 -9.651946089835454e-17 0
2.593041205927978 -9.620660401520636e-17 0
2.61712809752592 -9.589374713205816e-17 0
2.641214989123863 -9.558089024890998e-17 0
2.665301880721804 -9.526803336576178e-17 0
2.689388772319747 -9.49551764826136e-17 0
2.713475663917689 -9.464231959946541e-17 0
2.740369835596488 -9.429299985880613e-17 0
2.767264007275287 -9.394368011814684e-17 0
2.794158178954087 -9.359436037748756e-17 0
2.821052350632885 -9.324504063682828e-17 0
2.858223622850877 -9.276223494471618e-17 0
2.895394895068868 -9.227942925260407e-17 0
2.932566167286859 -9.179662356049198e-17 0
2.969737439504851 -9.131381786837988e-17 0
3.021398216828125 -9.064281265757248e-17 0
3.073058994151399 -8.997180744676508e-17 0
3.124719771474672 -8.930080223595767e-17 0
3.176380548797947 -8.862979702515028e-17 0
3.248178875192577 -8.769723167026657e-17 0
3.319977201587208 -8.676466631538285e-17 0
3.391775527981839 -8.583210096049914e-17 0
3.463573854376469 -8.489953560561541e-17 0
3.563359460892517 -8.360345247630332e-17 0
3.663145067408565 -8.230736934699122e-17 0
3.762930673924612 -8.101128621767911e-17 0
3.86271628044066 -7.971520308836701e-17 0
4.001398680031079 -7.791390203185887e-17 0
4.140081079621497 -7.611260097535075e-17 0
4.278763479211916 -7.431129991884261e-17 0
4.417445878802335 -7.250999886233448e-17 0
4.610219621333441 -7.000612276043657e-17 0
4.802993363864545 -6.750224665853865e-17 0
4.99576710639565 -6.499837055664075e-17 0
5.188540848926754 -6.249449445474284e-17 0
5.427929972777378 -5.938514616698452e-17 0
5.667319096628 -5.627579787922621e-17 0
5.906708220478623 -5.316644959146789e-17 0
6.146097344329245 -5.005710130370958e-17 0
6.386966260308667 -4.692853247222769e-17 0
6.627835176288089 -4.37999636407458e-17 0
6.868704092267511 -4.06713948092639e-17 0
7.109573008246933 -3.754282597778201e-17 0
7.350441924226355 -3.441425714630011e-17 0
7.591310840205777 -3.128568831481822e-17 0
7.832179756185199 -2.815711948333633e-17 0
8.073048672164621 -2.502855065185444e-17 0
8.313917588144044 -2.189998182037253e-17 0
8.554786504123467 -1.877141298889063e-17 0
8.795655420102889 -1.564284415740872e-17 0
9.036524336082312 -1.251427532592682e-17 0
9.277393252061735 -9.38570649444492e-18 0
9.518262168041156 -6.257137662963034e-18 0
9.759131084020577 -3.128568831481147e-18 0
1 3 0 19
164
165
166
167
168
169
170
171
172
173
174
175
176
177
178
179
180
181
182
10 0.25 0
10 0.4999999999999999 0
10 0.75 0
10 1 0
10 1.25 0
10 1.5 0
10 1.75 0
10 2 0
10 2.25 0
10 2.5 0
10 2.75 0
10 3 0
10 3.25 0
10 3.5 0
10 3.75 0
10 4 0
10 4.25 0
10 4.5 0
10 4.75 0
1 4 0 39
183
184
185
186
187
188
189
190
191
192
193
194
195
196
197
198
199
200
201
202
203
204
205
206
207
208
209
210
211
212
213
214
215
216
217
218
219
220
221
9.75 5 0
9.5 5 0
9.25 5 0
9 5 0
8.75 5 0
8.5 5 0
8.25 5 0
8 5 0
7.75 5 0
7.5 5 0
7.25 5 0
7 5 0
6.75 5 0
6.5 5 0
6.25 5 0
6 5 0
5.75 5 0
5.5 5 0
5.25 5 0
5 5 0
4.75 5 0
4.5 5 0
4.25 5 0
4 5 0
3.75 5 0
3.5 5 0
3.25 5 0
3 5 0
2.75 5 0
2.5 5 0
2.25 5 0
2 5 0
1.75 5 0
1.5 5 0
1.25 5 0
1 5 0
0.75 5 0
0.5 5 0
0.25 5 0
1 5 0 75
222
223
224
225
226
227
228
229
230
231
232
233
234
235
236
237
238
239
240
241
242
243
244
245
246
247
248
249
250
251
252
253
254
255
256
257
258
259
260
261
262
263
264
265
266
267
268
269
270
271
272
273
274
275
276
277
278
279
280
281
282
283
284
285
286
287
288
289
290
291
292
293
294
295
296
0 4.76178870580583 0
0 4.52357741161166 0
0 4.285366117417491 0
0 4.047154823223321 0
0 3.820684386739503 0
0 3.594213950255685 0
0 3.367743513771868 0
0 3.14127307728805 0
0 2.972175436864335 0
0 2.80307779644062 0
0 2.633980156016905 0
0 2.46488251559319 0
0 2.342782514617521 0
0 2.220682513641853 0
0 2.098582512666184 0
0 1.976482511690515 0
0 1.888308747548956 0
0 1.800134983407396 0
0 1.711961219265836 0
0 1.623787455124277 0
0 1.560113289371714 0
0 1.496439123619151 0
0 1.432764957866588 0
0 1.369090792114025 0
0 1.323108887668294 0
0 1.277126983222564 0
0 1.231145078776834 0
0 1.185163174331103 0
0 1.151957612657162 0
0 1.118752050983221 0
0 1.08554648930928 0
0 1.052340927635339 0
0 1.027466989920674 0
0 1.002593052206009 0
0 0.977719114491344 0
0 0.9528451767766795 0
0 0.9290240473572622 0
0 0.9052029179378449 0
0 0.8813817885184285 0
0 0.8575606590990112 0
0 0.833739529679594 0
0 0.8099184002601767 0
0 0.7860972708407594 0
0 0.762276141421343 0
0 0.7384550120019266 0
0 0.7146338825825094 0
0 0.6908127531630921 0
0 0.6669916237436757 0
0 0.6431704943242584 0
0 0.6193493649048412 0
0 0.5955282354854248 0
0 0.5717071060660075 0
0 0.5478859766465902 0
0 0.5240648472271729 0
0 0.5002437178077557 0
0 0.4764225883883393 0
0 0.4526014589689229 0
0 0.4287803295495056 0
0 0.4049592001300883 0
0 0.381138070710672 0
0 0.3573169412912547 0
0 0.3334958118718374 0
0 0.309674682452421 0
0 0.2858535530330037 0
0 0.2620324236135865 0
0 0.2382112941941692 0
0 0.2143901647747519 0
0 0.1905690353553355 0
0 0.1667479059359183 0
0 0.142926776516501 0
0 0.1191056470970846 0
0 0.09528451767766732 0
0 0.07146338825825005 0
0 0.04764225883883366 0
0 0.02382112941941728 0
2 1 0 7437
297
298
299
300
301
302
303
304
305
306
307
308
309
310
311
312
313
314
315
316
317
318
319
320
321
322
323
324
325
326
327
328
329
330
331
332
333
334
335
336
337
338
339
340
341
342
343
344
345
346
347
348
349
350
351
352
353
354
355
356
357
358
359
360
361
362
363
364
365
366
367
368
369
370
371
372
373
374
375
376
377
378
379
380
381
382
383
384
385
386
387
388
389
390
391
392
393
394
395
396
397
398
399
400
401
402
403
404
405
406
407
408
409
410
411
412
413
414
415
416
417
418
419
420
421
422
423
424
425
426
427
428
429
430
431
432
433
434
435
436
437
438
439
440
441
442
443
444
445
446
447
448
449
450
451
452
453
454
455
456
457
458
459
460
461
462
463
464
465
466
467
468
469
470
471
472
473
474
475
476
477
478
479
480
481
482
483
484
485
486
487
488
489
490
491
492
493
494
495
496
497
498
499
500
501
502
503
504
505
506
507
508
509
510
511
512
513
514
515
516
517
518
519
520
521
522
523
524
525
526
527
528
529
530
531
532
533
534
535
536
537
538
539
540
541
542
543
544
545
546
547
548
549
550
551
552
553
554
555
556
557
558
559
560
561
562
563
564
565
566
567
568
569
570
571
572
573
574
575
576
577
578
579
580
581
582
583
584
585
586
587
588
589
590
591
592
593
594
595
596
597
598
599
600
601
602
603
604
605
606
607
608
609
610
611
612
613
614
615
616
617
618
619
620
621
622
623
624
625
626
627
628
629
630
631
632
633
634
635
636
637
638
639
640
641
642
643
644
645
646
647
648
649
650
651
652
653
654
655
656
657
658
659
660
661
662
663
664
665
666
667
668
669
670
671
672
673
674
675
676
677
678
679
680
681
682
683
684
685
686
687
688
689
690
691
692
693
694
695
696
697
698
699
700
701
702
703
704
705
706
707
708
709
710
711
712
713
714
715
716
717
718
719
720
721
722
723
724
725
726
727
728
729
730
731
732
733
734
735
736
737
738
739
740
741
742
743
744
745
746
747
748
749
750
751
752
753
754
755
756
757
758
759
760
761
762
763
764
765
766
767
768
769
770
771
772
773
774
775
776
777
778
779
780
781
782
783
784
785
786
787
788
789
790
791
792
793
794
795
796
797
798
799
800
801
802
803
804
805
806
807
808
809
810
811
812
813
814
815
816
817
818
819
820
821
822
823
824
825
826
827
828
829
830
831
832
833
834
835
836
837
838
839
840
841
842
843
844
845
846
847
848
849
850
851
852
853
854
855
856
857
858
859
860
861
862
863
864
865
866
867
868
869
870
871
872
873
874
875
876
877
878
879
880
881
882
883
884
885
886
887
888
889
890
891
892
893
894
895
896
897
898
899
900
901
902
903
904
905
906
907
908
909
910
911
912
913
914
915
916
917
918
919
920
921
922
923
924
925
926
927
928
929
930
931
932
933
934
935
936
937
938
939
940
941
942
943
944
945
946
947
948
949
950
951
952
953
954
955
956
957
958
959
960
961
962
963
964
965
966
967
968
969
970
971
972
973
974
975
976
977
978
979
980
981
982
983
984
985
986
987
988
989
990
991
992
993
994
995
996
997
998
999
1000
1001
1002
1003
1004
1005
1006
1007
1008
1009
1010
1011
1012
1013
1014
1015
1016
1017
1018
1019
1020
1021
1022
1023
1024
1025
1026
1027
1028
1029
1030
1031
1032
1033
1034
1035
1036
1037
1038
1039
1040
1041
1042
1043
1044
1045
1046
1047
1048
1049
1050
1051
1052
1053
1054
1055
1056
1057
1058
1059
1060
1061
1062
1063
1064
1065
1066
1067
1068
1069
1070
1071
1072
1073
1074
1075
1076
1077
1078
1079
1080
1081
1082
1083
1084
1085
1086
1087
1088
1089
1090
1091
1092
1093
1094
1095
1096
1097
1098
1099
1100
1101
1102
1103
1104
1105
1106
1107
1108
1109
1110
1111
1112
1113
1114
1115
1116
1117
1118
1119
1120
1121
1122
1123
1124
1125
1126
1127
1128
1129
1130
1131
1132
1133
1134
1135
1136
1137
1138
1139
1140
1141
1142
1143
1144
1145
1146
1147
1148
1149
1150
1151
1152
1153
1154
1155
1156
1157
1158
1159
1160
1161
1162
1163
1164
1165
1166
1167
1168
1169
1170
1171
1172
1173
1174
1175
1176
1177
1178
1179
1180
1181
1182
1183
1184
1185
1186
1187
1188
1189
1190
1191
1192
1193
1194
1195
1196
1197
1198
1199
1200
1201
1202
1203
1204
1205
1206
1207
1208
1209
1210
1211
1212
1213
1214
1215
1216
1217
1218
1219
1220
1221
1222
1223
1224
1225
1226
1227
1228
1229
1230
1231
1232
1233
1234
1235
1236
1237
1238
1239
1240
1241
1242
1243
1244
1245
1246
1247
1248
1249
1250
1251
1252
1253
1254
1255
1256
1257
1258
1259
1260
1261
1262
1263
1264
1265
1266
1267
1268
1269
1270
1271
1272
1273
1274
1275
1276
1277
1278
1279
1280
1281
1282
1283
1284
1285
1286
1287
1288
1289
1290
1291
1292
1293
1294
1295
1296
1297
1298
1299
1300
1301
1302
1303
1304
1305
1306
1307
1308
1309
1310
1311
1312
1313
1314
1315
1316
1317
1318
1319
1320
1321
1322
1323
1324
1325
1326
1327
1328
1329
1330
1331
1332
1333
1334
1335
1336
1337
1338
1339
1340
1341
1342
1343
1344
1345
1346
1347
1348
1349
1350
1351
1352
1353
1354
1355
1356
1357
1358
1359
1360
1361
1362
1363
1364
1365
1366
1367
1368
1369
1370
1371
1372
1373
1374
1375
1376
1377
1378
1379
1380
1381
1382
1383
1384
1385
1386
1387
1388
1389
1390
1391
1392
1393
1394
1395
1396
1397
1398
1399
1400
1401
1402
1403
1404
1405
1406
1407
1408
1409
1410
1411
1412
1413
1414
1415
1416
1417
1418
1419
1420
1421
1422
1423
1424
1425
1426
1427
1428
1429
1430
1431
1432
1433
1434
1435
1436
1437
1438
1439
1440
1441
1442
1443
1444
1445
1446
1447
1448
1449
1450
1451
1452
1453
1454
1455
1456
1457
1458
1459
1460
1461
1462
1463
1464
1465
1466
1467
1468
1469
1470
1471
1472
1473
1474
1475
1476
1477
1478
1479
1480
1481
1482
1483
1484
1485
1486
1487
1488
1489
1490
1491
1492
1493
1494
1495
1496
1497
1498
1499
1500
1501
1502
1503
1504
1505
1506
1507
1508
1509
1510
1511
1512
1513
1514
1515
1516
1517
1518
1519
1520
1521
1522
1523
1524
1525
1526
1527
1528
1529
1530
1531
1532
1533
1534
1535
1536
1537
1538
1539
1540
1541
1542
1543
1544
1545
1546
1547
1548
1549
1550
1551
1552
1553
1554
1555
1556
1557
1558
1559
1560
1561
1562
1563
1564
1565
1566
1567
1568
1569
1570
1571
1572
1573
1574
1575
1576
1577
1578
1579
1580
1581
1582
1583
1584
1585
1586
1587
1588
1589
1590
1591
1592
1593
1594
1595
1596
1597
1598
1599
1600
1601
1602
1603
1604
1605
1606
1607
1608
1609
1610
1611
1612
1613
1614
1615
1616
1617
1618
1619
1620
1621
1622
1623
1624
1625
1626
1627
1628
1629
1630
1631
1632
1633
1634
1635
1636
1637
1638
1639
1640
1641
1642
1643
1644
1645
1646
1647
1648
1649
1650
1651
1652
1653
1654
1655
1656
1657
1658
1659
1660
1661
1662
1663
1664
1665
1666
1667
1668
1669
1670
1671
1672
1673
1674
1675
1676
1677
1678
1679
1680
1681
1682
1683
1684
1685
1686
1687
1688
1689
1690
1691
1692
1693
1694
1695
1696
1697
1698
1699
1700
1701
1702
1703
1704
1705
1706
1707
1708
1709
1710
1711
1712
1713
1714
1715
1716
1717
1718
1719
1720
1721
1722
1723
1724
1725
1726
1727
1728
1729
1730
1731
1732
1733
1734
1735
1736
1737
1738
1739
1740
1741
1742
1743
1744
1745
1746
1747
1748
1749
1750
1751
1752
1753
1754
1755
1756
1757
1758
1759
1760
1761
1762
1763
1764
1765
1766
1767
1768
1769
1770
1771
1772
1773
1774
1775
1776
1777
1778
1779
1780
1781
1782
1783
1784
1785
1786
1787
1788
1789
1790
1791
1792
1793
1794
1795
1796
1797
1798
1799
1800
1801
1802
1803
1804
1805
1806
1807
1808
1809
1810
1811
1812
1813
1814
1815
1816
1817
1818
1819
1820
1821
1822
1823
1824
1825
1826
1827
1828
1829
1830
1831
1832
1833
1834
1835
1836
1837
1838
1839
1840
1841
1842
1843
1844
1845
1846
1847
1848
1849
1850
1851
1852
1853
1854
1855
1856
1857
1858
1859
1860
1861
1862
1863
1864
1865
1866
1867
1868
1869
1870
1871
1872
1873
1874
1875
1876
1877
1878
1879
1880
1881
1882
1883
1884
1885
1886
1887
1888
1889
1890
1891
1892
1893
1894
1895
1896
1897
1898
1899
1900
1901
1902
1903
1904
1905
1906
1907
1908
1909
1910
1911
1912
1913
1914
1915
1916
1917
1918
1919
1920
1921
1922
1923
1924
1925
1926
1927
1928
1929
1930
1931
1932
1933
1934
1935
1936
1937
1938
1939
1940
1941
1942
1943
1944
1945
1946
1947
1948
1949
1950
1951
1952
1953
1954
1955
1956
1957
1958
1959
1960
1961
1962
1963
1964
1965
1966
1967
1968
1969
1970
1971
1972
1973
1974
1975
1976
1977
1978
1979
1980
1981
1982
1983
1984
1985
1986
1987
1988
1989
1990
1991
1992
1993
1994
1995
1996
1997
1998
1999
2000
2001
2002
2003
2004
2005
2006
2007
2008
2009
2010
2011
2012
2013
2014
2015
2016
2017
2018
2019
2020
2021
2022
2023
2024
2025
2026
2027
2028
2029
2030
2031
2032
2033
2034
2035
2036
2037
2038
2039
2040
2041
2042
2043
2044
2045
2046
2047
2048
2049
2050
2051
2052
2053
2054
2055
2056
2057
2058
2059
2060
2061
2062
2063
2064
2065
2066
2067
2068
2069
2070
2071
2072
2073
2074
2075
2076
2077
2078
2079
2080
2081
2082
2083
2084
2085
2086
2087
2088
2089
2090
2091
2092
2093
2094
2095
2096
2097
2098
2099
2100
2101
2102
2103
2104
2105
2106
2107
2108
2109
2110
2111
2112
2113
2114
2115
2116
2117
2118
2119
2120
2121
2122
2123
2124
2125
2126
2127
2128
2129
2130
2131
2132
2133
2134
2135
2136
2137
2138
2139
2140
2141
2142
2143
2144
2145
2146
2147
2148
2149
2150
2151
2152
2153
2154
2155
2156
2157
2158
2159
2160
2161
2162
2163
2164
2165
2166
2167
2168
2169
2170
2171
2172
2173
2174
2175
2176
2177
2178
2179
2180
2181
2182
2183
2184
2185
2186
2187
2188
2189
2190
2191
2192
2193
2194
2195
2196
2197
2198
2199
2200
2201
2202
2203
2204
2205
2206
2207
2208
2209
2210
2211
2212
2213
2214
2215
2216
2217
2218
2219
2220
2221
2222
2223
2224
2225
2226
2227
2228
2229
2230
2231
2232
2233
2234
2235
2236
2237
2238
2239
2240
2241
2242
2243
2244
2245
2246
2247
2248
2249
2250
2251
2252
2253
2254
2255
2256
2257
2258
2259
2260
2261
2262
2263
2264
2265
2266
2267
2268
2269
2270
2271
2272
2273
2274
2275
2276
2277
2278
2279
2280
2281
2282
2283
2284
2285
2286
2287
2288
2289
2290
2291
2292
2293
2294
2295
2296
2297
2298
2299
2300
2301
2302
2303
2304
2305
2306
2307
2308
2309
2310
2311
2312
2313
2314
2315
2316
2317
2318
2319
2320
2321
2322
2323
2324
2325
2326
2327
2328
2329
2330
2331
2332
2333
2334
2335
2336
2337
2338
2339
2340
2341
2342
2343
2344
2345
2346
2347
2348
2349
2350
2351
2352
2353
2354
2355
2356
2357
2358
2359
2360
2361
2362
2363
2364
2365
2366
2367
2368
2369
2370
2371
2372
2373
2374
2375
2376
2377
2378
2379
2380
2381
2382
2383
2384
2385
2386
2387
2388
2389
2390
2391
2392
2393
2394
2395
2396
2397
2398
2399
2400
2401
2402
2403
2404
2405
2406
2407
2408
2409
2410
2411
2412
2413
2414
2415
2416
2417
2418
2419
2420
2421
2422
2423
2424
2425
2426
2427
2428
2429
2430
2431
2432
2433
2434
2435
2436
2437
2438
2439
2440
2441
2442
2443
2444
2445
2446
2447
2448
2449
2450
2451
2452
2453
2454
2455
2456
2457
2458
2459
2460
2461
2462
2463
2464
2465
2466
2467
2468
2469
2470
2471
2472
2473
2474
2475
2476
2477
2478
2479
2480
2481
2482
2483
2484
2485
2486
2487
2488
2489
2490
2491
2492
2493
2494
2495
2496
2497
2498
2499
2500
2501
2502
2503
2504
2505
2506
2507
2508
2509
2510
2511
2512
2513
2514
2515
2516
2517
2518
2519
2520
2521
2522
2523
2524
2525
2526
2527
2528
2529
2530
2531
2532
2533
2534
2535
2536
2537
2538
2539
2540
2541
2542
2543
2544
2545
2546
2547
2548
2549
2550
2551
2552
2553
2554
2555
2556
2557
2558
2559
2560
2561
2562
2563
2564
2565
2566
2567
2568
2569
2570
2571
2572
2573
2574
2575
2576
2577
2578
2579
2580
2581
2582
2583
2584
2585
2586
2587
2588
2589
2590
2591
2592
2593
2594
2595
2596
2597
2598
2599
2600
2601
2602
2603
2604
2605
2606
2607
2608
2609
2610
2611
2612
2613
2614
2615
2616
2617
2618
2619
2620
2621
2622
2623
2624
2625
2626
2627
2628
2629
2630
2631
2632
2633
2634
2635
2636
2637
2638
2639
2640
2641
2642
2643
2644
2645
2646
2647
2648
2649
2650
2651
2652
2653
2654
2655
2656
2657
2658
2659
2660
2661
2662
2663
2664
2665
2666
2667
2668
2669
2670
2671
2672
2673
2674
2675
2676
2677
2678
2679
2680
2681
2682
2683
2684
2685
2686
2687
2688
2689
2690
2691
2692
2693
2694
2695
2696
2697
2698
2699
2700
2701
2702
2703
2704
2705
2706
2707
2708
2709
2710
2711
2712
2713
2714
2715
2716
2717
2718
2719
2720
2721
2722
2723
2724
2725
2726
2727
2728
2729
2730
2731
2732
2733
2734
2735
2736
2737
2738
2739
2740
2741
2742
2743
2744
2745
2746
2747
2748
2749
2750
2751
2752
2753
2754
2755
2756
2757
2758
2759
2760
2761
2762
2763
2764
2765
2766
2767
2768
2769
2770
2771
2772
2773
2774
2775
2776
2777
2778
2779
2780
2781
2782
2783
2784
2785
2786
2787
2788
2789
2790
2791
2792
2793
2794
2795
2796
2797
2798
2799
2800
2801
2802
2803
2804
2805
2806
2807
2808
2809
2810
2811
2812
2813
2814
2815
2816
2817
2818
2819
2820
2821
2822
2823
2824
2825
2826
2827
2828
2829
2830
2831
2832
2833
2834
2835
2836
2837
2838
2839
2840
2841
2842
2843
2844
2845
2846
2847
2848
2849
2850
2851
2852
2853
2854
2855
2856
2857
2858
2859
2860
2861
2862
2863
2864
2865
2866
2867
2868
2869
2870
2871
2872
2873
2874
2875
2876
2877
2878
2879
2880
2881
2882
2883
2884
2885
2886
2887
2888
2889
2890
2891
2892
2893
2894
2895
2896
2897
2898
2899
2900
2901
2902
2903
2904
2905
2906
2907
2908
2909
2910
2911
2912
2913
2914
2915
2916
2917
2918
2919
2920
2921
2922
2923
2924
2925
2926
2927
2928
2929
2930
2931
2932
2933
2934
2935
2936
2937
2938
2939
2940
2941
2942
2943
2944
2945
2946
2947
2948
2949
2950
2951
2952
2953
2954
2955
2956
2957
2958
2959
2960
2961
2962
2963
2964
2965
2966
2967
2968
2969
2970
2971
2972
2973
2974
2975
2976
2977
2978
2979
2980
2981
2982
2983
2984
2985
2986
2987
2988
2989
2990
2991
2992
2993
2994
2995
2996
2997
2998
2999
3000
3001
3002
3003
3004
3005
3006
3007
3008
3009
3010
3011
3012
3013
3014
3015
3016
3017
3018
3019
3020
3021
3022
3023
3024
3025
3026
3027
3028
3029
3030
3031
3032
3033
3034
3035
3036
3037
3038
3039
3040
3041
3042
3043
3044
3045
3046
3047
3048
3049
3050
3051
3052
3053
3054
3055
3056
3057
3058
3059
3060
3061
3062
3063
3064
3065
3066
3067
3068
3069
3070
3071
3072
3073
3074
3075
3076
3077
3078
3079
3080
3081
3082
3083
3084
3085
3086
3087
3088
3089
3090
3091
3092
3093
3094
3095
3096
3097
3098
3099
3100
3101
3102
3103
3104
3105
3106
3107
3108
3109
3110
3111
3112
3113
3114
3115
3116
3117
3118
3119
3120
3121
3122
3123
3124
3125
3126
3127
3128
3129
3130
3131
3132
3133
3134
3135
3136
3137
3138
3139
3140
3141
3142
3143
3144
3145
3146
3147
3148
3149
3150
3151
3152
3153
3154
3155
3156
3157
3158
3159
3160
3161
3162
3163
3164
3165
3166
3167
3168
3169
3170
3171
3172
3173
3174
3175
3176
3177
3178
3179
3180
3181
3182
3183
3184
3185
3186
3187
3188
3189
3190
3191
3192
3193
3194
3195
3196
3197
3198
3199
3200
3201
3202
3203
3204
3205
3206
3207
3208
3209
3210
3211
3212
3213
3214
3215
3216
3217
3218
3219
3220
3221
3222
3223
3224
3225
3226
3227
3228
3229
3230
3231
3232
3233
3234
3235
3236
3237
3238
3239
3240
3241
3242
3243
3244
3245
3246
3247
3248
3249
3250
3251
3252
3253
3254
3255
3256
3257
3258
3259
3260
3261
3262
3263
3264
3265
3266
3267
3268
3269
3270
3271
3272
3273
3274
3275
3276
3277
3278
3279
3280
3281
3282
3283
3284
3285
3286
3287
3288
3289
3290
3291
3292
3293
3294
3295
3296
3297
3298
3299
3300
3301
3302
3303
3304
3305
3306
3307
3308
3309
3310
3311
3312
3313
3314
3315
3316
3317
3318
3319
3320
3321
3322
3323
3324
3325
3326
3327
3328
3329
3330
3331
3332
3333
3334
3335
3336
3337
3338
3339
3340
3341
3342
3343
3344
3345
3346
3347
3348
3349
3350
3351
3352
3353
3354
3355
3356
3357
3358
3359
3360
3361
3362
3363
3364
3365
3366
3367
3368
3369
3370
3371
3372
3373
3374
3375
3376
3377
3378
3379
3380
3381
3382
3383
3384
3385
3386
3387
3388
3389
3390
3391
3392
3393
3394
3395
3396
3397
3398
3399
3400
3401
3402
3403
3404
3405
3406
3407
3408
3409
3410
3411
3412
3413
3414
3415
3416
3417
3418
3419
3420
3421
3422
3423
3424
3425
3426
3427
3428
3429
3430
3431
3432
3433
3434
3435
3436
3437
3438
3439
3440
3441
3442
3443
3444
3445
3446
3447
3448
3449
3450
3451
3452
3453
3454
3455
3456
3457
3458
3459
3460
3461
3462
3463
3464
3465
3466
3467
3468
3469
3470
3471
3472
3473
3474
3475
3476
3477
3478
3479
3480
3481
3482
3483
3484
3485
3486
3487
3488
3489
3490
3491
3492
3493
3494
3495
3496
3497
3498
3499
3500
3501
3502
3503
3504
3505
3506
3507
3508
3509
3510
3511
3512
3513
3514
3515
3516
3517
3518
3519
3520
3521
3522
3523
3524
3525
3526
3527
3528
3529
3530
3531
3532
3533
3534
3535
3536
3537
3538
3539
3540
3541
3542
3543
3544
3545
3546
3547
3548
3549
3550
3551
3552
3553
3554
3555
3556
3557
3558
3559
3560
3561
3562
3563
3564
3565
3566
3567
3568
3569
3570
3571
3572
3573
3574
3575
3576
3577
3578
3579
3580
3581
3582
3583
3584
3585
3586
3587
3588
3589
3590
3591
3592
3593
3594
3595
3596
3597
3598
3599
3600
3601
3602
3603
3604
3605
3606
3607
3608
3609
3610
3611
3612
3613
3614
3615
3616
3617
3618
3619
3620
3621
3622
3623
3624
3625
3626
3627
3628
3629
3630
3631
3632
3633
3634
3635
3636
3637
3638
3639
3640
3641
3642
3643
3644
3645
3646
3647
3648
3649
3650
3651
3652
3653
3654
3655
3656
3657
3658
3659
3660
3661
3662
3663
3664
3665
3666
3667
3668
3669
3670
3671
3672
3673
3674
3675
3676
3677
3678
3679
3680
3681
3682
3683
3684
3685
3686
3687
3688
3689
3690
3691
3692
3693
3694
3695
3696
3697
3698
3699
3700
3701
3702
3703
3704
3705
3706
3707
3708
3709
3710
3711
3712
3713
3714
3715
3716
3717
3718
3719
3720
3721
3722
3723
3724
3725
3726
3727
3728
3729
3730
3731
3732
3733
3734
3735
3736
3737
3738
3739
3740
3741
3742
3743
3744
3745
3746
3747
3748
3749
3750
3751
3752
3753
3754
3755
3756
3757
3758
3759
3760
3761
3762
3763
3764
3765
3766
3767
3768
3769
3770
3771
3772
3773
3774
3775
3776
3777
3778
3779
3780
3781
3782
3783
3784
3785
3786
3787
3788
3789
3790
3791
3792
3793
3794
3795
3796
3797
3798
3799
3800
3801
3802
3803
3804
3805
3806
3807
3808
3809
3810
3811
3812
3813
3814
3815
3816
3817
3818
3819
3820
3821
3822
3823
3824
3825
3826
3827
3828
3829
3830
3831
3832
3833
3834
3835
3836
3837
3838
3839
3840
3841
3842
3843
3844
3845
3846
3847
3848
3849
3850
3851
3852
3853
3854
3855
3856
3857
3858
3859
3860
3861
3862
3863
3864
3865
3866
3867
3868
3869
3870
3871
3872
3873
3874
3875
3876
3877
3878
3879
3880
3881
3882
3883
3884
3885
3886
3887
3888
3889
3890
3891
3892
3893
3894
3895
3896
3897
3898
3899
3900
3901
3902
3903
3904
3905
3906
3907
3908
3909
3910
3911
3912
3913
3914
3915
3916
3917
3918
3919
3920
3921
3922
3923
3924
3925
3926
3927
3928
3929
3930
3931
3932
3933
3934
3935
3936
3937
3938
3939
3940
3941
3942
3943
3944
3945
3946
3947
3948
3949
3950
3951
3952
3953
3954
3955
3956
3957
3958
3959
3960
3961
3962
3963
3964
3965
3966
3967
3968
3969
3970
3971
3972
3973
3974
3975
3976
3977
3978
3979
3980
3981
3982
3983
3984
3985
3986
3987
3988
3989
3990
3991
3992
3993
3994
3995
3996
3997
3998
3999
4000
4001
4002
4003
4004
4005
4006
4007
4008
4009
4010
4011
4012
4013
4014
4015
4016
4017
4018
4019
4020
4021
4022
4023
4024
4025
4026
4027
4028
4029
4030
4031
4032
4033
4034
4035
4036
4037
4038
4039
4040
4041
4042
4043
4044
4045
4046
4047
4048
4049
4050
4051
4052
4053
4054
4055
4056
4057
4058
4059
4060
4061
4062
4063
4064
4065
4066
4067
4068
4069
4070
4071
4072
4073
4074
4075
4076
4077
4078
4079
4080
4081
4082
4083
4084
4085
4086
4087
4088
4089
4090
4091
4092
4093
4094
4095
4096
4097
4098
4099
4100
4101
4102
4103
4104
4105
4106
4107
4108
4109
4110
4111
4112
4113
4114
4115
4116
4117
4118
4119
4120
4121
4122
4123
4124
4125
4126
4127
4128
4129
4130
4131
4132
4133
4134
4135
4136
4137
4138
4139
4140
4141
4142
4143
4144
4145
4146
4147
4148
4149
4150
4151
4152
4153
4154
4155
4156
4157
4158
4159
4160
4161
4162
4163
4164
4165
4166
4167
4168
4169
4170
4171
4172
4173
4174
4175
4176
4177
4178
4179
4180
4181
4182
4183
4184
4185
4186
4187
4188
4189
4190
4191
4192
4193
4194
4195
4196
4197
4198
4199
4200
4201
4202
4203
4204
4205
4206
4207
4208
4209
4210
4211
4212
4213
4214
4215
4216
4217
4218
4219
4220
4221
4222
4223
4224
4225
4226
4227
4228
4229
4230
4231
4232
4233
4234
4235
4236
4237
4238
4239
4240
4241
4242
4243
4244
4245
4246
4247
4248
4249
4250
4251
4252
4253
4254
4255
4256
4257
4258
4259
4260
4261
4262
4263
4264
4265
4266
4267
4268
4269
4270
4271
4272
4273
4274
4275
4276
4277
4278
4279
4280
4281
4282
4283
4284
4285
4286
4287
4288
4289
4290
4291
4292
4293
4294
4295
4296
4297
4298
4299
4300
4301
4302
4303
4304
4305
4306
4307
4308
4309
4310
4311
4312
4313
4314
4315
4316
4317
4318
4319
4320
4321
4322
4323
4324
4325
4326
4327
4328
4329
4330
4331
4332
4333
4334
4335
4336
4337
4338
4339
4340
4341
4342
4343
4344
4345
4346
4347
4348
4349
4350
4351
4352
4353
4354
4355
4356
4357
4358
4359
4360
4361
4362
4363
4364
4365
4366
4367
4368
4369
4370
4371
4372
4373
4374
4375
4376
4377
4378
4379
4380
4381
4382
4383
4384
4385
4386
4387
4388
4389
4390
4391
4392
4393
4394
4395
4396
4397
4398
4399
4400
4401
4402
4403
4404
4405
4406
4407
4408
4409
4410
4411
4412
4413
4414
4415
4416
4417
4418
4419
4420
4421
4422
4423
4424
4425
4426
4427
4428
4429
4430
4431
4432
4433
4434
4435
4436
4437
4438
4439
4440
4441
4442
4443
4444
4445
4446
4447
4448
4449
4450
4451
4452
4453
4454
4455
4456
4457
4458
4459
4460
4461
4462
4463
4464
4465
4466
4467
4468
4469
4470
4471
4472
4473
4474
4475
4476
4477
4478
4479
4480
4481
4482
4483
4484
4485
4486
4487
4488
4489
4490
4491
4492
4493
4494
4495
4496
4497
4498
4499
4500
4501
4502
4503
4504
4505
4506
4507
4508
4509
4510
4511
4512
4513
4514
4515
4516
4517
4518
4519
4520
4521
4522
4523
4524
4525
4526
4527
4528
4529
4530
4531
4532
4533
4534
4535
4536
4537
4538
4539
4540
4541
4542
4543
4544
4545
4546
4547
4548
4549
4550
4551
4552
4553
4554
4555
4556
4557
4558
4559
4560
4561
4562
4563
4564
4565
4566
4567
4568
4569
4570
4571
4572
4573
4574
4575
4576
4577
4578
4579
4580
4581
4582
4583
4584
4585
4586
4587
4588
4589
4590
4591
4592
4593
4594
4595
4596
4597
4598
4599
4600
4601
4602
4603
4604
4605
4606
4607
4608
4609
4610
4611
4612
4613
4614
4615
4616
4617
4618
4619
4620
4621
4622
4623
4624
4625
4626
4627
4628
4629
4630
4631
4632
4633
4634
4635
4636
4637
4638
4639
4640
4641
4642
4643
4644
4645
4646
4647
4648
4649
4650
4651
4652
4653
4654
4655
4656
4657
4658
4659
4660
4661
4662
4663
4664
4665
4666
4667
4668
4669
4670
4671
4672
4673
4674
4675
4676
4677
4678
4679
4680
4681
4682
4683
4684
4685
4686
4687
4688
4689
4690
4691
4692
4693
4694
4695
4696
4697
4698
4699
4700
4701
4702
4703
4704
4705
4706
4707
4708
4709
4710
4711
4712
4713
4714
4715
4716
4717
4718
4719
4720
4721
4722
4723
4724
4725
4726
4727
4728
4729
4730
4731
4732
4733
4734
4735
4736
4737
4738
4739
4740
4741
4742
4743
4744
4745
4746
4747
4748
4749
4750
4751
4752
4753
4754
4755
4756
4757
4758
4759
4760
4761
4762
4763
4764
4765
4766
4767
4768
4769
4770
4771
4772
4773
4774
4775
4776
4777
4778
4779
4780
4781
4782
4783
4784
4785
4786
4787
4788
4789
4790
4791
4792
4793
4794
4795
4796
4797
4798
4799
4800
4801
4802
4803
4804
4805
4806
4807
4808
4809
4810
4811
4812
4813
4814
4815
4816
4817
4818
4819
4820
4821
4822
4823
4824
4825
4826
4827
4828
4829
4830
4831
4832
4833
4834
4835
4836
4837
4838
4839
4840
4841
4842
4843
4844
4845
4846
4847
4848
4849
4850
4851
4852
4853
4854
4855
4856
4857
4858
4859
4860
4861
4862
4863
4864
4865
4866
4867
4868
4869
4870
4871
4872
4873
4874
4875
4876
4877
4878
4879
4880
4881
4882
4883
4884
4885
4886
4887
4888
4889
4890
4891
4892
4893
4894
4895
4896
4897
4898
4899
4900
4901
4902
4903
4904
4905
4906
4907
4908
4909
4910
4911
4912
4913
4914
4915
4916
4917
4918
4919
4920
4921
4922
4923
4924
4925
4926
4927
4928
4929
4930
4931
4932
4933
4934
4935
4936
4937
4938
4939
4940
4941
4942
4943
4944
4945
4946
4947
4948
4949
4950
4951
4952
4953
4954
4955
4956
4957
4958
4959
4960
4961
4962
4963
4964
4965
4966
4967
4968
4969
4970
4971
4972
4973
4974
4975
4976
4977
4978
4979
4980
4981
4982
4983
4984
4985
4986
4987
4988
4989
4990
4991
4992
4993
4994
4995
4996
4997
4998
4999
5000
5001
5002
5003
5004
5005
5006
5007
5008
5009
5010
5011
5012
5013
5014
5015
5016
5017
5018
5019
5020
5021
5022
5023
5024
5025
5026
5027
5028
5029
5030
5031
5032
5033
5034
5035
5036
5037
5038
5039
5040
5041
5042
5043
5044
5045
5046
5047
5048
5049
5050
5051
5052
5053
5054
5055
5056
5057
5058
5059
5060
5061
5062
5063
5064
5065
5066
5067
5068
5069
5070
5071
5072
5073
5074
5075
5076
5077
5078
5079
5080
5081
5082
5083
5084
5085
5086
5087
5088
5089
5090
5091
5092
5093
5094
5095
5096
5097
5098
5099
5100
5101
5102
5103
5104
5105
5106
5107
5108
5109
5110
5111
5112
5113
5114
5115
5116
5117
5118
5119
5120
5121
5122
5123
5124
5125
5126
5127
5128
5129
5130
5131
5132
5133
5134
5135
5136
5137
5138
5139
5140
5141
5142
5143
5144
5145
5146
5147
5148
5149
5150
5151
5152
5153
5154
5155
5156
5157
5158
5159
5160
5161
5162
5163
5164
5165
5166
5167
5168
5169
5170
5171
5172
5173
5174
5175
5176
5177
5178
5179
5180
5181
5182
5183
5184
5185
5186
5187
5188
5189
5190
5191
5192
5193
5194
5195
5196
5197
5198
5199
5200
5201
5202
5203
5204
5205
5206
5207
5208
5209
5210
5211
5212
5213
5214
5215
5216
5217
5218
5219
5220
5221
5222
5223
5224
5225
5226
5227
5228
5229
5230
5231
5232
5233
5234
5235
5236
5237
5238
5239
5240
5241
5242
5243
5244
5245
5246
5247
5248
5249
5250
5251
5252
5253
5254
5255
5256
5257
5258
5259
5260
5261
5262
5263
5264
5265
5266
5267
5268
5269
5270
5271
5272
5273
5274
5275
5276
5277
5278
5279
5280
5281
5282
5283
5284
5285
5286
5287
5288
5289
5290
5291
5292
5293
5294
5295
5296
5297
5298
5299
5300
5301
5302
5303
5304
5305
5306
5307
5308
5309
5310
5311
5312
5313
5314
5315
5316
5317
5318
5319
5320
5321
5322
5323
5324
5325
5326
5327
5328
5329
5330
5331
5332
5333
5334
5335
5336
5337
5338
5339
5340
5341
5342
5343
5344
5345
5346
5347
5348
5349
5350
5351
5352
5353
5354
5355
5356
5357
5358
5359
5360
5361
5362
5363
5364
5365
5366
5367
5368
5369
5370
5371
5372
5373
5374
5375
5376
5377
5378
5379
5380
5381
5382
5383
5384
5385
5386
5387
5388
5389
5390
5391
5392
5393
5394
5395
5396
5397
5398
5399
5400
5401
5402
5403
5404
5405
5406
5407
5408
5409
5410
5411
5412
5413
5414
5415
5416
5417
5418
5419
5420
5421
5422
5423
5424
5425
5426
5427
5428
5429
5430
5431
5432
5433
5434
5435
5436
5437
5438
5439
5440
5441
5442
5443
5444
5445
5446
5447
5448
5449
5450
5451
5452
5453
5454
5455
5456
5457
5458
5459
5460
5461
5462
5463
5464
5465
5466
5467
5468
5469
5470
5471
5472
5473
5474
5475
5476
5477
5478
5479
5480
5481
5482
5483
5484
5485
5486
5487
5488
5489
5490
5491
5492
5493
5494
5495
5496
5497
5498
5499
5500
5501
5502
5503
5504
5505
5506
5507
5508
5509
5510
5511
5512
5513
5514
5515
5516
5517
5518
5519
5520
5521
5522
5523
5524
5525
5526
5527
5528
5529
5530
5531
5532
5533
5534
5535
5536
5537
5538
5539
5540
5541
5542
5543
5544
5545
5546
5547
5548
5549
5550
5551
5552
5553
5554
5555
5556
5557
5558
5559
5560
5561
5562
5563
5564
5565
5566
5567
5568
5569
5570
5571
5572
5573
5574
5575
5576
5577
5578
5579
5580
5581
5582
5583
5584
5585
5586
5587
5588
5589
5590
5591
5592
5593
5594
5595
5596
5597
5598
5599
5600
5601
5602
5603
5604
5605
5606
5607
5608
5609
5610
5611
5612
5613
5614
5615
5616
5617
5618
5619
5620
5621
5622
5623
5624
5625
5626
5627
5628
5629
5630
5631
5632
5633
5634
5635
5636
5637
5638
5639
5640
5641
5642
5643
5644
5645
5646
5647
5648
5649
5650
5651
5652
5653
5654
5655
5656
5657
5658
5659
5660
5661
5662
5663
5664
5665
5666
5667
5668
5669
5670
5671
5672
5673
5674
5675
5676
5677
5678
5679
5680
5681
5682
5683
5684
5685
5686
5687
5688
5689
5690
5691
5692
5693
5694
5695
5696
5697
5698
5699
5700
5701
5702
5703
5704
5705
5706
5707
5708
5709
5710
5711
5712
5713
5714
5715
5716
5717
5718
5719
5720
5721
5722
5723
5724
5725
5726
5727
5728
5729
5730
5731
5732
5733
5734
5735
5736
5737
5738
5739
5740
5741
5742
5743
5744
5745
5746
5747
5748
5749
5750
5751
5752
5753
5754
5755
5756
5757
5758
5759
5760
5761
5762
5763
5764
5765
5766
5767
5768
5769
5770
5771
5772
5773
5774
5775
5776
5777
5778
5779
5780
5781
5782
5783
5784
5785
5786
5787
5788
5789
5790
5791
5792
5793
5794
5795
5796
5797
5798
5799
5800
5801
5802
5803
5804
5805
5806
5807
5808
5809
5810
5811
5812
5813
5814
5815
5816
5817
5818
5819
5820
5821
5822
5823
5824
5825
5826
5827
5828
5829
5830
5831
5832
5833
5834
5835
5836
5837
5838
5839
5840
5841
5842
5843
5844
5845
5846
5847
5848
5849
5850
5851
5852
5853
5854
5855
5856
5857
5858
5859
5860
5861
5862
5863
5864
5865
5866
5867
5868
5869
5870
5871
5872
5873
5874
5875
5876
5877
5878
5879
5880
5881
5882
5883
5884
5885
5886
5887
5888
5889
5890
5891
5892
5893
5894
5895
5896
5897
5898
5899
5900
5901
5902
5903
5904
5905
5906
5907
5908
5909
5910
5911
5912
5913
5914
5915
5916
5917
5918
5919
5920
5921
5922
5923
5924
5925
5926
5927
5928
5929
5930
5931
5932
5933
5934
5935
5936
5937
5938
5939
5940
5941
5942
5943
5944
5945
5946
5947
5948
5949
5950
5951
5952
5953
5954
5955
5956
5957
5958
5959
5960
5961
5962
5963
5964
5965
5966
5967
5968
5969
5970
5971
5972
5973
5974
5975
5976
5977
5978
5979
5980
5981
5982
5983
5984
5985
5986
5987
5988
5989
5990
5991
5992
5993
5994
5995
5996
5997
5998
5999
6000
6001
6002
6003
6004
6005
6006
6007
6008
6009
6010
6011
6012
6013
6014
6015
6016
6017
6018
6019
6020
6021
6022
6023
6024
6025
6026
6027
6028
6029
6030
6031
6032
6033
6034
6035
6036
6037
6038
6039
6040
6041
6042
6043
6044
6045
6046
6047
6048
6049
6050
6051
6052
6053
6054
6055
6056
6057
6058
6059
6060
6061
6062
6063
6064
6065
6066
6067
6068
6069
6070
6071
6072
6073
6074
6075
6076
6077
6078
6079
6080
6081
6082
6083
6084
6085
6086
6087
6088
6089
6090
6091
6092
6093
6094
6095
6096
6097
6098
6099
6100
6101
6102
6103
6104
6105
6106
6107
6108
6109
6110
6111
6112
6113
6114
6115
6116
6117
6118
6119
6120
6121
6122
6123
6124
6125
6126
6127
6128
6129
6130
6131
6132
6133
6134
6135
6136
6137
6138
6139
6140
6141
6142
6143
6144
6145
6146
6147
6148
6149
6150
6151
6152
6153
6154
6155
6156
6157
6158
6159
6160
6161
6162
6163
6164
6165
6166
6167
6168
6169
6170
6171
6172
6173
6174
6175
6176
6177
6178
6179
6180
6181
6182
6183
6184
6185
6186
6187
6188
6189
6190
6191
6192
6193
6194
6195
6196
6197
6198
6199
6200
6201
6202
6203
6204
6205
6206
6207
6208
6209
6210
6211
6212
6213
6214
6215
6216
6217
6218
6219
6220
6221
6222
6223
6224
6225
6226
6227
6228
6229
6230
6231
6232
6233
6234
6235
6236
6237
6238
6239
6240
6241
6242
6243
6244
6245
6246
6247
6248
6249
6250
6251
6252
6253
6254
6255
6256
6257
6258
6259
6260
6261
6262
6263
6264
6265
6266
6267
6268
6269
6270
6271
6272
6273
6274
6275
6276
6277
6278
6279
6280
6281
6282
6283
6284
6285
6286
6287
6288
6289
6290
6291
6292
6293
6294
6295
6296
6297
6298
6299
6300
6301
6302
6303
6304
6305
6306
6307
6308
6309
6310
6311
6312
6313
6314
6315
6316
6317
6318
6319
6320
6321
6322
6323
6324
6325
6326
6327
6328
6329
6330
6331
6332
6333
6334
6335
6336
6337
6338
6339
6340
6341
6342
6343
6344
6345
6346
6347
6348
6349
6350
6351
6352
6353
6354
6355
6356
6357
6358
6359
6360
6361
6362
6363
6364
6365
6366
6367
6368
6369
6370
6371
6372
6373
6374
6375
6376
6377
6378
6379
6380
6381
6382
6383
6384
6385
6386
6387
6388
6389
6390
6391
6392
6393
6394
6395
6396
6397
6398
6399
6400
6401
6402
6403
6404
6405
6406
6407
6408
6409
6410
6411
6412
6413
6414
6415
6416
6417
6418
6419
6420
6421
6422
6423
6424
6425
6426
6427
6428
6429
6430
6431
6432
6433
6434
6435
6436
6437
6438
6439
6440
6441
6442
6443
6444
6445
6446
6447
6448
6449
6450
6451
6452
6453
6454
6455
6456
6457
6458
6459
6460
6461
6462
6463
6464
6465
6466
6467
6468
6469
6470
6471
6472
6473
6474
6475
6476
6477
6478
6479
6480
6481
6482
6483
6484
6485
6486
6487
6488
6489
6490
6491
6492
6493
6494
6495
6496
6497
6498
6499
6500
6501
6502
6503
6504
6505
6506
6507
6508
6509
6510
6511
6512
6513
6514
6515
6516
6517
6518
6519
6520
6521
6522
6523
6524
6525
6526
6527
6528
6529
6530
6531
6532
6533
6534
6535
6536
6537
6538
6539
6540
6541
6542
6543
6544
6545
6546
6547
6548
6549
6550
6551
6552
6553
6554
6555
6556
6557
6558
6559
6560
6561
6562
6563
6564
6565
6566
6567
6568
6569
6570
6571
6572
6573
6574
6575
6576
6577
6578
6579
6580
6581
6582
6583
6584
6585
6586
6587
6588
6589
6590
6591
6592
6593
6594
6595
6596
6597
6598
6599
6600
6601
6602
6603
6604
6605
6606
6607
6608
6609
6610
6611
6612
6613
6614
6615
6616
6617
6618
6619
6620
6621
6622
6623
6624
6625
6626
6627
6628
6629
6630
6631
6632
6633
6634
6635
6636
6637
6638
6639
6640
6641
6642
6643
6644
6645
6646
6647
6648
6649
6650
6651
6652
6653
6654
6655
6656
6657
6658
6659
6660
6661
6662
6663
6664
6665
6666
6667
6668
6669
6670
6671
6672
6673
6674
6675
6676
6677
6678
6679
6680
6681
6682
6683
6684
6685
6686
6687
6688
6689
6690
6691
6692
6693
6694
6695
6696
6697
6698
6699
6700
6701
6702
6703
6704
6705
6706
6707
6708
6709
6710
6711
6712
6713
6714
6715
6716
6717
6718
6719
6720
6721
6722
6723
6724
6725
6726
6727
6728
6729
6730
6731
6732
6733
6734
6735
6736
6737
6738
6739
6740
6741
6742
6743
6744
6745
6746
6747
6748
6749
6750
6751
6752
6753
6754
6755
6756
6757
6758
6759
6760
6761
6762
6763
6764
6765
6766
6767
6768
6769
6770
6771
6772
6773
6774
6775
6776
6777
6778
6779
6780
6781
6782
6783
6784
6785
6786
6787
6788
6789
6790
6791
6792
6793
6794
6795
6796
6797
6798
6799
6800
6801
6802
6803
6804
6805
6806
6807
6808
6809
6810
6811
6812
6813
6814
6815
6816
6817
6818
6819
6820
6821
6822
6823
6824
6825
6826
6827
6828
6829
6830
6831
6832
6833
6834
6835
6836
6837
6838
6839
6840
6841
6842
6843
6844
6845
6846
6847
6848
6849
6850
6851
6852
6853
6854
6855
6856
6857
6858
6859
6860
6861
6862
6863
6864
6865
6866
6867
6868
6869
6870
6871
6872
6873
6874
6875
6876
6877
6878
6879
6880
6881
6882
6883
6884
6885
6886
6887
6888
6889
6890
6891
6892
6893
6894
6895
6896
6897
6898
6899
6900
6901
6902
6903
6904
6905
6906
6907
6908
6909
6910
6911
6912
6913
6914
6915
6916
6917
6918
6919
6920
6921
6922
6923
6924
6925
6926
6927
6928
6929
6930
6931
6932
6933
6934
6935
6936
6937
6938
6939
6940
6941
6942
6943
6944
6945
6946
6947
6948
6949
6950
6951
6952
6953
6954
6955
6956
6957
6958
6959
6960
6961
6962
6963
6964
6965
6966
6967
6968
6969
6970
6971
6972
6973
6974
6975
6976
6977
6978
6979
6980
6981
6982
6983
6984
6985
6986
6987
6988
6989
6990
6991
6992
6993
6994
6995
6996
6997
6998
6999
7000
7001
7002
7003
7004
7005
7006
7007
7008
7009
7010
7011
7012
7013
7014
7015
7016
7017
7018
7019
7020
7021
7022
7023
7024
7025
7026
7027
7028
7029
7030
7031
7032
7033
7034
7035
7036
7037
7038
7039
7040
7041
7042
7043
7044
7045
7046
7047
7048
7049
7050
7051
7052
7053
7054
7055
7056
7057
7058
7059
7060
7061
7062
7063
7064
7065
7066
7067
7068
7069
7070
7071
7072
7073
7074
7075
7076
7077
7078
7079
7080
7081
7082
7083
7084
7085
7086
7087
7088
7089
7090
7091
7092
7093
7094
7095
7096
7097
7098
7099
7100
7101
7102
7103
7104
7105
7106
7107
7108
7109
7110
7111
7112
7113
7114
7115
7116
7117
7118
7119
7120
7121
7122
7123
7124
7125
7126
7127
7128
7129
7130
7131
7132
7133
7134
7135
7136
7137
7138
7139
7140
7141
7142
7143
7144
7145
7146
7147
7148
7149
7150
7151
7152
7153
7154
7155
7156
7157
7158
7159
7160
7161
7162
7163
7164
7165
7166
7167
7168
7169
7170
7171
7172
7173
7174
7175
7176
7177
7178
7179
7180
7181
7182
7183
7184
7185
7186
7187
7188
7189
7190
7191
7192
7193
7194
7195
7196
7197
7198
7199
7200
7201
7202
7203
7204
7205
7206
7207
7208
7209
7210
7211
7212
7213
7214
7215
7216
7217
7218
7219
7220
7221
7222
7223
7224
7225
7226
7227
7228
7229
7230
7231
7232
7233
7234
7235
7236
7237
7238
7239
7240
7241
7242
7243
7244
7245
7246
7247
7248
7249
7250
7251
7252
7253
7254
7255
7256
7257
7258
7259
7260
7261
7262
7263
7264
7265
7266
7267
7268
7269
7270
7271
7272
7273
7274
7275
7276
7277
7278
7279
7280
7281
7282
7283
7284
7285
7286
7287
7288
7289
7290
7291
7292
7293
7294
7295
7296
7297
7298
7299
7300
7301
7302
7303
7304
7305
7306
7307
7308
7309
7310
7311
7312
7313
7314
7315
7316
7317
7318
7319
7320
7321
7322
7323
7324
7325
7326
7327
7328
7329
7330
7331
7332
7333
7334
7335
7336
7337
7338
7339
7340
7341
7342
7343
7344
7345
7346
7347
7348
7349
7350
7351
7352
7353
7354
7355
7356
7357
7358
7359
7360
7361
7362
7363
7364
7365
7366
7367
7368
7369
7370
7371
7372
7373
7374
7375
7376
7377
7378
7379
7380
7381
7382
7383
7384
7385
7386
7387
7388
7389
7390
7391
7392
7393
7394
7395
7396
7397
7398
7399
7400
7401
7402
7403
7404
7405
7406
7407
7408
7409
7410
7411
7412
7413
7414
7415
7416
7417
7418
7419
7420
7421
7422
7423
7424
7425
7426
7427
7428
7429
7430
7431
7432
7433
7434
7435
7436
7437
7438
7439
7440
7441
7442
7443
7444
7445
7446
7447
7448
7449
7450
7451
7452
7453
7454
7455
7456
7457
7458
7459
7460
7461
7462
7463
7464
7465
7466
7467
7468
7469
7470
7471
7472
7473
7474
7475
7476
7477
7478
7479
7480
7481
7482
7483
7484
7485
7486
7487
7488
7489
7490
7491
7492
7493
7494
7495
7496
7497
7498
7499
7500
7501
7502
7503
7504
7505
7506
7507
7508
7509
7510
7511
7512
7513
7514
7515
7516
7517
7518
7519
7520
7521
7522
7523
7524
7525
7526
7527
7528
7529
7530
7531
7532
7533
7534
7535
7536
7537
7538
7539
7540
7541
7542
7543
7544
7545
7546
7547
7548
7549
7550
7551
7552
7553
7554
7555
7556
7557
7558
7559
7560
7561
7562
7563
7564
7565
7566
7567
7568
7569
7570
7571
7572
7573
7574
7575
7576
7577
7578
7579
7580
7581
7582
7583
7584
7585
7586
7587
7588
7589
7590
7591
7592
7593
7594
7595
7596
7597
7598
7599
7600
7601
7602
7603
7604
7605
7606
7607
7608
7609
7610
7611
7612
7613
7614
7615
7616
7617
7618
7619
7620
7621
7622
7623
7624
7625
7626
7627
7628
7629
7630
7631
7632
7633
7634
7635
7636
7637
7638
7639
7640
7641
7642
7643
7644
7645
7646
7647
7648
7649
7650
7651
7652
7653
7654
7655
7656
7657
7658
7659
7660
7661
7662
7663
7664
7665
7666
7667
7668
7669
7670
7671
7672
7673
7674
7675
7676
7677
7678
7679
7680
7681
7682
7683
7684
7685
7686
7687
7688
7689
7690
7691
7692
7693
7694
7695
7696
7697
7698
7699
7700
7701
7702
7703
7704
7705
7706
7707
7708
7709
7710
7711
7712
7713
7714
7715
7716
7717
7718
7719
7720
7721
7722
7723
7724
7725
7726
7727
7728
7729
7730
7731
7732
7733
2.187390345559407 0.07935837048076344 0
2.767787384927775 0.09083399023915373 0
1.697662629414836 0.08621818652768587 0
1.212605192293817 0.09152487893342309 0
0.08978596978135389 1.000141629892728 0
3.280872787880903 0.2458375023528903 0
0.819692411020192 0.07960337015267882 0
0.2113255500295965 1.447844482336439 0
0.06871376146526842 0.6138932328328646 0
2.472415821021011 0.07923057993840699 0
0.5304875851236872 0.07889378147722059 0
2.520133394440585 4.060015860109477 0
0.3029729686643332 2.207166120310221 0
4.120906435544656 0.3456283573200163 0
0.08996271478465623 0.3383185801059372 0
5.545555089501395 0.7159128754294763 0
1.506623510296631 0.08063915854072068 0
0.3464734741097182 0.08800665256072904 0
1.034735237332009 0.07597510880410852 0
1.897098446568317 0.09150859962799052 0
0.08377279283595396 0.8062265981349783 0
7.526025358369113 4.087711920309837 0
4.5 4.133974596215562 0
7.481176624429777 0.7860259888622392 0
9.217310976452289 2.502958632527018 0
0.1522672121179092 0.09095116913030443 0
0.7182723590249491 3.584141600002799 0
0.08178323456704106 1.103765539711901 0
0.1891385627072815 1.079757662961051 0
0.1793203407025157 0.9452624001223053 0
0.2769929814428416 0.9862518417883983 0
0.2628153336511101 0.8813852556999568 0
0.356598332726632 0.9168417662840933 0
0.340713958960432 0.8172649252145916 0
0.4343442478038799 0.8523764433664882 0
0.4182433119836801 0.7537159606107702 0
0.5114056645952694 0.7891241443919401 0
0.5267994911020528 0.8796270778881716 0
0.4955757047455513 0.6903846888445573 0
0.5868628531738924 0.7235233981907574 0
0.5726468210826265 0.6266916344423246 0
0.6642405570687115 0.6597135251780066 0
0.6499943926400586 0.5632364482213617 0
0.7435143287426502 0.5985967140198882 0
0.7640207031357802 0.6921436222097967 0
0.5568169327736463 0.5282627981932118 0
0.7277042046204043 0.5002697241328231 0
0.8212845140562113 0.5357113989540965 0
0.3825269777911906 1.015520883845431 0
0.4021328649310334 0.6549848962169715 0
0.8052237919473697 0.4370896585234587 0
0.8987723978178934 0.4724957764586319 0
0.9205117658875537 0.5713717925661861 0
0.7117035764324848 0.4017164269644473 0
0.8826646255054769 0.37381898465331 0
0.9762001057475773 0.4092100012064881 0
0.9619042738689485 0.30570564847556 0
1.055739556580718 0.3402895546442712 0
1.07008928340314 0.4436639527589845 0
1.147558489176695 0.3802016979980447 0
1.163299703497636 0.479898633903221 0
1.240750206899983 0.4164828003480392 0
1.256814642630905 0.5153241956936165 0
1.334221475317619 0.4520238759717641 0
1.350328396331198 0.5507528091822294 0
1.427739137945485 0.4874421224241461 0
1.443857897827169 0.5861397084534552 0
1.521267157574335 0.5228329449784059 0
1.53759134016462 0.6209875453676075 0
1.614830893510262 0.5581293531568026 0
1.631383548858544 0.6562318702690246 0
1.708410376556782 0.5934761069371024 0
1.179395856711873 0.578656177673496 0
1.461625003988465 0.6812641424108978 0
1.692206193152495 0.4949123537084548 0
1.785750319491233 0.5302759206158298 0
1.801873489991394 0.628964393387641 0
1.879271685061667 0.5656745277758084 0
1.895390051735427 0.6643703960488743 0
1.972798165415913 0.6010652612497633 0
1.988920611790344 0.6997578997826768 0
1.95667709789552 0.5023735504902997 0
2.05020667487934 0.5377595167111036 0
2.034085673322772 0.439067704328385 0
2.127615777211868 0.4744528588330281 0
2.143737008217888 0.5731438793923151 0
2.221146009024686 0.5098377432976657 0
2.237267261157701 0.608528718613528 0
2.314676248758334 0.545222662178968 0
2.330797104824311 0.6439146936130953 0
2.298555294501432 0.4465308769499146 0
2.392085549315604 0.4819157825240277 0
1.76961789037346 0.4316017015060973 0
1.676085723082476 0.3962197236185383 0
1.318100194491892 0.3533329679619275 0
2.375964679801638 0.3832237811920196 0
2.469494918669557 0.4186087274306685 0
2.485615774591244 0.5173007634243507 0
2.563025154968358 0.4539936802208242 0
2.583041410078939 0.5531071619831285 0
2.5469042987577 0.3553016449640518 0
2.641225547190753 0.3916538094194451 0
2.111494874660438 0.3757608944638289 0
2.017964628463849 0.3403759590330253 0
1.753495169944991 0.3329125358479432 0
1.659964620768895 0.2975280668689777 0
2.622893545696089 0.2962579604439632 0
2.723747116320966 0.3253551454429222 0
2.744337061967263 0.443642474967318 0
1.131024762678601 0.2826026693055139 0
2.09537396183104 0.2770689459616049 0
1.582555186408367 0.3608352353927291 0
2.188904209740638 0.3124538787479105 0
0.8671338480836823 0.2746739696268015 0
0.249552482197255 0.7828689990094326 0
2.852790227952911 0.3586720441584283 0
2.880458248939414 0.5099209650808365 0
1.566987041429944 0.2628191693167521 0
2.00184373161862 0.241683985941878 0
2.531375483712575 0.2583335160127191 0
2.61381911223796 0.1895368201611447 0
1.489117008131315 0.3255630394960622 0
1.847025419073298 0.3682974667511347 0
1.83090410243986 0.2696061399474594 0
1.473822620309521 0.2308770409992422 0
0.1252186335020244 1.234582366609598 0
0.4248723140173443 1.331609744000306 0
0.4604158923373172 1.525429949608182 0
0.6651028617419543 1.377295719548117 0
0.75013958370808 1.673048390963036 0
0.9744107970069269 1.457676689721121 0
1.077079326458724 1.807653595373873 0
1.349189755267877 1.529769952608259 0
1.91150927724659 0.7630654507236776 0
2.005041460808158 0.7984505392054233 0
1.927629399612879 0.8617582876888814 0
2.021069474063014 0.8973823890724733 0
1.434022969518953 1.849745413628801 0
1.731460366412748 1.660147888311059 0
1.860659139989598 2.048916068575507 0
2.180688463559756 1.748328738971306 0
1.834098999102083 0.8263734096709241 0
1.850219881964255 0.9250654342944915 0
1.756689616535526 0.8896804984577613 0
2.253434591478585 0.7071033933540329 0
2.346373147926021 0.744047703105176 0
2.359730591969788 2.335552098306849 0
2.713469580909242 1.94158736427815 0
1.77281047688402 0.9883725327177917 0
1.676920655562101 0.9524950476432945 0
1.866183051756704 1.023564694193071 0
1.691490791032022 1.056640847062835 0
1.595127663990206 1.015388689408158 0
2.974934912742554 2.575676249375108 0
3.366125577343241 1.941124164693728 0
0.8561570011019422 1.136483487606549 0
1.581857814049592 0.9131475894277741 0
1.494935105383095 0.9732919579993773 0
1.508982891086385 1.08216590329813 0
1.405051949974073 1.035051141203876 0
1.399075571642983 0.9263536810787518 0
1.30972129141534 0.9817940343789431 0
1.307606620346845 0.879928774074942 0
1.220646889462301 0.9299256213880818 0
1.218379979281244 1.030009157055862 0
1.220751571577624 0.8333305468235848 0
1.134022079531261 0.8796851327904194 0
1.133544676323415 0.7883402155036723 0
1.047540704612302 0.8304080370456424 0
1.047085704060413 0.929069116166835 0
0.9608014632686457 0.8786673494482415 0
0.9613546434787379 0.7786806347956323 0
2.570968784506476 1.32902309871535 0
2.424236475358369 0.6795399737053589 0
2.449965952183686 0.7810750807396829 0
2.364583556755035 0.8521851106426419 0
2.098810390245395 0.8338360868320671 0
2.11601668482229 0.9341403102902441 0
2.482519806927843 0.9123356354371415 0
2.368941425657721 0.9929255919021751 0
2.574327979009672 0.8100545388824543 0
1.822292184256002 2.725403782917279 0
0.8752039143029293 0.8292247386181715 0
2.036737317764591 0.9972706467243562 0
2.143563218908559 1.049899238350147 0
2.017147865913513 1.1365623047449 0
0.8740786827629936 0.9281657534032286 0
0.7884754107292071 0.8789159370382169 0
0.7872539113855996 0.9777148543293792 0
1.301817759761984 0.7876800393768224 0
0.7021270602743623 0.9311388100250375 0
0.7010197417330666 1.031898817131833 0
1.239638554627541 2.320418614796913 0
1.740736828842007 0.7909315141424371 0
3.792868105889226 2.778573052442933 0
4.306621582411882 2.112361145679111 0
2.190279568528859 1.200414734651908 0
2.635406972551464 0.940529562943093 0
2.768148717437271 0.820009536743002 0
2.809730478791652 1.097111460928147 0
3.057114412236372 0.8522378672349233 0
1.414497765809334 1.161052823478966 0
1.553608625882851 1.20421465002194 0
0.697405549510675 0.8444711071588429 0
0.9421481769226911 0.2033044015600911 0
2.079253105985284 0.1783769097742787 0
2.191589726102497 0.8678778954538202 0
2.040239068489963 1.281879087936093 0
3.237975843525157 1.290581211657072 0
3.827209329937912 1.407866458669703 0
1.650971242315717 0.1838987376097525 0
0.8725492555848895 0.7292139922015315 0
0.9419046881367059 0.6736422358436447 0
1.866207482672353 1.2254083143915 0
0.6137252596368814 0.9896042343134974 0
0.6142829316498082 1.087708952773168 0
4.726590997742689 1.37088013357119 0
5.294734634691725 2.198128012178539 0
0.5058304396229838 1.053076155078617 0
0.7094986971490069 1.157089928824796 0
3.055012333899705 0.3775330224000784 0
4.73864972302396 3.12932926825304 0
5.826767054639172 3.0766579233489 0
6.300407216187558 2.158546311861218 0
6.825581018349157 2.979962603204161 0
7.299437605412624 2.099386593895584 0
7.825127980264103 2.950055844019759 0
8.502285303462768 3.719624963763091 0
6.413359577373384 3.996675476491523 0
2.735425773746461 0.5933165951255177 0
3.060202449234704 0.1618156532244468 0
3.288685638621758 0.5473545380193201 0
3.647265893201175 0.3877630292353627 0
3.461435486929861 0.9315560473882458 0
2.245239094620673 1.402331948618337 0
1.994099027921541 0.1440339026827329 0
1.48628428106796 0.8722624309909348 0
1.568132716007367 0.8130821319487804 0
2.896332773751523 0.1177240973119158 0
2.799706525985777 0.2263036729520835 0
0.3008390714919704 1.083744491175918 0
0.4045172876359224 1.148936382742697 0
1.393651124767084 0.8300409626617307 0
1.662468319239658 0.8532952916018437 0
2.17598909326575 0.7701649643595867 0
2.082491412268379 0.7350820705547823 0
1.395665575121636 0.290764087835945 0
1.376835951779419 0.1767341421098245 0
1.301572399256796 0.2523504811440289 0
1.284081287966483 0.1593211542401192 0
1.20967486501251 0.2164919829051879 0
1.112781206816195 0.1552885377794229 0
1.033885290832045 0.2409389395815356 0
1.411664851222635 0.3888780920995525 0
1.505154523304001 0.4241560696493312 0
2.282434440694167 0.3478388371650469 0
2.359843821790355 0.2845317507175902 0
2.265460001022564 0.2514030120249799 0
2.342423494133491 0.1808586167577113 0
2.170685378980763 0.2193072450589351 0
1.598683279505323 0.4595142800840439 0
1.271116976957856 0.6118440273241736 0
1.196867839742996 0.6652229191612138 0
1.101977947649318 0.6419858666543308 0
2.205025067772551 0.4111459083846665 0
1.086388270723849 0.5418889742029003 0
1.818009425293585 0.7276669316761115 0
1.724797885343443 0.6921093743327071 0
9.226589334015909 1.49876950927099 0
3.547287734014769 4.189361380026072 0
2.408191296669945 0.5806477805640042 0
1.224780152919413 0.316910433277124 0
2.066335607018164 0.6364399026847705 0
1.365354118130444 0.6443279574946341 0
1.940555495623164 0.4036826633788126 0
1.863149651253057 0.4669843050863305 0
1.943644109000153 0.9604694937108742 0
2.438514132273997 0.225357530386427 0
1.924434477037533 0.3049908777021559 0
2.453682889167637 0.3208928251172463 0
2.502598941095092 0.6163918327364957 0
2.608733714385212 0.6755873385566602 0
1.737373864027547 0.2342211925469768 0
1.816499073541961 0.1718006956381171 0
1.910813143187972 0.2039373669233893 0
0.9938669672114369 0.506308471392904 0
0.7891455207349347 0.3384469520755573 0
0.6956098553784624 0.3030557356684174 0
0.6181995684416624 0.3663617789294014 0
0.6021360005575911 0.2677394972973399 0
0.5246830984337372 0.3309933330149253 0
0.6791997007791233 0.2053825407494871 0
0.5075636477174301 0.2354299161835502 0
0.4309814694930836 0.2961236974701329 0
0.44724019215671 0.3943801817392831 0
0.3537043670219742 0.3590085283178173 0
0.3698519226529191 0.4576145052271476 0
0.2763205499719499 0.4222331132196038 0
0.2924464983347335 0.5209083773790004 0
0.2605992477816077 0.3234763736088695 0
0.1995376301849321 0.483881375239402 0
0.2178558273359039 0.5854966625468752 0
0.4091171035134105 0.1839743984173898 0
0.3376151845441111 0.2602142511466616 0
0.244683278568564 0.2289845930954284 0
0.183480199858896 0.3842982626978886 0
0.09323733211871765 0.4467277197147932 0
0.773001069650336 0.2411034114146338 0
0.4633652500740002 0.492983045401731 0
0.8439642092572992 0.6334466259658571 0
0.6342025315438047 0.4649205591958134 0
0.5407734265396176 0.429662966494905 0
0.3090997806036055 0.6197595384415411 0
0.9602953886637904 0.9784998150526034 0
1.043962165070354 1.038287085936397 0
0.8706815947344531 1.029441223659869 0
0.479419099546357 0.5915994220387186 0
0.3860525693571084 0.556308297450852 0
1.04727206118758 0.7204868391218437 0
2.159875828901078 0.6717438214931695 0
0.32516747886321 0.7185375525262612 0
0.2356552519881649 0.6880667526566104 0
0.5817735052533157 0.1590047696982126 0
0.6698536457215489 0.1072690283015989 0
2.26977877835327 0.8051996146018143 0
0.4401415802211792 0.08391839137777213 0
1.409722222222218 0.08419691425682263 0
0.9279445047517845 0.09940146405895689 0
1.602870111004866 0.08637712365292494 0
0.2545957486123136 0.08424801232744894 0
6.474465655911223 0.7660532954433701 0
1.457033915791076 4.239248193602056 0
1.647694042713646 0.7545627835225441 0
8.348879444755305 2.055422025899708 0
2.285161245947494 0.08460807664711556 0
2.376259181546496 0.0834394400880778 0
2.568180068711912 0.08603407441469413 0
2.665384380263182 0.09064167131928702 0
2.707821729129646 0.17012336503391 0
0.5679513882258327 2.702308527046275 0
0.07745708287170583 0.7118542265914021 0
0.0825869369919694 0.2385545535074511 0
0.08534129505009602 0.9029715237623286 0
2.656555392304924 0.4893786303645578 0
2.081579859193791 0.08730007810149498 0
0.6034562449706176 0.8139916612984279 0
4.645525001988732 0.535708098009815 0
0.1701394834891019 0.2832578537481654 0
1.309355321092025 1.094517644073233 0
1.193755048983911 1.162273994659912 0
0.8487829890536744 0.1753602674072328 0
0.5495682962983413 1.206104861826852 0
1.554730463115764 0.7169880775269191 0
2.484491708958607 3.142950899375064 0
0.451429899738689 0.9488913352553949 0
1.543267976448335 0.1654242822684484 0
1.79288556176434 0.08274624058431401 0
1.132712942553249 0.980636338112451 0
5.413129392506086 4.056106210718171 0
0.7542296500885541 0.1461801090528914 0
0.1719045244669362 0.8448233990279026 0
1.475235508275599 0.7750155514106503 0
8.45860046038583 0.9399975355286343 0
0.3294764184536394 1.789439411791423 0
1.234111584234233 2.958079608498267 0
0.07731569840135855 0.1450409688230301 0
2.508122930449974 0.1638332523445243 0
1.015320283466074 0.6092806966303017 0
0.1586900777142679 0.1902395156959638 0
2.515712850870644 0.7138994610346521 0
0.778177388810299 0.786885681224442 0
0.784922189220814 1.066525662310486 0
0.9511958416085706 1.078717237882588 0
1.013002808646744 1.197695355859004 0
1.208245118927894 1.314756495742643 0
0.1306451935676609 0.5535092435507991 0
0.3071205067082223 0.1681658779505328 0
1.132180837913924 1.076841915337108 0
1.379315081315766 0.7363066913378575 0
0.1619728467753196 0.7535467592545393 0
1.312500000000002 0.07269746853449677 0
2.896263853511201 0.6858404913532672 0
1.788931328227039 1.087064570832403 0
1.701853952460924 1.175926302916849 0
1.640801690970594 1.36732027595485 0
1.949236473208664 1.048065399200981 0
2.236226911635581 0.1613064072993993 0
2.359377471205219 1.182019426913736 0
1.289069634659823 0.6994983289467711 0
9.275321682637632 3.44228019595439 0
0.6823605494449971 0.7534548325433792 0
2.20852813772531 0.9682773856734428 0
2.280417592508313 0.895274415959467 0
0.4900425260369676 0.1500676683144606 0
1.118365581054067 0.06551067113055575 0
0.148716660667338 0.6510611462388489 0
1.990868915979424 0.06347374156197416 0
0.7404218080327256 0.06661050150143355 0
1.412320562080915 1.307703386942527 0
1.458333333333328 0.1479344634912985 0
3.968479714515197 3.532693371605025 0
1.737013923233445 0.1548009745116716 0
5.781272805857046 1.53165118249836 0
0.6131724519873973 0.9034569185160892 0
2.947715220197721 0.2575707231246742 0
2.859619840841831 1.533869892863547 0
1.214343477512333 0.7482932944089566 0
2.426021815325349 0.145546223127873 0
9.274818254564657 4.274818254564657 0
1.007274564700708 0.1559705861761169 0
1.950772694454348 1.447569375697191 0
1.890159418928407 1.113109448489287 0
9.305287488600269 0.7051959206719645 0
0.6350612549632055 4.374108923365635 0
0.06951551834935454 0.06897177779400332 0
8.618476881186339 2.957977893212598 0
1.610212784890478 1.106867278541582 0
4.071488857557505 0.829900354032389 0
3.036842960040085 0.5764292271806901 0
1.82240343503684 3.458125517728071 0
0.05444363440828059 0.5240648472271721 0
2.25940643000389 1.080720704404093 0
6.806001889380466 1.532351586981385 0
0.7600119502754978 2.063272299566437 0
1.306740924989157 1.207977194921231 0
2.513997152887596 1.591028208689338 0
3.238647219909319 3.405519330339948 0
2.693016529805248 0.2472877737167196 0
0.2759852365640239 1.221079188304335 0
2.145014654168497 0.1458576222107126 0
0.8436344331293144 1.265248236311918 0
0.2251478567166991 0.1546479558714022 0
1.130563252118021 0.7077316096569475 0
8.479911113918014 4.451197202810619 0
7.6788192048728 1.48263674623351 0
0.6050492373888057 0.06813993334444568 0
2.508258359916804 1.08166691092602 0
0.5355211064297913 0.9619086204125573 0
0.5398080010808597 1.731243901377229 0
0.3949461553954787 1.657434680699803 0
0.6052777380226981 1.599239170285609 0
2.688441215911241 0.747798437649831 0
2.672079744065837 0.6344519668410888 0
2.751787245591866 0.7066630659342599 0
7.32535449930663 2.96500922361196 0
7.675576669316608 3.518883882164798 0
7.175803188359135 3.533837261756999 0
1.161228035914353 0.1858902603423056 0
1.162693199555006 0.123406708356423 0
1.211140028653164 0.1540084309193057 0
0.9978947823504969 0.2733222940285476 0
1.044812423706382 0.2906142471129032 0
1.008821915224833 0.3229976015599156 0
3.112872709092536 1.737497028778637 0
3.048797842183494 1.412225552260309 0
3.302050710434199 1.6158526881754 0
0.5819256139740752 1.14690690730001 0
0.527699367960663 1.129590508452734 0
0.560056685636396 1.070392553925892 0
6.969692467871249 4.042193698400681 0
6.619470297861271 3.488319039847843 0
1.344667975889711 0.1247158053221606 0
1.36111111111111 0.07844719139565992 0
1.393279087000819 0.1304655281833238 0
0.3933075271654491 0.08596252196925036 0
0.4246293418672948 0.1339463948975812 0
0.3777952888115639 0.1359905254890594 0
1.121902984747398 0.2189456035424682 0
1.170349813845555 0.2495473261053509 0
6.206679788686692 4.498337738245762 0
6.706679788686692 4.498337738245762 0
1.082455026755323 0.2617708044435245 0
1.07333324882412 0.1981137386804792 0
0.8929344486970026 0.6535444309047509 0
0.8822379875724264 0.6024092092660216 0
0.9312082270121298 0.6225070142049154 0
7.263012679184556 4.543855960154918 0
5.619948223572629 3.566382067033535 0
5.075889557765024 3.592717739485605 0
5.282708388831566 3.10299359580097 0
1.298290643983242 0.116009311387308 0
1.330458619872951 0.1680276481749718 0
2.591530846697442 0.7428209387195572 0
2.671238348223471 0.815032037812728 0
1.626920676660291 0.1351379306313385 0
1.650266370209851 0.08629765509030562 0
1.674316935865277 0.1350584620687192 0
1.246878076489496 0.1879065685726538 0
1.24834324013015 0.1254230165867711 0
1.031296172326827 0.6648837678760726 0
1.058649115557696 0.6256332816423162 0
1.074625004418449 0.6812363528880874 0
0.8954655829881828 0.1893323344836619 0
0.8883637469027299 0.1373808657330948 0
0.9350463408372374 0.151352932809524 0
0.0916000234516865 0.3925231499103652 0
0.04661866605935927 0.4139328952127324 0
0.04498135739232811 0.3597283254083044 0
0.3581188051108164 0.1760701381839613 0
0.3267969904089707 0.1280862652556309 0
0.9786124858013903 0.6414614662369731 0
0.9945883746621433 0.6970645374827442 0
0.04661866605935927 0.461575154051566 0
4.956564696253043 4.095040403466866 0
4.619324861511981 3.631651932234301 0
0.8582567324210943 0.6813303090836942 0
0.9072269718607977 0.7014281140225882 0
0.4770427919671318 1.177520622284774 0
0.4551738636294527 1.101006268910657 0
0.1832862440016214 0.618278904392862 0
0.1396809271174995 0.602285194894824 0
0.1742505104517829 0.5695029530488371 0
1.903955794878144 0.1477229832756901 0
1.863656108364967 0.1878690312807532 0
1.856798760055139 0.131654647633054 0
1.380755158674396 1.418736669775393 0
1.526561126525754 1.337511831448689 0
1.494995723119235 1.448545114281555 0
2.616782224487547 0.08833787286699035 0
2.639601746250571 0.1400892457402159 0
2.590999590474936 0.1377854472879196 0
0.1087152110663032 0.6324771895358567 0
0.09967947751646467 0.5837012381918318 0
0.4872203051578428 1.268857302913579 0
0.6073355790201482 1.291700290687484 0
0.5449875878796497 1.354452731774212 0
0.9880167338773678 0.2221216705708136 0
0.9520262253958194 0.2545050250178256 0
1.09338215962966 0.3114461119748926 0
1.060027885758452 0.1556295619777699 0
1.021004901016359 0.1159728474901129 0
1.073758222074102 0.1156318232917659 0
8.163706641863437 3.334840403891425 0
8.014155330915941 3.903668442036464 0
2.686603054696414 0.1303825181765985 0
2.660820420683803 0.1798300925975274 0
1.952456085554757 0.1739856348030608 0
1.945598737244929 0.1177712511553617 0
1.091327957967411 1.386216592731882 0
1.278717437097885 1.422263224175451 0
1.161800276137402 1.49372332116469 0
1.686131028691671 1.513734082132955 0
1.540325060840313 1.594958920459659 0
0.9676095347262468 0.1276860251175371 0
0.9747113708116997 0.1796374938681042 0
1.530965369441772 2.522911198857096 0
1.55014884730857 2.18466734168621 0
1.8414756621228 2.387159925746393 0
0.7550757669917889 1.868160345264737 0
0.5447441843645686 1.92635585567893 0
0.1383587659888068 0.4155129912063407 0
0.1367214573217765 0.3613084214019127 0
4.358506929773118 0.682804226021102 0
4.09619764655108 0.5877643556762027 0
4.383215718766694 0.4406682276649159 0
1.717338276324141 0.1205095805196787 0
1.693992582774581 0.1693498560607121 0
0.730268969127648 0.7701702568839106 0
0.7231906262903891 0.722799227376588 0
0.77109904597304 0.7395146517171194 0
3.949349093747708 1.118883406351046 0
4.399039927650096 1.100390243801789 0
4.276900163840301 1.389373296120446 0
2.065730579007052 1.597949057334249 0
2.098005894537511 1.424950662157764 0
2.212963779090215 1.575330343794822 0
0.6898830494778361 0.7989629698511109 0
0.737791469160487 0.8156783941916426 0
2.330710213746995 0.08402375836759646 0
2.359341337839994 0.1321490284228943 0
2.313792370040493 0.1327333467024134 0
0.7543686474356344 1.321271977930017 0
0.9090226150681211 1.361462463016519 0
0.8197568293744411 1.417486204634619 0
1.020579927766377 0.1984547628788262 0
3.532592586731535 1.349223835163388 0
3.596667453640577 1.674495311681715 0
1.088071501492139 1.057564500636753 0
1.072591823280334 1.137268635598056 0
1.028482486858549 1.117991220897701 0
8.403739952570568 1.497709780714171 0
8.842594897200868 1.219383522399812 0
8.787734389385609 1.777095767585349 0
2.658994419354228 1.089389185927083 0
2.571832666234134 1.011098236934556 0
2.722568725671558 1.01882051193562 0
8.013849324814053 1.769029386066609 0
8.068709832629315 1.211317140881072 0
2.422111150464198 2.739251498840956 0
2.153391946607305 2.934177341146172 0
2.091011388112895 2.530477940612064 0
0.4169784387649393 0.9822061095504129 0
0.4786301696808364 1.000983745167006 0
0.4441787087070868 1.034298519462024 0
5.913244484939735 4.026390843604847 0
6.120063316006278 3.536666699920211 0
0.8039924561965393 0.6627951240878269 0
0.8182849793603353 0.7106788072056642 0
0.9820993251276571 1.138206296870796 0
0.997579003339462 1.058502161909493 0
1.597119609382026 0.1746615099391002 0
1.573069043726601 0.1259007029606867 0
1.841116530433548 1.553858632004125 0
1.956074414986253 1.704238313641183 0
2.72971331085058 2.859313574375086 0
2.667332752356171 2.455614173840979 0
0.157178598104653 1.157170014785325 0
0.1035009340345328 1.16917395316075 0
0.1354608986371613 1.091761601336476 0
5.706564696253043 4.528053105359085 0
0.1345531552419352 0.972702015007517 0
0.1842294517048986 1.012510031541678 0
0.1394622662443172 1.03994964642689 0
0.2884121540279967 1.152411839740126 0
0.2325618996356527 1.150418425632693 0
0.2449888170996264 1.081751077068484 0
2.53961357221164 1.205345004820685 0
2.690349631649064 1.213067279821749 0
2.289325202884536 0.1710825120285553 0
2.260694078791538 0.1229572419732574 0
4.686057999865711 0.9532941157905026 0
0.2210678371768129 0.9133238279111311 0
0.2699041575469758 0.9338185487441777 0
0.2281566610726786 0.9657571209553519 0
1.076550409193038 0.07074288996733191 0
1.115573393935131 0.1103996044549893 0
2.037839443557666 0.1156669903921141 0
2.080416482589538 0.1328384939378866 0
2.036676066953413 0.1612054062285058 0
0.8342377000369332 0.1274818187799558 0
0.8738184578859887 0.08950241710581786 0
3.554350690065518 0.6596595383118042 0
3.375060562775809 0.739455292703783 0
3.467975765911467 0.4675587836273412 0
0.8253633221975942 0.7580498367129866 0
3.046978686138229 0.7143335472078067 0
3.162764299330922 0.5618918826000052 0
3.172900025429065 0.6997962026271218 0
0.928318620888029 1.231471796085461 0
0.9937068028268357 1.327686022790063 0
1.402063760808527 0.9807024111413138 0
1.447005338513039 0.9498228195390646 0
1.449993527678584 1.004171549601627 0
0.9679160246768141 0.590326244598244 0
4.522635652717922 2.620845206966075 0
4.265758914456593 2.953951160347986 0
4.049744844150554 2.445467099061022 0
1.80469231765315 0.1272734681112153 0
1.844992004166328 0.08712742010615226 0
1.442679926355471 0.8993080560348434 0
1.490609693225527 0.9227771944951559 0
2.619798401191931 0.5212428961738431 0
2.695990583025692 0.5413476127450378 0
2.6592335919127 0.5732118785543232 0
3.754991086820918 0.1938815146176811 0
3.555419873788822 0.1938815146176811 0
0.1300510991368791 0.3107882169270511 0
0.1768098416739985 0.333778058223027 0
0.6639816692506653 2.382790413306356 0
0.9998252524515197 2.191845457181675 0
0.9037949714266871 2.511363570921594 0
0.2330657720750615 1.033004752374725 0
1.308663955881093 0.9308614042269425 0
1.353341095994914 0.9031412275768469 0
1.354398431529161 0.9540738577288475 0
0.08756363241572451 0.9515565768275285 0
0.1323308178763059 0.9241169619423171 0
3.057607391567204 0.2696743378122628 0
3.170537618557803 0.2038265777886688 0
3.167942560890304 0.3116852623764843 0
2.560971021343967 0.1766850362528345 0
2.538151499580943 0.1249336633796094 0
1.588492739019899 0.9642681394179657 0
1.629389234805847 0.9328213185355343 0
1.636024159776154 0.9839418685257262 0
0.3935221327135565 1.082228633294064 0
1.334192357987795 0.7179025101423142 0
1.327211876395133 0.6719131432207026 0
1.372334599723105 0.6903173244162457 0
0.2006019350330241 1.227830777456967 0
0.2436553932968106 1.334461835320387 0
0.1682720917658109 1.341213424473019 0
1.534071047558776 0.8927050102093546 0
1.538396459716343 0.9432197737135757 0
2.347342808223676 1.669678473830322 0
2.613733366898419 1.766307786483744 0
2.447079022234499 1.844958051624728 0
2.595887562232075 0.6143472502698943 0
4.353564718769579 3.331011319929032 0
3.880673910202212 3.155633212023979 0
1.357386620694706 1.008422587791409 0
0.1286229097585156 0.8738974613951156 0
0.1756124325847264 0.8950428995751039 0
1.992483971950483 0.1037538221223535 0
2.036224387586608 0.07538690983173435 0
0.2808581276602684 0.1262069451389909 0
0.3005346113610159 0.08612733244408899 0
0.1278386586514451 0.8255249985814404 0
0.08455704394302543 0.8545990609486536 0
1.350628872556964 0.8549848683683363 0
1.396363348205033 0.8781973218702412 0
3.349705665227509 1.111068629522659 0
3.644322408433887 1.169711253028974 0
5.663413947679221 1.123782028963918 0
5.253931901799868 1.451265658034775 0
5.136073043622042 1.043396504500333 0
1.527208498537663 0.8426722814698575 0
1.57499526502848 0.8631148606882773 0
1.347734442264534 0.8088605010192764 0
1.304712190054415 0.8338044067258821 0
1.622163066644625 0.8832214405148089 0
1.669694487400879 0.9028951696225691 0
1.54503138468665 0.9943403237037676 0
2.834675159816741 1.315490676895847 0
2.715294312674153 1.431446495789448 0
0.309706833188871 0.899113510992025 0
0.3167956570847368 0.9515468040362458 0
7.824158525083964 2.077404309897646 0
8.087003712509706 2.502738934959734 0
7.562282792838364 2.524721218957672 0
1.615300517623512 0.8331887117753121 0
1.439967702917522 0.8511516968263328 0
1.265184090438821 0.9558598278835124 0
1.264126754904573 0.9049271977315119 0
0.6295334967236741 1.181597395325824 0
0.661890814399408 1.122399440798982 0
2.753764127557711 0.198213518992997 0
2.737804557028711 0.1304786776365319 0
2.783746955456776 0.1585688315956189 0
0.06260931675101222 1.301836579361812 0
0.1056627750147978 1.408467637225232 0
1.607913379360506 0.7838224577356623 0
1.655081180976652 0.8039290375621939 0
1.295443697210904 0.7435891841617968 0
1.340566420538875 0.7619933653573399 0
4.234239857257599 3.833333983910293 0
2.137399741755572 0.8020005255958269 0
2.183789409684123 0.8190214299067033 0
2.145200058173946 0.8508569911429436 0
5.84582621691532 0.357956437714738 0
5.367047969214075 0.357956437714738 0
1.270337897030895 3.521133558865435 0
1.639718675413958 3.848686855665064 0
1.087653137408013 3.911694896802428 0
0.301764646305771 0.8493250904572742 0
0.348656145843532 0.8670533457493423 0
2.708381823063107 0.2863214595798209 0
2.746361527895512 0.2367957233344016 0
2.761726821153371 0.2758294091975029 0
1.220699230519963 0.8816280841058333 0
1.264179095962235 0.8566296604492634 0
1.709578967887592 0.8714878950298024 0
1.716805136048814 0.921087773050528 0
1.701602574040832 0.8221134028721404 0
1.748713222688766 0.8403060063000991 0
0.387529103382156 0.8348206842905399 0
0.395471290265256 0.8846091048252909 0
0.2561839079241821 0.8321271273546946 0
0.2951332205788439 0.800066962112012 0
1.261284665669804 0.8105052931002037 0
1.177334484496781 0.9048053770892506 0
1.177386825554442 0.8565078398070021 0
0.3794786354720561 0.785490442912681 0
0.42629377989378 0.8030462019886291 0
1.133783377927338 0.8340126741470457 0
1.17714812395052 0.8108353811636286 0
2.035706012029361 0.7174199851687295 0
2.043766436538268 0.7667663048801028 0
1.996981036299251 0.74910421949405 0
0.4648244882894748 0.7714200525013553 0
0.4728749561995746 0.8207502938792142 0
2.167932461083414 0.720954392926378 0
2.206655210189831 0.6894236074236013 0
2.214711842372167 0.7386341788568098 0
1.090781392071781 0.8550465849180309 0
1.090542690467859 0.8093741262746574 0
2.121183620584728 0.7034129460239757 0
2.129240252767064 0.7526235174571845 0
2.027628109404254 0.6680989012337237 0
2.074413509643271 0.6857609866197762 0
2.090650901256887 0.7844590786934247 0
2.051925925526776 0.8161433130187452 0
0.4569095083646157 0.7220503247276637 0
0.5034906846704104 0.7397544166182488 0
0.5191025778486615 0.834375611140056 0
0.4805718694529659 0.8660017606273298 0
1.090553891795837 0.9043771244786272 0
1.047313204336358 0.8797385766062387 0
0.4327358344517327 0.5739538597447853 0
0.4247089097155543 0.5246456714262915 0
0.4713921748101786 0.5422912337202248 0
0.5412192789597219 0.7069540435176573 0
0.5491342588845809 0.7563237712913486 0
0.4101880884573568 0.7043504284138709 0
0.4488542848382924 0.6726847925307644 0
1.003943583664529 0.9038682328075383 0
1.004171083940474 0.854537693246942 0
0.5341112629140889 0.6585381616434409 0
0.5797548371282595 0.675107516316541 0
0.9610780533736918 0.8286739921219368 0
1.00444767404552 0.8045443359206375 0
0.6184436890756686 0.6432025798101657 0
0.6255517051213015 0.6916184616843819 0
0.9180026887857871 0.8539460440332065 0
0.918279278890834 0.8039526867069018 0
0.6113206068613426 0.5949640413318431 0
0.6571174748543847 0.611474986699684 0
0.9174400730158201 0.9034165514257351 0
0.8746412985329615 0.8786952460107 0
0.8738765849439094 0.7792193654098516 0
0.9169519495318141 0.7539473134985819 0
0.5874879790417111 0.4472917628453592 0
0.57948649749064 0.3980123727121532 0
0.6262010499927335 0.4156411690626074 0
0.6967543606913544 0.5809165811206249 0
0.7038774429056804 0.6291551195989475 0
0.5647318769281364 0.5774772163177682 0
0.6034056627068525 0.5457496232072867 0
2.058271140948752 0.5870997096979371 0
2.019566886217039 0.618752581967267 0
2.011502420147626 0.5694123889804334 0
0.8312770467461004 0.9035408452207228 0
0.8318396625160682 0.8540703378281942 0
0.9516296658077223 0.7261614353196384 0
2.105036307618026 0.6047918910385428 0
2.096971841548614 0.5554516980517095 0
1.980859388603128 0.6504115805162201 0
0.688849298630231 0.5317530861770923 0
0.7356092666815268 0.5494332190763558 0
0.7537675159392148 0.6453701681148425 0
0.7141306301022459 0.6759285736939016 0
0.8306662970742966 0.952940303866304 0
0.7878646610574034 0.9283153956837982 0
0.7744943593383073 0.5179905615434599 0
0.7823994213994308 0.5671540564869924 0
0.744690485829981 0.9544268321772083 0
0.7453012355017847 0.9050273735316272 0
0.7664639982838874 0.4686796913281408 0
0.8132541530017905 0.4864005287387778 0
0.6997663048925187 0.8878049585919401 0
0.7429404801199411 0.86169352209853 0
0.8519980948826316 0.4547927174910456 0
0.8600284559370523 0.5041035877063642 0
0.7197038905264446 0.4509930755486353 0
0.7584636841899268 0.4194030427439532 0
0.8439442087264233 0.4054543215883841 0
0.8907185116616851 0.423157380555971 0
0.9096420818527235 0.521933784512409 0
0.8708981399718825 0.5535415957601413 0
0.9294323656265266 0.391514492929899 0
0.9374862517827349 0.44085288883256 0
0.9222844496872131 0.339762316564435 0
0.9690521898082629 0.3574578248410241 0
0.8748992367945796 0.3242464771400559 0
0.9145190609763159 0.2901898090511805 0
1.015969831164148 0.3747497779253797 0
1.271440173705653 0.335121700619526 0
1.263176276088104 0.2846304572105764 0
1.309836296874344 0.3028417245529784 0
1.217227508965961 0.2667012080911562 0
1.177902457799007 0.2997565512913187 0
1.255623632134653 0.2344212320246086 0
1.348618987189216 0.2715572844899867 0
1.356882884806764 0.3220485278989362 0
1.403665213172135 0.3398210899677485 0
1.364882522857264 0.3711055300307402 0
2.124969242483024 0.1988420774166069 0
2.133029670405902 0.2481880955102698 0
2.087313533908162 0.2277229278679416 0
1.824449985372145 0.4986301128510799 0
1.871210668157362 0.5163294164310694 0
1.832511002276449 0.5479752241958191 0
1.885729948055415 0.3366441722266451 0
1.932494986330348 0.3543367705404843 0
1.893790457348231 0.3859900650649735 0
1.450390929676975 0.3572205657978076 0
1.442391291626475 0.3081635636660036 0
1.909913374574288 0.4846789277883152 0
1.917974391478593 0.5340240391330542 0
2.227182105381601 0.2819284453864452 0
2.273947220858366 0.2996209245950134 0
2.235669325217402 0.3301463579564787 0
2.243729754233359 0.3794923727748567 0
2.196964638756595 0.3617998935662885 0
2.1797947943607 0.2658805619034226 0
2.142139085785839 0.2947614123547577 0
1.497135765717657 0.3748595545726969 0
1.458409687263318 0.4065170808744418 0
2.218072690001663 0.2353551285419577 0
1.606757086507792 0.5088218166204233 0
1.645444736328908 0.4772133168962496 0
1.653518543331378 0.5265208534326287 0
0.2526412631750858 0.2762304833521489 0
0.2911492315563375 0.2445994221210448 0
0.2991072161628594 0.2918453123777658 0
0.3456597757830426 0.3096113897322397 0
0.3071518074017909 0.3412424509633434 0
1.559975218539829 0.4911736125312247 0
1.568049025542298 0.5404811490676042 0
0.9046410125031867 0.2389891855934465 0
1.716604130950112 0.6427927406349048 0
1.678090717100993 0.6741706223008659 0
1.669896962707663 0.6248539886030635 0
1.062914419991929 0.3919767537016279 0
1.023144694575359 0.4264369769827363 0
1.543854854856184 0.3924956525210304 0
1.535836097269841 0.3431991374443957 0
1.124843987110743 0.5108938040530606 0
1.078238777063495 0.4927764634809426 0
1.116694493450388 0.4617812933311027 0
2.251790181136991 0.4288383926672905 0
2.2904948675978 0.3971848570574807 0
0.3842983270185973 0.2781689743083975 0
0.3733661440287612 0.2220943247820255 0
0.4200492865032466 0.2400490479437614 0
1.466446830624743 0.4557990960367384 0
1.41970199458406 0.4381601072618491 0
1.763335687667419 0.660536883860174 0
1.755141933274088 0.6112202501623716 0
1.513210840439168 0.4734945073138688 0
1.47450314775991 0.505137533701276 0
1.732767357092725 0.741520444237572 0
1.771403655318514 0.7098881530044094 0
1.779373127067796 0.7592992229092743 0
1.372943163270127 0.4204509840356581 0
1.380980306631552 0.4697329991979551 0
1.186169321048054 0.3485560656375846 0
1.232765179909698 0.3666966168125816 0
1.194154348038339 0.3983422491730417 0
1.826054212197834 0.7770201706735178 0
1.787417913972045 0.8086524619066806 0
2.492529186440106 0.2896131705649827 0
2.446098510720817 0.2731251777518366 0
2.484944807993286 0.2418455231995731 0
1.637384501293899 0.4278670018512911 0
1.684145958117485 0.4455660386634968 0
1.551918901404662 0.4418351748666876 0
2.500293593962668 0.338097235040649 0
2.539139891235137 0.3068175804883855 0
1.809941457642489 0.6783156625318763 0
2.158259971216495 0.3934534014242477 0
2.150199542200538 0.3441073866058697 0
1.971199552750691 0.3226834183675908 0
1.979260062043506 0.3720293112059192 0
1.132892063717861 0.5602725759381981 0
1.171347780104755 0.5292774057883585 0
1.263965809794381 0.5635841115088951 0
1.225256416834865 0.5952501024988348 0
1.218105249671389 0.5469901866835563 0
1.233992408350426 0.6385334732426937 0
1.188131848227434 0.6219395484173549 0
2.369494200747128 0.6122812370885498 0
2.416213886014157 0.6300938771346816 0
2.37751679009134 0.6617273336592271 0
1.279425200695938 0.3849078841549831 0
1.101649022878707 0.360245626321158 0
1.108823886289918 0.4119328253785146 0
1.877669289738696 0.2872985088248079 0
1.838964760756579 0.3189518033492971 0
2.213085538398619 0.4604918258411663 0
2.259850651763059 0.4781843101237904 0
0.2684598988767792 0.3728547434142366 0
0.3150124584969625 0.3906208207687105 0
1.856699738514506 0.696018663862493 0
1.848631770863411 0.6466673947182575 0
1.149422893696157 0.6536043929077722 0
1.140686902180596 0.6103210221639133 0
1.155429096337166 0.4300501659506328 0
1.590619232956845 0.4101747577383863 0
2.166320422492209 0.4427993836088473 0
2.174380893118277 0.4921453010653467 0
2.292115848151448 0.6755090434835642 0
2.245350926318143 0.6578160559837805 0
2.284032182991006 0.6262217061133115 0
1.481469814220418 0.2782200402476525 0
1.520404830869733 0.2468481051579969 0
1.52805202478063 0.2941911044064072 0
1.404606007978806 0.6152338329740448 0
1.357841257230821 0.5975403833384316 0
1.397093147079183 0.5684462588178423 0
1.722851806727967 0.413910712562318 0
1.730912041762977 0.4632570276072761 0
1.629320454745422 0.3785274795056335 0
1.621259903588631 0.3291816511308534 0
1.668025171925685 0.3468738952437578 0
1.31823554754415 0.628085992409404 0
1.310722686644527 0.5812984182532015 0
1.326160834904756 0.4026784219668458 0
2.26791112889151 0.5275302027383169 0
2.275971754958018 0.576875690396248 0
2.229206635091193 0.5591832309555969 0
2.182441508621287 0.5414908113449903 0
2.135676392714878 0.5237983691126717 0
1.777684104932346 0.4809388110609634 0
1.738978256321864 0.5125941371621423 0
1.20202495519881 0.4481907171256303 0
2.00344188638743 0.5200665336007018 0
1.964737631655716 0.5517194058700317 0
2.119555325936153 0.4251068766484285 0
2.329199560247902 0.3655313091785333 0
2.337259987151535 0.4148773290709671 0
2.013055467435586 0.8479164641389483 0
1.974349436837947 0.8795703383806774 0
1.966335430210519 0.8301044134471525 0
2.338585126375166 0.6939811983591357 0
2.299903869702303 0.7255755482296045 0
1.342274935824409 0.5013883425769967 0
1.303571519481051 0.5330385024379229 0
1.295518058974262 0.4836740358326903 0
1.139291625927648 0.3314021836517793 0
2.312651911406459 0.2679673813712853 0
2.321139131242261 0.3161852939413183 0
2.190502134687795 0.5908362990029215 0
2.584898922226894 0.3257798027040075 0
2.632059546443421 0.3439558849317041 0
2.594064922974226 0.3734777271917484 0
2.009904180041234 0.2910299724874514 0
2.04860884672483 0.2593764659517417 0
2.056669295147445 0.3087224524973151 0
2.508199608713628 0.3869551861973601 0
2.554964726863028 0.404647662592438 0
2.516260036818958 0.4363012038257463 0
1.747080348024007 0.561876013776466 0
1.700308284854638 0.5441942303227787 0
1.942155331762885 0.6820641479157756 0
1.93409410857567 0.6327178286493189 0
1.800260294509145 0.350605001299539 0
1.808321654723379 0.399949584128616 0
1.761556530159226 0.3822571186770203 0
1.803454749249891 0.9073729663761263 0
1.795394307818805 0.8580269540643428 0
1.842159440533169 0.8757194219827078 0
1.21005717306427 0.4976114147984187 0
1.287485841108801 0.4342533381599019 0
1.248782424765444 0.4659034980208281 0
1.919569338429735 0.8124118692062794 0
1.958275369027374 0.7807579949645505 0
2.059939932154204 0.8656092379522702 0
3.773643867007384 4.594680690013035 0
4.023643867007385 4.161667988120817 0
4.25 4.566987298107781 0
1.499608172076543 0.6511258438892527 0
1.452741450907817 0.6337019254321765 0
1.490724618995895 0.6035636269105313 0
1.887330868398547 0.6150224619123414 0
1.84057258752653 0.5973194605817247 0
1.482562527700752 0.5544863267159306 0
1.435798517886327 0.5367909154388006 0
7.763012679184556 4.543855960154918 0
4.75 4.566987298107781 0
3.273643867007384 4.594680690013035 0
2.260066697220292 4.530007930054738 0
2.760066697220292 4.530007930054738 0
3.033710564227677 4.124688620067774 0
2.385304811642195 0.7117938384052676 0
1.661620635033522 0.5758027300469526 0
1.623107221184403 0.6071806117129137 0
1.92603492523879 0.5833698945127859 0
1.950214944518467 0.7314116752531772 0
1.903449664491008 0.7137179233862758 0
1.339204175518107 0.2145423116269267 0
1.386250763450527 0.233749114972885 0
1.292826843611639 0.205835817692074 0
0.4085460574048145 0.4259973434832154 0
0.3617781448374462 0.4083115167724825 0
0.4004722795893425 0.3766943550285502 0
1.094183109186583 0.5919374204286156 0
2.384025114558621 0.4325697818580236 0
2.345320421908518 0.4642233297369711 0
1.793811904741313 0.5796201570017354 0
2.577134514704332 0.2772957382283412 0
1.389033767138342 0.5190974658031877 0
1.576211116837441 0.589558449262205 0
1.529429248869477 0.5719102451730067 0
1.434744097715578 0.2608205644175934 0
1.880864199357481 0.8440658486799029 0
1.872804138174336 0.7947194301973008 0
1.811515179424137 0.9567189835061416 0
1.764750046709773 0.9390265155877766 0
0.3923429182575289 0.3275661128939751 0
0.4391108308248963 0.345251939604708 0
2.306615771629883 0.4958767695644415 0
1.816383770813258 0.4492930032962139 0
9.613294667007954 1.749384754635495 0
9.613294667007954 1.249384754635495 0
9.608655488226145 2.751479316263509 0
9.608655488226145 2.251479316263509 0
9.221950155234101 2.000864070899004 0
2.303941747578027 0.2161308143913456 0
2.351133657961923 0.2326951837376505 0
1.995381385609146 0.4707206274093423 0
2.042146174101056 0.4884136105197445 0
2.02602515089331 0.3897218316807054 0
2.064729751562143 0.3580684267484271 0
2.072790273991605 0.4074142993961072 0
1.608979141872831 0.2233589534632525 0
1.655467931542306 0.2407134022393649 0
1.61347583109942 0.2801736180928649 0
0.3230862363124345 0.4399238092233757 0
2.103434418245739 0.3264149202127169 0
2.088911226045604 0.5061061877720658 0
1.706729895356943 0.3152203013584605 0
1.714790446513733 0.364566129733241 0
1.888924640788567 0.8934118609916863 0
1.574771113919156 0.3118272023547406 0
2.322736676791322 0.5945686778960315 0
2.477555346630401 0.4679547454275097 0
2.438850661953424 0.4996082729741893 0
2.430790233992581 0.4502622549773481 0
1.584487444511582 0.6386097078183162 0
2.08085072526732 0.4567602815807064 0
2.353380899036969 0.5135692223514978 0
2.422729799235598 0.400916254311344 0
1.42532928604447 0.2038055915545334 0
2.524320464779801 0.4856472218225876 0
2.602125351079556 0.4228237448201346 0
0.4859616452952231 0.3626867573771042 0
0.4778322839634104 0.3135585152425291 0
1.72486556622306 0.9704337901805431 0
1.792199636192426 0.3012593378977013 0
1.99797137977008 0.1928589443123054 0
2.040548418801952 0.2100304478580783 0
2.406763355478996 0.3027122879174184 0
2.399178977032176 0.2549446405520088 0
0.2551511628353182 0.5532025199629378 0
0.208696728760418 0.5346890188931386 0
0.2459920642598323 0.5023948763092012 0
1.413489561059454 0.6627960499527661 0
0.3311492104938267 0.489261441303074 0
0.2843835241533412 0.4715707452993021 0
2.36143377271414 0.562935221371486 0
2.367904250795997 0.3338777659548047 0
2.390468813203744 0.2031080735720692 0
2.572597297975267 0.2239351680869319 0
2.618356328967024 0.242897390302554 0
0.4583403756154203 0.20970215730047 0
0.4692725586052564 0.2657768068268416 0
0.237929090078441 0.4530572442295027 0
2.455395118882519 0.59851980665025 0
2.463417708226731 0.6479659032209273 0
2.446903535630594 0.5489742719941775 0
2.400138422992774 0.5312817815440161 0
1.776936468784754 0.2030109440925472 0
1.82370158799091 0.2207034177927882 0
1.784138983233703 0.2519136662472183 0
1.864759351270088 0.7453661911998946 0
1.90185257343811 0.4353334842325713 0
1.948616296759342 0.4530281069345561 0
1.870858622813916 0.2367717534354243 0
2.494107357843168 0.5668462980804232 0
2.414823784484637 0.3520583031546329 0
2.461588903918598 0.3697507762739574 0
1.745434516986269 0.2835668641974598 0
0.5161233730755832 0.2832116245992378 0
1.963139104328076 0.273337431822017 0
1.956328437403296 0.2228106764326334 0
1.987320584472968 0.4213751838535988 0
1.698669242398221 0.2658746297079775 0
1.694172553171632 0.2090599650783647 0
1.917623810112753 0.2544641223127728 0
1.855087535163177 0.4176408859187326 0
1.935636754306516 0.9111138906998777 0
1.896931995482204 0.9427674640026829 0
1.982356791531584 0.9289259413916737 0
0.1463874811518249 0.4653045474770976 0
0.191508915021914 0.4340898189686451 0
0.2299003749154229 0.4032656879587462 0
0.2220397238202523 0.353887318153379 0
0.554849824137511 0.2515847067404451 0
0.5634095494956641 0.2993664151561326 0
0.5714413334376998 0.3486775559721633 0
0.6101677844996267 0.3170506381133706 0
0.6406678506683576 0.2365610190234135 0
0.6874047780787933 0.2542191382089523 0
0.6488729279680268 0.2853976164828786 0
0.6569047119100624 0.3347087572989094 0
0.9463196825146651 0.489402123925768 0
0.9571893665494953 0.5388401319795451 0
1.040127618967643 0.5240987227979022 0
1.031978125307289 0.4749862120759443 0
0.9850335364795075 0.4577592362996961 0
0.664951572437074 0.3840391029469243 0
0.7036567159054741 0.3523860813164323 0
0.7504245485837098 0.3700816895200023 0
0.7971846563411518 0.3877683052995078 0
0.8359050731202053 0.3561329683644336 0
0.7343054625143992 0.2720795735415256 0
0.7810732951926358 0.2897751817450955 0
0.742377688056699 0.3207513438719873 0
0.5487951796566319 0.4789628823440584 0
0.5955097321587255 0.4965916786945126 0
0.8200674588670092 0.2578886905207174 0
0.8281396844093081 0.3065604608511796 0
0.7261003852147301 0.2232429760820605 0
0.7937392689999747 0.6160216699928727 0
0.8326243616567552 0.5845790124599768 0
0.4553027211153555 0.4436816135705071 0
0.4166085863634592 0.4752987753144393 0
0.6420984620919317 0.5140785037085875 0
0.6729530539881452 0.4333184930801304 0
0.680953368082104 0.4825951416643184 0
0.5327282624866774 0.3803281497549151 0
0.4940068093481642 0.4120215741170941 0
0.5020693383068089 0.461323005948318 0
0.5100910914238233 0.5106229217974714 0
0.3940927171440709 0.6056465968339118 0
0.4407759822386952 0.6232921591278451 0
1.047406382899941 0.7754474380837431 0
1.090408368755497 0.7544135273127579 0
0.3007731394691699 0.5703339579102709 0
0.2634778039697547 0.6026281004942082 0
1.003690546362102 0.9537844656097192 0
0.960548425966218 0.9285835822504225 0
0.9171870357133916 0.953332784227916 0
0.4874974021459542 0.640992055441638 0
0.5181180161600016 0.5599311101159652 0
0.5260329603144918 0.6091455282405216 0
0.3779522460050142 0.5069614013389998 0
0.3475761749803574 0.5880339179461966 0
0.3556163227673199 0.6373722173292564 0
0.3392495338459209 0.5386083374149262 0
1.004313352333159 0.7495837369587379 0
7.06250931188089 2.539674598549873 0
2.198571545029389 0.6401362700533486 0
2.151806418559483 0.6224438504427423 0
2.113105717959621 0.65409186208897 0
6.326174036494164 3.028310263276531 0
6.799922410800091 2.128966452878401 0
6.562994117268357 2.569254457532689 0
0.280411365425687 0.7033021525914358 0
0.2723775162958848 0.6539131455490756 0
0.3171336297334078 0.669148545483901 0
6.063587135413364 2.617602117605059 0
0.5314924594699155 2.135219209938329 0
0.4354621784450829 2.454737323678248 0
0.2873599805302325 0.7507032757678469 0
0.3329407189118214 0.7679012388704263 0
0.5627593770396357 1.45136283457815 0
0.4426441031773312 1.428519846804244 0
0.3636501718971221 0.6867612243716164 0
0.3717053954234455 0.7361267565685157 0
5.797570925439642 2.178337162019878 0
5.560750844665448 2.637392967763719 0
0.2426038670927095 0.7354678758330215 0
0.2661341817124612 0.1614069169109675 0
0.2398718026645064 0.1194479840994256 0
0.5446685764853729 0.1972173429408812 0
0.591954752905453 0.2133721334977761 0
1.528257509635536 3.20810256311317 0
0.976191971629591 3.271110604250533 0
0.2267555396620349 0.6367817076017428 0
1.176679916007775 0.9552809797502664 0
1.133367511042255 0.9301607354514352 0
0.0448929848906765 0.9764934033347039 0
0.0448929848906765 1.026241278764034 0
0.6258135754874328 0.133136898999906 0
0.6745266732503357 0.156325784525543 0
0.6304866030162195 0.1821936552238501 0
2.261606684915928 0.7561515039779236 0
2.22288393580951 0.7876822894807005 0
2.230684252227884 0.8365387550278172 0
2.153803205462394 0.9010091028720322 0
2.107413537533842 0.8839881985611555 0
5.016692178857842 2.663728640215789 0
0.465092053129073 0.1169930298461166 0
0.4495798147751895 0.1670210333659252 0
0.8622751903575034 1.565362540342079 0
0.7076212227250167 1.525172055255577 0
1.228516957895538 4.619624096801028 0
1.728516957895538 4.619624096801028 0
1.089899323306831 0.954852727139643 0
1.694215435777826 0.7727471488324906 0
1.686245964028545 0.7233360789276255 0
1.639538795786095 0.7053973268957843 0
2.308075963139646 0.7746236588534952 0
1.2131345408633 1.668711773991066 0
1.025745061732826 1.632665142547497 0
0.06260931675101222 1.20987277047035 0
0.4891146954203709 0.9142592065717832 0
0.4428870737712849 0.9006338893109416 0
1.601212252914705 0.7357754305247317 0
1.593057005987154 0.6866099738979718 0
0.595159549072255 0.7687575297445925 0
0.5574309547829435 0.801557902845184 0
1.582741667965851 1.75494665096993 0
1.391606362393415 1.68975768311853 0
0.2153693656353548 0.3033671136785174 0
1.98858365511583 4.149632026855766 0
0.8108920293520052 0.2082318394109333 0
0.8579584185686784 0.2250171185170169 0
0.7636153598694451 0.1936417602337626 0
0.8015063195711143 0.1607701882300621 0
8.783095210603797 2.279190329213363 0
1.723831314707418 0.04310909326384316 0
1.675220203596307 0.04310909326384316 0
0.657372500684974 1.010751525722665 0
0.6579261599556219 0.9603715221692675 0
0.7015734010037145 0.9815188135784354 0
1.561431589561566 0.7650351047378496 0
0.3591361795124746 3.362707338645424 0
0.3591361795124746 3.81564821161306 0
1.546160901640192 0.6689878114472632 0
1.508177733552115 0.6991261099689083 0
1.434027777777776 0.04209845712841132 0
1.385416666666665 0.04209845712841132 0
0.4631263456661454 0.04195919568888584 0
0.4145152345550347 0.04195919568888584 0
0.847346205510096 0.03980168507633941 0
0.7987350943989853 0.03980168507633941 0
1.052089840888227 0.03798755440205426 0
1.003478729777115 0.03798755440205426 0
1.238247040591353 0.04576243946671177 0
1.189635929480242 0.04576243946671177 0
0.3676811814993037 0.04400332628036452 0
0.319070070388193 0.04400332628036452 0
0.1733558282811769 0.04547558456515244 0
0.1247447171700653 0.04547558456515244 0
0.5569104592285097 0.0394468907386103 0
0.508299348117399 0.0394468907386103 0
0.9500833634870034 0.04970073202947844 0
0.9014722523758927 0.04970073202947844 0
1.531089532926093 0.04031957927036034 0
1.482478421814982 0.04031957927036034 0
1.627823944391322 0.04318856182646247 0
1.579212833280211 0.04318856182646247 0
0.2731312076394907 0.04212400616372447 0
0.2245200965283791 0.04212400616372447 0
0.4040141162326609 0.9328665507697442 0
6.792019332079078 0.3830266477216853 0
6.310281500120234 0.3830266477216853 0
1.165485386673942 0.07851777503198942 0
2.068543079442652 0.9157613496813588 0
4.800678108551804 2.155244578928825 0
0.5651278680363347 0.8468093695932999 0
2.209564088759126 0.03967918524038172 0
2.161390305563241 0.03967918524038172 0
2.496598176077581 0.03961528996920372 0
2.448424392881697 0.03961528996920372 0
2.592654083118916 0.04301703720734729 0
2.544480299923031 0.04301703720734729 0
2.689430022090435 0.04532083565964351 0
2.641256238894551 0.04532083565964351 0
7.777112648297199 0.3930129944311194 0
7.295374816338355 0.3930129944311194 0
1.919896789675927 0.04575429981399548 0
1.871723006480043 0.04575429981399548 0
2.306623322149054 0.04230403832355778 0
2.258449538953169 0.04230403832355778 0
2.400346073144439 0.04171972004403912 0
2.352172289948555 0.04171972004403912 0
1.162967943448917 1.11955795499851 0
1.103378928815328 1.179984675259458 0
4.066915456174898 1.760113802174407 0
3.836373579877562 2.026742655186419 0
0.2074113810288329 0.2561212234217969 0
1.508545298378928 0.1981506616338455 0
1.55512750893914 0.2141217257926002 0
0.1206385073531191 0.2143970346017072 0
0.1644147806016854 0.2367486847220643 0
0.1263632102405357 0.2609062036278083 0
2.786544710875536 1.737728628570848 0
3.039797579126241 1.941355764485939 0
0.7869610305543731 0.1128917396027851 0
5.206564696253043 4.528053105359085 0
4.516606290077286 1.74162063962515 0
1.528201884245117 2.841741695707773 0
1.236875069430887 2.63924911164759 0
5.095540045745063 0.6258104867196457 0
0.7120416479050515 0.1267245686772451 0
0.7167146754338383 0.1757813249011893 0
2.108485062380433 0.04365003905074749 0
2.060311279184549 0.04365003905074749 0
0.04188639641797742 0.7842513697781608 0
0.04188639641797742 0.8318936286169949 0
0.03435688073263421 0.592800169449436 0
0.03435688073263421 0.6404424282882701 0
0.04498135739232811 0.3120860665694707 0
0.03872854143585336 0.689422925167539 0
0.03872854143585336 0.7370651840063727 0
0.04267064752504801 0.8802660914306699 0
0.04267064752504801 0.927908350269504 0
0.0412934684959847 0.2145617944313933 0
0.0412934684959847 0.2622040532702274 0
2.542820175587015 0.584749497359812 0
2.534328592335091 0.5352039627037395 0
2.573033282523648 0.5035504211019763 0
2.716585882595479 0.09073783077922037 0
0.3695626552589113 0.966181325064762 0
0.3297599796170161 1.000886362816915 0
1.458172866259424 0.08241803639877165 0
0.4853145826724337 0.08140608642749658 0
0.9813398710418966 0.0876882864315327 0
1.554746810650748 0.08350814109682281 0
0.2034314803651114 0.08759959072887646 0
8.483678162970822 2.506699959556153 0
8.221802430725221 2.954016868616178 0
3.259274949583117 0.8918969573115847 0
0.5743467792085948 0.9326827694643232 0
0.5311602987659221 0.9207678491503644 0
0.5699859715447246 0.8915419982021304 0
0.3504287752906841 1.276344466152321 0
0.3180989320234708 1.389727113168373 0
2.473318531361985 0.1945953913654757 0
2.519749207081274 0.2110833841786217 0
1.050854277094962 0.5755848354166009 0
1.004593625338756 0.557794584011603 0
0.2016866781414155 0.2096120543956959 0
3.284779213251331 0.396596020186105 0
3.171848986260732 0.462443780209699 0
0.2173599290590236 0.8631043273639296 0
2.79441986778033 0.04541699511957686 0
2.740631524422732 0.04541699511957686 0
0.783326399769753 0.8329008091313295 0
0.8266906515566141 0.8080552099213067 0
1.94398368127387 0.07749117059498234 0
1.87818345080038 1.169258881440394 0
1.95365364242096 1.124835876617094 0
1.941677674292933 1.180985309568201 0
6.640233772645844 1.149202441212377 0
6.293637347618756 1.532001384739872 0
6.127869230884134 1.148852238970865 0
0.08627482588831281 0.2884365668066939 0
6.010010372706309 0.7409830854364232 0
8.491098208690392 4.085411083286855 0
8.002968236143563 4.269454561560228 0
0.6374514415551769 0.08770448082302229 0
0.642802396472181 0.03406996667222284 0
0.6752046006385521 0.05363451415079945 0
1.434027777777773 0.1160656888740608 0
1.417584642556374 0.1623343028005615 0
2.424337501283754 0.08133501001324239 0
6.9778211401705 0.7760396421528046 0
2.520297944866462 0.08263232717655056 0
2.236275795753451 0.0819832235639395 0
0.5206757730263876 1.007492387745587 0
0.5746231830333368 0.9757564273630273 0
0.559777849629933 1.021340194696057 0
0.1650914118762969 0.5186953093951006 0
0.6873007794454811 1.267192824186457 0
2.134485102376599 0.08332922429112921 0
2.700419129467447 0.208705569375315 0
2.653417821021604 0.2184122969389319 0
0.3223678456261663 0.214190064548597 0
2.020673801774677 1.898622403773407 0
1.796059753201173 1.854531978443283 0
7.579997914651289 1.134331367547875 0
7.969888542407803 0.8630117621954367 0
0.1921859563277515 0.6695639494477297 0
1.514982985695681 0.7460018144687846 0
1.468430256132032 0.728139846910774 0
1.434443316521341 0.8025282570361905 0
1.480759894671779 0.8236389912007924 0
1.521684112141483 0.7940488416797153 0
0.6346117013094448 0.7384891153670683 0
0.6429083972078073 0.7837232469209034 0
0.08061493785382989 0.7590404123631902 0
0.07308542216848757 0.6628737297121332 0
1.77144278088217 0.04137312029215678 0
1.745274095589588 0.08448221355599994 0
2.250843456329072 0.2063547096621896 0
1.524945743372483 0.1230317204045845 0
0.2107285033320956 0.8138461990186676 0
0.2057626644862873 0.768207879131986 0
0.1988140493817419 0.7208067559555749 0
0.1887075344173041 0.1227995625008536 0
0.191918967215484 0.1724437357836832 0
0.155478644916089 0.1405953424131341 0
1.819616564078054 0.04137312029215678 0
1.753504586821474 1.296364295173175 0
1.671327821715759 1.27162328943585 0
1.784030717566639 1.200667308654175 0
5.538003720274386 1.864889597338449 0
5.010662816217207 1.784504072874864 0
1.28009330580884 0.6556711781354725 0
9.637660841318816 3.221140097977195 0
9.24631632954496 2.972619414240704 0
7.143589256905122 1.159188787921812 0
0.6504308972406463 0.8292313842286354 0
0.6733005532568548 0.7065841788606928 0
2.244472865116811 0.9317759008164548 0
2.324679509083017 0.9441000039308212 0
2.288734781691516 0.980601488787809 0
0.07384048326349912 0.4853962834709824 0
0.02722181720413985 0.5002437178077557 0
8.265824566275224 0.4699987677643174 0
0.6140040956433452 1.038656593543333 0
0.7441368265593331 1.004806835730606 0
1.643309227511114 1.036014768235496 0
1.684205723297061 1.004567947353065 0
1.201000083955903 1.238515245201277 0
1.110623963787319 1.256225925800823 0
0.8723801387487233 0.9788034885315491 0
0.8289677530600263 1.003578038994624 0
0.9154884916991222 1.003970519356236 0
1.386483103041425 0.7831738269997941 0
1.427275294795682 0.7556611213742539 0
1.264050635348292 1.005901595717403 0
1.219513434371772 0.9799673892219722 0
0.6576497561308798 0.9172978642705634 0
0.6552890007490362 0.8739640128374662 0
0.4988030868771993 0.1927487922490054 0
0.5359080156451412 0.1545362190063369 0
0.9010314862300328 2.830194067772271 0
0.1180028880578128 0.1676402422594969 0
0.1147914552596339 0.1179960689766673 0
8.74756239823407 0.4699987677643174 0
2.700446227136093 0.4665105526659379 0
2.739881417856862 0.518479535046418 0
1.045523934565384 0.983678101051616 0
1.002128776867072 1.0083934504945 0
1.26255259614691 0.08211117373395993 0
8.917893928819314 2.730468262869808 0
1.420470042652116 0.7087854168743777 0
0.5102650555803274 0.1144807248958406 0
0.5561305451885019 0.1189492755877168 0
7.242410547126633 1.507494166607447 0
0.6134488558121394 0.9465305764147933 0
1.088337553811802 1.009461712024424 0
2.211808628597494 0.1203323888900814 0
1.737193893630496 0.1945110835293242 0
1.175546460917247 1.005322747584157 0
2.657955037750668 0.2717728670803412 0
0.3162246935589863 1.998302766050822 0
8.239955556959007 4.725598601405309 0
1.288194444444446 0.03634873426724816 0
1.336805555555557 0.03634873426724816 0
0.7104886817941409 0.03330525075071655 0
0.7051377268771368 0.08693976490151645 0
1.904913580378429 0.9920170939519726 0
1.858201466860479 0.9743150642437812 0
1.819496764320362 1.005968613455432 0
3.106791066325936 2.990597789857528 0
2.861569464433963 3.274235114857506 0
0.03865784920067927 0.1678050020891826 0
0.07995131769666397 0.1917977611652404 0
0.6083143484790074 0.8587242899072587 0
0.03865784920067927 0.1201627432503489 0
0.1228728198056368 0.7798866786947589 0
0.1669386856211279 0.7991850791412209 0
2.317181167554152 0.828692362622228 0
2.355478352340528 0.7981164068739091 0
2.933035106628187 0.0588620486559579 0
2.858692562192204 0.0588620486559579 0
1.457017420530229 1.058608522251003 0
1.50195899823474 1.027728930648754 0
9.637409127282329 4.637409127282329 0
9.637409127282329 4.137409127282329 0
9.137409127282329 4.637409127282329 0
0.04089161728352053 1.07805323367362 0
0.04089161728352053 1.144464357021502 0
2.401140498435923 0.1144928316079756 0
2.38422265472942 0.1632024199427922 0
2.84801964986865 0.1720138851319994 0
2.832060079339649 0.1042790437755348 0
2.879390307174952 3.732767595224712 0
3.392967476962044 3.79744035518301 0
2.490269375735493 0.1215319161414659 0
3.118291499016325 0.0809078266122234 0
3.014969944369777 0.0809078266122234 0
3.515757662899272 3.09204619139144 0
3.38390150931589 2.677124650909021 0
2.673320331008528 0.3108065529434425 0
2.68248633175586 0.3585044774311834 0
0.5941912853610694 0.03406996667222284 0
0.74721044318491 1.111807795567641 0
0.8205395951613781 1.101504574958517 0
0.782827849125475 1.146786708215673 0
1.990190713382372 0.9788700702176152 0
2.028903395913803 0.9473265178984147 0
3.464069340541039 0.3168002657941265 0
3.372223321128686 0.1229187511764449 0
1.093905012749256 0.03275533556527765 0
1.142516123860367 0.03275533556527765 0
0.1119412628431888 0.5001184816327962 0
2.190620782902039 0.153582014755056 0
2.166202499863952 0.112607996345738 0
9.652643744300136 0.8525979603359821 0
9.652643744300136 0.3525979603359821 0
2.815844813628831 0.6395785432393923 0
2.832206285474236 0.7529250140481345 0
0.2759018926383927 0.1985752355229806 0
9.17090591234129 0.3525979603359821 0
0.3175306274816023 4.210631873294478 0
0.3175306274816023 4.687054461682818 0
0.1197149648235127 0.7327004929229708 0
0.1056627750147978 1.535815968730358 0
0.5934113713210607 0.1135723515213289 0
2.07637700129344 0.9657054785073003 0
0.7765665651391611 1.211169082568357 0
0.08336887028578843 0.03448588889700144 0
0.03475775917467772 0.03448588889700144 0
0.567768411256246 0.07351685741083314 0
0.03475775917467772 0.0821281477358351 0
1.466077976821424 0.1894057522452703 0
1.500800654890832 0.1566793728798732 0
1.482964593981883 1.255959018482234 0
1.597205158426723 1.285767462988395 0
1.966782024381481 0.0317368707809873 0
2.648890469747839 0.4405162198920012 0
2.609790273636641 0.4716861552926908 0
2.014955807577365 0.0317368707809873 0
3.228626668339425 0.1229187511764449 0
2.432267973799673 0.18545187675715 0
2.467072372887662 0.1546897377361987 0
2.826248376969344 0.2924878585552557 0
2.788268672136939 0.3420135948006751 0
3.001363777048713 0.3175518727623761 0
3.003958834716212 0.2096931881745605 0
0.8175306274816023 4.687054461682818 0
2.536600086439515 2.138569731292499 0
2.270209527764772 2.041940418639077 0
1.732150633958021 1.022506689890313 0
1.953223275581158 1.253643701163797 0
2.028693467201738 1.209220696340497 0
2.437101213771028 0.730307527222521 0
2.398169550054853 0.7625613919224294 0
2.203456145308172 0.1903068261791674 0
0.02722181720413985 0.5478859766465898 0
0.06157869793677406 0.5689790400300183 0
3.579496841616233 2.35984860856833 0
4.917032925457743 0.2678540490049075 0
4.531485440395533 0.2678540490049075 0
1.764949742498892 0.1187736075479928 0
0.1514864843321666 2.091824316000368 0
0.1514864843321666 2.336024317951706 0
0.2839756941129163 2.921790802167163 0
0.6431118736253909 3.143225063524537 0
8.560381092324555 3.338801428487844 0
0.7800571095264583 0.07310693582705596 0
0.7590997929052516 0.03330525075071655 0
1.482478421814979 0.1142868110160098 0
2.686808496864713 1.562449050776442 0
2.542482968697036 1.460025653702344 0
0.08578460217419703 1.051953584802315 0
2.509155895982868 0.6651456468855739 0
2.469974663114507 0.6967197173700055 0
2.502312551699596 3.601483379742271 0
4.269176157173495 0.1728141786600084 0
3.991811357992658 0.1728141786600084 0
1.217547524544979 0.7908119206162707 0
1.258080618637159 0.7679866668928894 0
2.171268414738712 3.759070688918774 0
1.24296873720141 0.6823606240539926 0
0.1553447537213284 0.7023039527466941 0
2.40727475446936 0.8166300956911625 0
9.637660841318816 3.721140097977195 0
1.552055277538296 1.048777296353144 0
0.827801891977634 1.047983442985177 0
0.8634192979181972 1.082962355633209 0
0.1647382092268197 1.70661343345785 0
0.1647382092268197 1.882960961740969 0
1.357203635533049 1.064784392638555 0
1.309538306253682 1.038155839226088 0
1.173944076917874 0.7683167549563144 0
1.776756498387703 0.1633008350748941 0
0.2889160264674064 1.034998166482158 0
0.6576513366914369 1.0598038849525 0
3.023853161158405 1.19384633629261 0
2.44921881817318 0.1123884015331402 0
8.946899281911985 3.200129044583494 0
1.257493021958526 1.261366845331937 0
1.359530743535036 1.257840290931879 0
1.310282840504405 1.311229941342585 0
2.15785001657463 0.1825824336348241 0
0.7473257290606394 0.1063953052771627 0
3.859377375379339 0.6088316916338758 0
3.766462172243683 0.8807282007103174 0
2.807942011342938 0.5516187801031771 0
2.812397655453339 0.4767817200240771 0
0.2839756941129163 2.583595521319733 0
1.116270599883669 0.6748587381556392 0
1.0889176566528 0.7141092243893956 0
0.0925444139879712 0.5387870453889856 0
0.3402512620999731 1.185007785523516 0
0.3526781795639469 1.116340436959307 0
1.919697946068536 1.080587423845134 0
1.983192169561089 1.092313851972941 0
1.263867650186635 1.062263400564548 0
1.132053964220718 0.7480359125803098 0
1.172453364815177 0.7280124520329521 0
0.4934755030842402 0.9553999778339761 0
2.200058931913904 0.9180776405636315 0
2.1622724112738 0.9512088479818435 0
3.170530245042897 2.258400207034418 0
2.844202246825898 2.258631806826629 0
0.3358707211834568 1.486637215972311 0
2.545020414940158 0.7619769999585531 0
2.562223282627928 0.694743399795656 0
3.045927646969895 0.4769811247903841 0
0.341683024641581 1.049632687510674 0
1.745392640343982 1.131495436874626 0
1.827569405449696 1.156236442611952 0
3.757883724264983 3.861027375815548 0
2.555666327740152 0.645989585646578 0
1.046047585377141 4.306678558483846 0
0.9136094550834022 1.740350993168454 0
2.322500574631674 0.8737297633010543 0
2.366762491206378 0.9225553512724085 0
0.9109387181715114 1.054079230771229 0
0.9036764213552564 1.107600362744569 0
1.908490088563351 1.336488845044346 0
1.795787192712471 1.407444825826021 0
1.255551147988839 1.828699504501337 0
6.040840011022302 1.845098747179789 0
1.250247986986534 1.185125594790572 0
2.309391950604554 1.131370065658914 0
2.314173927830805 1.036823148153134 0
2.36415944843147 1.087472509407955 0
1.647341054754275 1.949330741102155 0
9.26593841130809 1.101982714971477 0
0.6766668069940778 3.979125261684217 0
2.978267611493114 0.1397698752681813 0
2.302308282912946 1.292175687766036 0
2.465173127855848 1.255521262814543 0
2.408103939563575 1.365677523666844 0
0.4146948008266333 1.240273063371501 0
6.553204552784012 1.845448949421301 0
0.1130868717695215 0.6814576864151256 0
2.153447571997724 3.300538208551568 0
2.275098185430791 0.8502370152806407 0
2.236003659305405 0.8815761557066435 0
2.734042089144115 0.3844988102051201 0
2.692781304579008 0.4176481421933813 0
2.966553406775643 0.6311348592669788 0
2.976689132873787 0.7690391792940954 0
0.2349155676426316 0.1918162744834153 0
7.052719747396545 1.815869090438484 0
2.922023996974622 0.187647410218295 0
2.873710873091749 0.2419371980383787 0
1.163715545930508 0.6864772644090806 0
1.205605658627665 0.7067581067850852 0
2.112133880076891 0.1621172659924959 0
2.113297256681144 0.1165788501561038 0
8.739955556959007 4.725598601405309 0
1.822347809646421 3.091764650322675 0
0.1108913652336323 0.07996147346215388 0
0.7860880503032064 1.022120258319932 0
0.7429709654769407 1.049212239721159 0
2.482839401527165 0.7474872708871674 0
2.512146965596679 0.7955648098110686 0
2.528423892968758 0.861195087159798 0
2.466242879555764 0.8467053580884123 0
0.9557456151361805 1.028608526467596 0
2.110194865979693 2.192234083441178 0
1.251706556086078 0.7238958116778638 0
9.275069968601144 3.858549225259523 0
8.888551779013714 3.997221609163874 0
8.888803493050201 3.58095257985874 0
3.884086164372915 0.3666956932776895 0
7.489128405142712 1.791011670064547 0
1.461740328447859 1.121609363388548 0
1.409774857891703 1.098051982341421 0
2.2339672838646 1.024499045038768 0
2.425730616292782 0.9526306136696583 0
2.423551681841439 0.8822603730398917 0
2.129789951865424 0.9920197743201955 0
2.090150268336575 1.023584942537251 0
1.132446890233586 1.02873912672478 0
2.912631564836822 0.8361237019889627 0
2.701777844994368 0.8802695498430475 0
2.604867475780568 0.8752920509127735 0
1.175280408597584 1.053425536196485 0
2.274828519867039 1.191217080782822 0
2.217759331574766 1.301373341635123 0
2.495389083422324 0.9970012731815805 0
2.438599892787262 1.037296251414097 0
1.827557189991872 1.055314632512737 0
1.780870902555529 1.037718551775097 0
1.946440291104409 1.004267446455927 0
1.907709762482684 1.035815046697026 0
2.933422445514013 0.9746746640815351 0
2.788939598114461 0.9585604988355745 0
2.888361051225307 0.597880728217052 0
8.88194397449305 0.8225967281002995 0
1.251555185037968 1.128395819366573 0
1.206067514132577 1.096141575857887 0
1.36192654345068 1.1277852337761 0
0.7052592194410368 1.094494372978315 0
0.8498957171156283 1.200865861959233 0
1.992986895486627 1.022668022962668 0
3.147545127880765 1.071409539445998 0
1.839545373577723 1.100087009660845 0
1.995505881472156 1.364724231816642 0
8.877364684241336 4.363007728687638 0
2.900252724075316 0.3081213836415513 0
2.224842999266374 1.140567719528001 0
2.080355542411036 1.093230771547524 0
2.026942591839052 1.066916475734628 0
1.627731289171888 1.190070476469395 0
1.531295758484618 1.143190276660035 0
1.484053195846093 1.182633736750453 0
0.9345799048743428 1.167089421732777 0
0.2704009842416184 1.618641947063931 0
2.798563644960087 0.401157259562873 0
1.74021105962953 1.071852708947619 0
0.0734156083753561 0.1070063733085167 0
1.602670224440342 1.06112798397487 0
1.559597837988431 1.094516590919856 0
2.115259318509411 1.241146911294001 0
2.103713717221186 1.168488519698404 0
1.650851787961249 1.081754062802208 0
2.433817915561011 1.131843168919878 0
2.866624238446163 0.4342965046196325 0
2.953901280926308 0.3681025332792531 0
2.96773529141956 0.4437269937404573 0
1.336830762073247 2.085082014212857 0
1.158358940543133 2.064036105085393 0
2.558963389739654 0.9264325991901172 0
1.413409163945125 1.234378105210746 0
2.166921393718709 1.125156986501028 0
2.142739081555318 1.342105518277215 0
1.581910705386664 1.155540964281761 0
2.201484824456224 1.06530997137712 0
2.176045678316934 1.009088312011795 0
1.696672371746473 1.116283574989842 0
2.379618123754135 1.496680078653838 0
1.656033368675701 1.141396790729216 0
0.9185456383671111 1.935462947470155 0
1.360619345399245 1.184515009200099 0
3.603563467212258 3.469106350972486 0
1.878171235342556 1.068337071341179 0
2.95865060448975 0.5431750961307633 0
1.308048123040591 1.151247419497232 0
0.6449737923944703 1.702146146170133 0
0.5725428695517785 1.665241535831419 0
0.6777086608653891 1.636143780624323 0
0.4673770782381688 1.694339291038516 0
0.5001119467090884 1.628336925492706 0
0.4346422097672491 1.760341656584326 0
0.3622112869245591 1.723437046245613 0
0.4276810238663984 1.591432315153992 0
0.5328468151800081 1.562334559946896 0
2.728294966674256 0.7839039871964166 0
2.720114230751554 0.7272307517920455 0
2.759967981514568 0.763336301338631 0
2.680260479988539 0.6911252022454599 0
2.711933494828851 0.6705575163876745 0
2.648587465148227 0.7116928881032456 0
2.640406729225524 0.6550196526988745 0
2.703752758906149 0.6138842809833034 0
2.743606509669164 0.6499898305298888 0
7.075467758827893 2.972485913408061 0
7.250578843832882 3.24942324268448 0
7.000692103354146 3.256899932480581 0
7.500465584311619 3.241946552888379 0
7.425689928837871 3.526360571960899 0
7.575241239785367 2.95753253381586 0
7.750352324790356 3.234469863092278 0
7.60080101384286 3.803297901237317 0
7.350914273364124 3.810774591033418 0
1.185451450463431 0.2011911216237467 0
1.186184032283758 0.1699493456308057 0
1.210407446832837 0.1852502069122468 0
1.16196061773468 0.1546484843493641 0
1.186916614104085 0.1387075696378641 0
1.137004621365274 0.170589399060864 0
1.137737203185601 0.1393476230679229 0
1.187649195924412 0.107465793644923 0
1.21187261047349 0.1227666549263642 0
0.9798995281097227 0.2895139712520538 0
1.003358348787665 0.2981599477942316 0
0.9853630945468907 0.3143516250177378 0
1.021353603028439 0.2819682705707254 0
1.026817169465608 0.3068059243364094 0
1.015890036591271 0.2571306168050418 0
1.039348857269213 0.2657765933472191 0
1.05027599014355 0.3154519008785872 0
1.032280735902776 0.3316435781020934 0
3.239499143217888 1.839310596736183 0
3.207461709763367 1.676674858477019 0
3.33408814388872 1.778488426434564 0
3.080835275638015 1.574861290519473 0
3.175424276308846 1.514039120217855 0
2.986246274967183 1.635683460821092 0
2.954208841512662 1.473047722561928 0
3.143386842854325 1.351403381958691 0
3.270013276979678 1.453216949916236 0
0.5981042728119412 1.117307930036588 0
0.570991149805236 1.108649730612951 0
0.5871698086431021 1.07905075334953 0
0.5548124909673691 1.138248707876372 0
0.543878026798529 1.099991531189313 0
0.5657469551362082 1.176505884563431 0
0.5386338321295021 1.167847685139793 0
0.5167649037918238 1.091333331765675 0
0.5329435626296899 1.061734354502254 0
7.24785891312018 4.064952809355258 0
7.072747828115192 3.788015480078839 0
6.79458138286626 3.765256369124261 0
6.897636743110203 3.511078150802421 0
6.691526022622316 4.019434587446102 0
6.516414937617327 3.742497258169683 0
6.722525658105214 3.234140821526002 0
1.360751963834565 0.1507249737159926 0
1.368973531445265 0.1275906667527424 0
1.385057519390119 0.1535998351465739 0
1.35288954350041 0.1015814983589101 0
1.377195099055965 0.1044563597894919 0
1.328583987944857 0.09870663692832871 0
1.336805555555556 0.07557232996507857 0
1.385416666666664 0.08132205282624128 0
1.401500654611518 0.1073312212200732 0
0.3698905006375837 0.0869845872649897 0
0.3855514079885065 0.1109765237291551 0
0.362134381460641 0.1119985890248945 0
0.408968434516372 0.1099544584334158 0
0.4012123153394294 0.1349684601933205 0
0.4167245536933137 0.08494045667351102 0
0.4323854610442375 0.1089323931376764 0
0.4168732226903522 0.1589603966574855 0
0.3934561961624876 0.1599824619532244 0
1.126463873712999 0.250774136423991 0
1.146126399296477 0.2342464648239098 0
1.150687288262078 0.2660749977054326 0
1.141565510330875 0.2024179319423869 0
1.165788924879954 0.2177187932238285 0
1.117342095781797 0.1871170706609453 0
1.190012339429033 0.2330196545052692 0
6.103339894343346 4.749168869122881 0
6.353339894343346 4.749168869122881 0
6.456679788686692 4.498337738245762 0
6.603339894343346 4.749168869122881 0
6.310019683030038 4.247506607368642 0
6.560019683030038 4.247506607368642 0
6.853339894343346 4.749168869122881 0
1.106739894716962 0.2721867368745192 0
1.10217900575136 0.2403582039929963 0
1.077894137789722 0.2299422715620016 0
1.097618116785759 0.2085296711114735 0
1.058170158793684 0.2513548720125298 0
1.053609269828083 0.2195263391310074 0
1.093057227820158 0.176701138229951 0
0.9174195684168538 0.6635933333741977 0
0.9120713378545666 0.6380257225548331 0
0.9365564575744179 0.6480746250242801 0
0.8875862181347145 0.6279768200853861 0
0.9067231072922777 0.6124581117354686 0
0.8684493289771513 0.6434955284353041 0
0.8631010984148624 0.6179279176159393 0
0.9013748767299905 0.5868905009161038 0
0.9258599964498417 0.5969394033855506 0
6.984846233935624 4.52109684920034 0
7.131506339592278 4.771927980077459 0
6.83818612827897 4.270265718323221 0
7.116352573527903 4.293024829277799 0
7.394519018776834 4.315783940232377 0
5.7233576391059 3.321519995191217 0
5.451328306202098 3.334687831417252 0
5.554737721735369 3.089825759574935 0
5.347918890668826 3.57954990325957 0
5.179298973298295 3.347855667643287 0
5.516538808039357 3.811244138875853 0
5.244509475135555 3.824411975101888 0
4.907269640394492 3.361023503869323 0
5.010679055927763 3.116161432027004 0
1.291185965974863 0.1376652328137133 0
1.314374631928097 0.1420184797811399 0
1.307269953919717 0.1636744012075457 0
1.321479309936477 0.1203625583547341 0
1.337563297881331 0.1463717267485665 0
1.305395321991623 0.09435338996090259 0
1.353647285826185 0.172380895142398 0
2.582929412853557 0.7764377388010058 0
2.631384597460456 0.7789264882661426 0
2.622783163616571 0.8125432883475912 0
2.639986031304341 0.7453096881846941 0
2.679839782067356 0.7814152377312795 0
2.600132280541327 0.7092041386381087 0
2.719693532830371 0.8175207872778651 0
1.638945959488004 0.1595183341205457 0
1.650618806262784 0.1350981963500288 0
1.662644089090497 0.1594785998392361 0
1.638593523435071 0.1107177928608221 0
1.662291653037564 0.1106780585795124 0
1.614895393832579 0.1107575271421317 0
1.626568240607359 0.08633738937161528 0
1.673964499812344 0.08625792080899597 0
1.685989782640056 0.1106383242982023 0
1.26547968222799 0.1736138614063867 0
1.247610658309823 0.1566647925797122 0
1.266212264048317 0.1423720854134451 0
1.22900905257133 0.1709574997459797 0
1.229741634391657 0.1397157237530386 0
1.228276470751003 0.2021992757389208 0
1.230474216211983 0.1084739477600971 0
1.039284116757203 0.6926853034989582 0
1.052960588372638 0.67306006038208 0
1.060948532803014 0.7008615960049656 0
1.044972643942261 0.6452585247591944 0
1.066637059988072 0.6534348172652018 0
1.02330822789645 0.6370822322531873 0
1.036984699511885 0.6174569891363091 0
1.080313531603507 0.6338095741483234 0
1.088301476033883 0.6616111097712092 0
0.9188068799554365 0.1963183680218767 0
0.9152559619127096 0.1703426336465927 0
0.9385972588799643 0.1773286671848076 0
0.8919146649454568 0.1633566001083784 0
0.9117050438699836 0.1443668992713096 0
0.8721242860209291 0.1823463009454471 0
0.8685733679782022 0.156370566570164 0
0.9081541258272576 0.1183911648960256 0
0.9314954227945105 0.1253771984342404 0
0.09078136911817136 0.3654208650081512 0
0.06829069042200686 0.3761257376593345 0
0.06747203608849262 0.3490234527571205 0
0.06910934475552288 0.4032280225615485 0
0.04580001172584325 0.3868306103105184 0
0.09241867778520252 0.4196254348125792 0
0.06992799908903891 0.4303303074637626 0
0.02330933302967964 0.3975354829617022 0
0.02249067869616361 0.3704331980594882 0
0.383617954312113 0.1800222683006756 0
0.3679570469611901 0.1560303318365106 0
0.3424578977598935 0.1520782017197959 0
0.3522961396102673 0.1320383953723452 0
0.3326196559095198 0.1721180080672471 0
0.3169587485585961 0.1481260716030821 0
0.3366352322593444 0.1080464589081798 0
0.9602585869690481 0.6575518510403089 0
0.9866004302317668 0.6692630018598587 0
0.9682465313994246 0.6853533866631945 0
1.004954329064109 0.6531726170565229 0
1.012942273494485 0.6809741526794084 0
0.9969663846337324 0.6253710814336375 0
1.020930217924862 0.708775688302294 0
0.02330933302967964 0.421356612381119 0
0.04661866605935927 0.4377540246321492 0
0.02330933302967964 0.4451777418005358 0
0.06992799908903891 0.4541514368831798 0
0.02330933302967964 0.4689988712199527 0
4.847607209638502 3.612184835859953 0
4.67898729226797 3.38049060024367 0
5.016227127009033 3.843879071476236 0
4.787944778882512 3.863346167850583 0
5.184847044379564 4.075573307092519 0
4.728282348126521 4.114507499841213 0
4.55966243075599 3.882813264224931 0
0.8654029940029915 0.7052721506426129 0
0.8827418521409456 0.6913792115531412 0
0.8898881137228436 0.71532105311206 0
0.8755955905590485 0.6674373699942224 0
0.9000807102788997 0.6774862724636694 0
0.8511104708391972 0.6573884675247756 0
0.9245658299987518 0.6875351749331164 0
0.4914366157950578 1.115298388681695 0
0.4805021516262187 1.077041211994636 0
0.502371079963897 1.153555565368754 0
0.4661083277982918 1.139263445597715 0
0.5133055441327361 1.191812742055813 0
0.4407800398015276 1.163228502513735 0
0.4298455756326875 1.124971325826677 0
0.2005710356687622 0.6018877834698686 0
0.1787683772267021 0.5938909287208496 0
0.1960531688938438 0.5774998077978561 0
0.1614835855595604 0.610282049643843 0
0.1569657187846412 0.5858940739718306 0
0.1660014523344797 0.6346700253158555 0
0.1441987938924187 0.6266731705668365 0
0.1351630603425802 0.5778972192228116 0
0.1524478520097219 0.5615060982998181 0
1.900527120723231 0.1196157914518405 0
1.880377277466642 0.1396888154543721 0
1.876948603311728 0.1115816236305225 0
1.883805951621556 0.1677960072782216 0
1.860227434210053 0.1597618394569036 0
1.907384469033058 0.1758301750995397 0
1.887234625776469 0.1959031991020712 0
1.840077590953464 0.1798348634594351 0
1.83664891679855 0.1517276716355855 0
1.364972456971136 1.474253311191826 0
1.437875440896816 1.433640892028474 0
1.422092739193556 1.489157533444907 0
1.453658142600075 1.378124250612041 0
1.510778424822495 1.393028472865122 0
1.396537860377656 1.36322002835896 0
1.469440844303334 1.322607609195608 0
1.583681408748174 1.35241605370177 0
1.567898707044915 1.407932695118202 0
2.592481146599729 0.08718597364084246 0
2.603890907481241 0.113061660077455 0
2.579589829593424 0.1119097608513071 0
2.628191985369059 0.1142135593036029 0
2.615300668362753 0.1389373465140675 0
2.641083302375365 0.08948977209313869 0
2.652493063256877 0.1153654585297517 0
2.626710429244265 0.1648130329506801 0
2.602409351356448 0.1636611337245322 0
0.1196802023169816 0.592993216543328 0
0.1151623355420632 0.5686052408713156 0
0.1241980690919018 0.6173811922153405 0
0.1041973442913839 0.6080892138638443 0
0.1287159358668202 0.6417691678873529 0
0.08871448626578626 0.6231852111843605 0
0.0841966194908661 0.5987972355123481 0
0.4560463095875935 1.300233523456942 0
0.5161039465187462 1.311655017343895 0
0.484929950948497 1.343031237887259 0
0.5472779420889955 1.280278796800532 0
0.576161583449899 1.323076511230848 0
0.518394300728092 1.237481082370215 0
0.5784519376592447 1.248902576257168 0
0.6362192203810508 1.334498005117801 0
0.6050452248108016 1.365874225661164 0
0.9650824554000295 0.2127130360654523 0
0.9700214796365936 0.2383133477943193 0
0.9470872011592553 0.2289047132889586 0
0.9929557581139328 0.2477219822996806 0
0.9749605038731577 0.2639136595231868 0
1.010951012354707 0.2315303050761743 0
0.9569652496323844 0.2801053367466926 0
1.069097291668021 0.3010301795438979 0
1.074560858105189 0.3258678333095819 0
1.063633725230853 0.2761925257782138 0
1.087918593192491 0.2866084582092085 0
1.11220346115413 0.2970243906402033 0
1.086404546287324 0.1554590498785964 0
1.066893053916277 0.1356306926347681 0
1.093269714445149 0.1354601805355946 0
1.040516393387406 0.1358012047339416 0
1.04738156154523 0.1158023353909394 0
1.03365122522958 0.1558000740769434 0
1.014139732858534 0.1359717168331152 0
1.027870069174184 0.09597397814711073 0
1.054246729703055 0.09580346604793721 0
7.99441731106377 3.142448123955591 0
7.919641655590022 3.426862143028111 0
8.088930986389688 3.619254422963945 0
7.844866000116275 3.711276162100631 0
8.332995972663102 3.527232683827258 0
8.258220317189355 3.811646702899777 0
7.770090344642527 3.99569018117315 0
2.675993717479798 0.1105120947479428 0
2.663102400473493 0.1352358819584074 0
2.673711737690109 0.1551063053870632 0
2.650211083467187 0.1599596691688716 0
2.69721239191303 0.1502529416052543 0
2.684321074906725 0.1749767288157189 0
2.637319766460881 0.1846834563793358 0
1.973277556738149 0.1590097687428971 0
1.949027411399843 0.1458784429792113 0
1.969848882583235 0.1309025769190475 0
1.928205940216451 0.1608543090393755 0
1.924777266061537 0.1327471172155259 0
1.931634614371364 0.1889615008632251 0
1.921348591906623 0.1046399253916759 0
1.032869377487169 1.421946641226501 0
1.126564117052406 1.439969956948286 0
1.068105536572165 1.475700005442905 0
1.185022697532648 1.404239908453667 0
1.220258856617644 1.457993272670071 0
1.149786538447652 1.350486544237262 0
1.24348127801289 1.368509859959047 0
1.313953596182881 1.476016588391855 0
1.255495015702639 1.511746636886475 0
1.517660391979774 1.521752017370607 0
1.444757408054095 1.562364436533959 0
1.590563375905453 1.481139598207255 0
1.613228044765992 1.554346501296307 0
1.663466359831133 1.440527179043902 0
1.70879569755221 1.586940985222007 0
1.63589271362653 1.627553404385359 0
0.9477770197390161 0.113543744588247 0
0.9513279377817421 0.1395194789635306 0
0.9711604527689737 0.1536617594928207 0
0.9548788558244681 0.1654952133388141 0
0.9874420497134775 0.1418283056468272 0
0.9909929677562044 0.1678040400221104 0
0.958429773867195 0.1914709477140977 0
1.676628776848887 2.624157490887187 0
1.686220515782286 2.455035562301744 0
1.831883923189401 2.556281854331836 0
1.540557108375171 2.353789270271653 0
1.695812254715685 2.285913633716302 0
1.385301962034656 2.421664906827004 0
1.394893700968056 2.252542978241562 0
1.705403993649083 2.116791705130859 0
1.851067401056198 2.21803799716095 0
0.7526076753499344 1.770604368113887 0
0.6474418840363239 1.799702123320983 0
0.6499099756781792 1.897258100471833 0
0.5422760927227142 1.82879987852808 0
0.7575438586336434 1.965716322415587 0
0.6523780673200328 1.994814077622684 0
0.4371103014091045 1.857897633735176 0
0.1609194829238518 0.3999056269521146 0
0.1375401116552917 0.3884107063041267 0
0.1601008285903358 0.3728033420499006 0
0.1149793947202467 0.4040180705583527 0
0.1141607403867315 0.3769157856561387 0
0.1157980490537618 0.4311203554605667 0
0.1133420860532164 0.3498135007539247 0
4.502015965880926 0.6092561620154586 0
4.370861324269907 0.5617362268430091 0
4.514370360377713 0.4881881628373654 0
4.227352288162099 0.6352842908486522 0
4.239706682658888 0.5142162916705593 0
4.214997893665311 0.7563522900267454 0
4.083843252054292 0.7088323548542959 0
4.108552041047869 0.4666963564981095 0
4.252061077155675 0.3931482924924659 0
1.707500452869488 0.1033638835236825 0
1.695827606094709 0.127784021294199 0
1.705665429549361 0.1449297182901956 0
1.684154759319929 0.1522041590647154 0
1.727176099778793 0.137655277515675 0
1.715503253004013 0.1620754152861918 0
1.672481912545149 0.1766242968352323 0
0.7542231789689735 0.7785279690541764 0
0.750684007550344 0.754842454300515 0
0.7746382173916695 0.7632001664707806 0
0.7267297977090186 0.7464847421302494 0
0.7471448361317146 0.7311569395468536 0
0.7063147592863226 0.7618125447136448 0
0.7027755878676931 0.7381270299599836 0
0.7436056647130851 0.7074714247931924 0
0.7675598745544097 0.7158291369634582 0
3.888279211842811 1.263374932510374 0
4.113124628794004 1.254128351235746 0
4.052054746889107 1.398619877395075 0
4.174194510698903 1.109636825076418 0
4.337970045745199 1.244881769961118 0
4.010418975652606 0.9743918801917175 0
4.235264392603801 0.9651452989170892 0
4.562815462696393 1.23563518868649 0
4.501745580791495 1.380126714845818 0
2.123209521283404 1.673138898152777 0
2.139347179048634 1.586639700564535 0
2.196826121324985 1.661829541383064 0
2.081868236772282 1.511449859746007 0
2.155484836813863 1.500140502976293 0
2.008251636730701 1.52275921651572 0
2.02438929449593 1.436260018927478 0
2.171622494579092 1.413641305388051 0
2.229101436855444 1.48883114620658 0
0.693644299494256 0.821717038504977 0
0.7138372593191615 0.8073206820213767 0
0.7175985093355806 0.8300747506752426 0
0.7100760093027425 0.7845666133675109 0
0.7340302191440671 0.7929243255377765 0
0.6861217994614162 0.7762089011972451 0
0.7579844289853934 0.8012820377080423 0
2.307935729847244 0.08431591750735601 0
2.322251291893744 0.1083785525350049 0
2.299476807993993 0.1086707116747645 0
2.345025775793494 0.1080863933952454 0
2.336566853940243 0.1324411875626539 0
2.353484697646746 0.08373159922783735 0
2.367800259693245 0.1077942342554863 0
2.350882415986742 0.1565038225903028 0
2.328107932086992 0.1567959817300624 0
0.7097357545887943 1.349283848739067 0
0.7870627384050373 1.369379091282318 0
0.7424298455581972 1.397390962091368 0
0.8316956312518773 1.341367220473268 0
0.8643897222212811 1.389474333825569 0
0.7990015402824744 1.293260107120967 0
0.8763285240987173 1.313355349664219 0
0.941716706037524 1.40956957636882 0
0.897083813190684 1.43758144717787 0
1.027232609299211 0.2196968512301809 0
1.046956588295249 0.1982842507796527 0
1.040303906762414 0.1770421624282981 0
1.066680567291286 0.1768716503291246 0
1.013927246233543 0.1772126745274716 0
3.385284215128346 1.31990252341023 0
3.417321648582867 1.482538261669394 0
3.564630020186056 1.511859573422552 0
3.449359082037388 1.645173999928558 0
3.679900958334724 1.378545146916545 0
3.711938391789245 1.541180885175709 0
3.481396515491908 1.807809738187722 0
1.066016833281247 1.047925793286575 0
1.058276994175344 1.087777860767227 0
1.036222325964452 1.078139153417049 0
1.080331662386236 1.097416568117405 0
1.050537155069442 1.127629928247879 0
1.110126169703031 1.06720320798693 0
1.102386330597128 1.107055275467582 0
1.042797315963539 1.16748199572853 0
1.020742647752646 1.157843288378352 0
8.376309698662936 1.776565903306939 0
8.595737170978087 1.63740277414976 0
8.568306917070457 1.916258896742528 0
8.623167424885718 1.358546651556992 0
8.815164643293238 1.498239644992581 0
8.431170206478198 1.218853658121403 0
8.65059767879335 1.079690528964223 0
9.03459211560839 1.359076515835401 0
9.007161861700759 1.637932638428169 0
2.73436244907294 1.093250323427615 0
2.690781572512893 1.054104848931352 0
2.766149602231605 1.057965986431884 0
2.615413542794181 1.05024371143082 0
2.647200695952846 1.014959374435088 0
2.583626389635516 1.085528048426551 0
2.540045513075469 1.046382573930288 0
2.603619819392799 0.9758138999388246 0
2.678987849111511 0.9796750374393564 0
8.181364384784679 1.912225705983158 0
8.208794638692311 1.63336958339039 0
8.041279578721685 1.49017326347384 0
8.236224892599941 1.354513460797622 0
7.846334264843427 1.625833066150059 0
7.873764518751058 1.346976943557291 0
8.263655146507572 1.075657338204853 0
2.390920871216993 2.537401798573903 0
2.256561269288546 2.63486471972651 0
2.225370990041341 2.433015019459456 0
2.287751548535751 2.836714419993564 0
2.1222016673601 2.732327640879118 0
2.453301429711402 2.94110119910801 0
2.318941827782956 3.038564120260618 0
1.987842065431653 2.829790562031725 0
1.956651786184448 2.627940861764671 0
0.399752708278065 0.998863496697922 0
0.430578573736013 1.008252314506218 0
0.4133528432491387 1.024909701653727 0
0.4478043042228883 0.9915949273587092 0
0.4614044391939611 1.017641132314515 0
0.4342041692518137 0.9655487224029038 0
0.4650300347097627 0.9749375402112004 0
0.4922303046519101 1.027029950122811 0
0.4750045741650357 1.04368733727032 0
6.16330203115656 4.011533160048185 0
6.016653900473006 3.781528771762529 0
6.266711446689831 3.766671088205868 0
5.766596354256182 3.796386455319191 0
5.870005769789453 3.551524383476873 0
5.663186938722911 4.041248527161509 0
5.973415185322724 3.306662311634556 0
0.7840065796661602 0.6774693731488117 0
0.8111387177784373 0.6867369656467455 0
0.7911528412480582 0.7014112147077305 0
0.8311245943088164 0.6720627165857604 0
0.8382708558907144 0.6960045581446792 0
0.8239783327269192 0.6481208750268421 0
0.8454171174726124 0.719946399703598 0
1.013030745099006 1.088246691403597 0
1.020770584204908 1.048394623922945 0
1.005290905993103 1.128098758884248 0
0.98983916423356 1.098354229390144 0
0.9975510668872003 1.1679508263649 0
0.9666475833681138 1.108461767376692 0
0.9743874224740168 1.068609699896041 0
1.624045425848871 0.1792801237744266 0
1.612020143021159 0.1548997202852194 0
1.585094326554313 0.1502811064498935 0
1.599994860193446 0.1305193167960126 0
1.57019379291518 0.1700428961037743 0
1.558168510087468 0.1456624926145675 0
1.587969577365734 0.1061389133068058 0
1.786288448423148 1.607003260157592 0
1.8985954727099 1.629048472822654 0
1.8437673906995 1.682193100976121 0
1.9534235547203 1.575903844669187 0
2.010902496996652 1.651093685487716 0
1.895944612443948 1.500714003850658 0
2.068381439273004 1.726283526306244 0
2.852324111796567 2.717494911875098 0
2.698523031603376 2.657463874108033 0
2.821133832549362 2.515645211608044 0
2.575912230657389 2.799282536608021 0
2.544721951410184 2.597432836340968 0
2.607102509904593 3.001132236875075 0
2.513531672162979 2.395583136073914 0
0.1731585804059677 1.118463838873188 0
0.1463197483709067 1.1244658080609 0
0.1622997306722214 1.085759632148763 0
0.1303397660695929 1.163171983973037 0
0.1194809163358475 1.130467777248613 0
0.1411986158033383 1.195876190697461 0
0.114359783768279 1.201878159885174 0
0.09264208430078646 1.136469746436325 0
0.1086220666021012 1.097763570524189 0
5.853282348126521 4.764026552679542 0
5.956622242469868 4.513195421802424 0
5.809904590596389 4.277221974481966 0
6.059962136813214 4.262364290925304 0
5.559847044379564 4.292079658038628 0
0.1121695625116441 0.9864218224501227 0
0.1370077107431262 1.006325830717203 0
0.114624118012836 1.020045638159809 0
0.1593913034734165 0.9926060232745977 0
0.1618458589746083 1.026229838984284 0
0.1569367479722255 0.9589822075649113 0
0.1817748962037076 0.9788862158319918 0
0.1866840072060896 1.046133847251365 0
0.1643004144757994 1.059853654693971 0
0.2946256127599831 1.118078165458022 0
0.2667004855638115 1.117081458404305 0
0.272913944295798 1.082747784122201 0
0.2604870268318251 1.15141513268641 0
0.23877535836764 1.116084751350589 0
0.2821986952960103 1.186745514022231 0
0.2542735680998387 1.185748806968514 0
0.2108502311714666 1.115088044296872 0
0.2170636899034539 1.080754370014768 0
2.555291178359058 1.267184051768018 0
2.614981601930352 1.209206142321217 0
2.63065920807777 1.271045189268549 0
2.599303995782934 1.147367095373884 0
2.674672025501646 1.151228232874416 0
2.523935966064222 1.143505957873352 0
2.750040055220358 1.155089370374948 0
2.315874348509014 0.1759705643931335 0
2.301558786462515 0.1519079293654846 0
2.275009640838037 0.1470198770009064 0
2.287243224416015 0.1278452943378356 0
2.262776057260059 0.1661944596639771 0
2.24846049521356 0.1421318246363281 0
2.272927662369516 0.1037826593101867 0
4.542548963757904 1.026842179796146 0
4.7063244988042 1.162087124680846 0
4.378773428711607 0.8915972349114458 0
4.522282464819415 0.8180491709058022 0
4.665791500927222 0.7445011069001588 0
0.2001940889396643 0.9292931140167182 0
0.2246122491247462 0.9395404744332416 0
0.2037385008875976 0.9555097605388285 0
0.2454859973618948 0.9235711883276543 0
0.2490304093098272 0.9497878348497648 0
0.2419415854139615 0.897354541805544 0
0.2663597455990434 0.9076019022220674 0
0.2734485694949083 0.960035195266288 0
0.2525748212577597 0.9760044813718751 0
1.055642823262524 0.07335899938572021 0
1.07515431563357 0.09318735662954891 0
1.096061901564084 0.09057124721116061 0
1.094665808004617 0.1130157138733776 0
1.097457995123552 0.06812678054894405 0
1.116969487494599 0.08795513779277275 0
1.114177300375663 0.1328440711172059 0
2.015969235739604 0.1298504465374233 0
2.037257755255539 0.13843619831031 0
2.015387547437477 0.1526196544556191 0
2.059127963073602 0.1242527421650004 0
2.058546274771475 0.1470219500831962 0
2.059709651375729 0.1014835342468046 0
2.080998170891665 0.1100692860196908 0
2.079834794287411 0.1556077018560824 0
2.057964586469348 0.1697911580013924 0
0.8810911023943593 0.1134416414194561 0
0.900881481318887 0.09445194058238737 0
0.8613007234698316 0.1324313422565253 0
0.8540280789614609 0.1084921179428866 0
0.8415103445453038 0.1514210430935945 0
0.8269650555285626 0.1035425944663171 0
0.8467554344530903 0.08455289362924834 0
3.600808291633347 0.5237112837735833 0
3.511163227988492 0.5636091609695728 0
3.557620829556321 0.4276609064313517 0
3.464705626420664 0.6995574155077935 0
3.421518164343638 0.6035070381655621 0
3.507893088497689 0.7956077928500251 0
3.418248024852836 0.8355056700460144 0
3.331873100698784 0.6434049153615515 0
3.378330702266612 0.5074566608233306 0
0.8489562888912419 0.743631914457259 0
0.8218241507789648 0.7343643219593254 0
0.7982311840853171 0.7487822442150529 0
0.7946920126666877 0.7250967294613919 0
0.8017703555039466 0.7724677589687143 0
3.052046549187301 0.783285707221365 0
3.109939355783647 0.7070648749174642 0
3.115007218832719 0.7760170349310225 0
3.104871492734576 0.6381127149039059 0
3.167832162379994 0.6308440426135635 0
3.041910823089157 0.6453813871942484 0
3.099803629685503 0.5691605548903476 0
3.22572496897634 0.5546232103096627 0
3.230792832025412 0.623575370323221 0
0.9513647089474784 1.344574242903291 0
0.9840587999168813 1.392681356255592 0
0.9186706179780746 1.29646712955099 0
0.9610127118574319 1.279578909437762 0
0.8859765270086717 1.248360016198689 0
0.9706607147673862 1.214583575972233 0
1.00335480573679 1.262690689324534 0
1.4035578553913 1.007876776172595 0
1.426028644243555 0.9924369803714703 0
1.427522738826328 1.019611345402751 0
1.424534549660783 0.9652626153401891 0
1.448499433095811 0.9769971845703456 0
1.400569666225755 0.9535280461100328 0
1.423040455078011 0.9380882503089083 0
1.470970221948067 0.9615573887692208 0
1.472464316530839 0.988731753800502 0
0.9442138952821839 0.580849018582215 0
0.949562125844472 0.6064166294015796 0
0.9732642552391022 0.6158938554176085 0
0.95491035640676 0.6319842402209441 0
0.9916181540714444 0.599803470614273 0
4.414628617564902 2.366603176322593 0
4.286190248434238 2.533156153013548 0
4.178183213281218 2.278914122370066 0
4.394197283587257 2.787398183657031 0
4.157751879303574 2.699709129704504 0
4.630642687870941 2.875087237609558 0
4.502204318740277 3.041640214300513 0
4.029313510172909 2.866262106395459 0
3.92130647501989 2.612020075751977 0
1.810595695597556 0.1495370818746662 0
1.830745538854145 0.1294640578721347 0
1.824842160909739 0.1072004441086838 0
1.850895382110734 0.1093910338696031 0
1.798788939708745 0.1050098543477649 0
1.818938782965334 0.08493683034523336 0
1.871045225367323 0.08931800986707117 0
1.420877748999227 0.9128308685567976 0
1.444842632434255 0.9245654377869541 0
1.466644809790499 0.9110426252649997 0
1.468807515869283 0.9363000070171101 0
1.464482103711715 0.8857852435128892 0
1.488446987146744 0.8975198127430453 0
1.492772399304311 0.9480345762472666 0
2.601419905635435 0.5371750290784858 0
2.639515996552316 0.5472273873640832 0
2.621137500995819 0.5631595202687258 0
2.657894492108812 0.5312952544594405 0
2.677612087469196 0.5572797456496805 0
2.638176896748427 0.5053107632692004 0
2.676272987665308 0.5153631215547978 0
2.715708178386077 0.5673321039352777 0
2.69732968282958 0.5832642368399203 0
3.808853683630789 0.09694075730884055 0
3.709068077114741 0.09694075730884055 0
3.65520548030487 0.1938815146176811 0
3.609282470598694 0.09694075730884055 0
3.701128490011046 0.2908222719265217 0
3.601342883494998 0.2908222719265217 0
3.509496864082646 0.09694075730884055 0
0.1100069069607681 0.3245533985164943 0
0.1333862782293274 0.3360483191644819 0
0.1534304704054392 0.322283137575039 0
0.1567656494978875 0.3475432398124698 0
0.15009529131299 0.2970230353376082 0
0.1734746625815502 0.3085179559855962 0
0.1801450207664477 0.3590381604604578 0
0.615966528738249 2.542549470176316 0
0.7838883203386757 2.447076992113975 0
0.7358731798262603 2.606836048983935 0
0.8319034608510929 2.287317935244016 0
0.9518101119391034 2.351604514051635 0
0.7119968097630816 2.223031356436397 0
0.8799186013635083 2.127558878374056 0
1.119731903539531 2.256132035989294 0
1.071716763027114 2.415891092859253 0
0.2061930563887886 0.9891335762485149 0
0.2306112165738696 0.9993809366650384 0
0.2086476118899796 1.022757391958201 0
0.2550293767589515 1.009628297081562 0
0.2111021673911715 1.056381207667888 0
1.309192623648216 0.9563277193029429 0
1.331531193705127 0.942467630977895 0
1.33205986147225 0.9679339460538952 0
1.331002525938003 0.9170013159018948 0
1.353869763762037 0.9286075426528471 0
1.308135288113969 0.9053950891509421 0
1.33047385817088 0.8915350008258944 0
1.376208333818948 0.9147474543277994 0
1.376737001586072 0.9402137694037997 0
0.08867480109853965 0.9758491033601284 0
0.1110583938288299 0.9621292959175227 0
0.1099472251460156 0.9378367693849228 0
0.1334419865591201 0.948409488474917 0
0.08645246373291027 0.9272640502949285 0
0.1088360564632005 0.9135442428523228 0
0.1558255792894112 0.9346896810323111 0
3.056309862733455 0.3236036801061708 0
3.112774976228754 0.2906798000943738 0
3.111477447395004 0.3446091423882813 0
3.114072505062504 0.2367504578004658 0
3.169240089724053 0.2577559200825768 0
3.058904920400954 0.2157449955183548 0
3.115370033896253 0.1828211155065578 0
3.225705203219353 0.2248320400707797 0
3.224407674385604 0.2787613823646873 0
2.587395066790963 0.1831109282069896 0
2.575985305909451 0.1572352417703771 0
2.549561260462455 0.150809349816222 0
2.564575545027939 0.1313595553337645 0
2.534546975896971 0.1702591442986794 0
2.523137215015459 0.1443834578620669 0
2.553165784146427 0.105483868897152 0
1.591810201505052 0.9898284144130618 0
1.612258449398026 0.974105003971846 0
1.61557591188318 0.9996652789669418 0
1.608940986912873 0.9485447289767501 0
1.632706697291 0.9583815935306301 0
1.585175276534745 0.9387078644228699 0
1.605623524427719 0.9229844539816541 0
1.653154945183974 0.9426581830894145 0
1.656472407669127 0.9682184580845103 0
0.4496762861682697 1.06765239418634 0
0.4243479981715046 1.09161745110236 0
0.4188504207103216 1.058263576378044 0
0.3990197101747395 1.11558250801838 0
0.3880245552523736 1.048874758569747 0
1.35675371965178 0.7271046007400859 0
1.35326347885545 0.70410991727928 0
1.375824840519436 0.7133120078770516 0
1.330702117191464 0.6949078266815083 0
1.349773238059119 0.6811152338184741 0
1.311630996323809 0.7087004195445425 0
1.308140755527478 0.6857057360837369 0
1.346282997262788 0.6581205503576684 0
1.368844358926774 0.6673226409554398 0
0.1629102842675243 1.231206572033282 0
0.1844370133994175 1.284522100964993 0
0.1467453626339177 1.287897895541308 0
0.2221286641649174 1.281146306388677 0
0.2059637425313108 1.337837629896703 0
0.238293585798524 1.224454982880651 0
0.2598203149304172 1.277770511812361 0
0.227490471663204 1.391153158828413 0
0.1897988208977033 1.394528953404729 0
1.514503076470935 0.9329984841043659 0
1.516665782549719 0.9582558658564766 0
1.512340370392152 0.9077411023522552 0
1.53623375363756 0.9179623919614652 0
1.510177664313368 0.8824837206001446 0
1.557964430804184 0.9029262998185643 0
1.560127136882968 0.9281836815706748 0
2.264015635891716 1.709003606400814 0
2.397210915229087 1.757318262727525 0
2.313883742897128 1.796643395298017 0
2.480538087561047 1.717993130157033 0
2.530406194566459 1.805632919054236 0
2.430669980555636 1.63035334125983 0
2.563865259893007 1.678667997586541 0
2.663601473903831 1.853947575380947 0
2.580274301571871 1.893272707951439 0
2.665656667989268 0.603831922697706 0
2.633983653148956 0.6243996085554917 0
2.627560577072388 0.5937795644121087 0
2.602310638308643 0.6449672944132772 0
2.589464486155507 0.5837272061265115 0
4.546107220896769 3.230170294091036 0
4.309661816613086 3.142481240138509 0
4.117119314485895 3.243322265976506 0
4.073216412329402 3.054792186185982 0
4.161022216642388 3.431852345767028 0
3.924576812358704 3.344163291814502 0
3.836771008045719 2.967103132233456 0
1.38121928533439 1.021736864497643 0
1.379725190751617 0.9945624994663618 0
1.355892526111933 0.9812482227601285 0
1.378231096168844 0.9673881344350805 0
1.333553956055023 0.9951083110851764 0
0.1069821024043058 0.888434492578722 0
0.1304768638174103 0.8990072116687164 0
0.152117671171621 0.8844701804851098 0
0.1539716252305166 0.9095799307587105 0
0.1502637171127255 0.8593604302115092 0
0.1737584785258317 0.8699331493015032 0
0.177466386643621 0.9201526498487045 0
1.993291499936012 0.123893862402543 0
2.015161707754074 0.1097104062572338 0
2.014354179768545 0.08957036597704393 0
2.037031915572137 0.09552695011192425 0
1.991676443964954 0.08361378184216406 0
2.013546651783016 0.06943032569685403 0
2.0589021233902 0.08134349396661467 0
0.3136658008849933 0.10710679884986 0
0.323504042735367 0.08706699250240924 0
0.3038275590346196 0.1271466051973107 0
0.2906963695106421 0.1061671387915402 0
0.2939893171842449 0.1471864115447619 0
0.267726938136291 0.1052274787332199 0
0.2775651799866647 0.08518767238576874 0
0.1058057257437 0.8158757983582094 0
0.1061978512972352 0.840062029765047 0
0.08416491838949014 0.8304128295418161 0
0.1282307842049804 0.8497112299882779 0
0.1065899768507705 0.8642482611718845 0
0.1498715915591902 0.8351741988046715 0
0.08494916949656073 0.8787852923554911 0
1.329117746451905 0.8674568212216391 0
1.351984984275939 0.8790630479725916 0
1.373496110380999 0.8665910951192888 0
1.374852222099973 0.8906692747235441 0
1.372139998662024 0.8425129155150335 0
1.395007236486058 0.854119142265986 0
1.397719459924008 0.9022755014744965 0
3.293840754376333 1.200824920589866 0
3.441149125979522 1.230146232343023 0
3.497014036830698 1.140389941275817 0
3.588457497582711 1.259467544096181 0
3.405570576078685 1.021312338455452 0
3.552878947681874 1.05063365020861 0
3.735765869185899 1.288788855849339 0
5.604484518590308 0.9198474521966973 0
5.399743495650632 1.083589266732126 0
5.340814066561719 0.8796546899649047 0
5.458672924739544 1.287523843499347 0
5.195002472710954 1.247331081267554 0
5.722343376768134 1.327716605731139 0
5.517602353828457 1.491458420266567 0
4.990261449771278 1.411072895802982 0
4.931332020682365 1.207138319035761 0
1.506746389802812 0.857467356230396 0
1.53063977304822 0.867688645839606 0
1.551101881783072 0.8528935710790675 0
1.554533156293628 0.877909935448816 0
1.547670607272515 0.827877206709319 0
1.571563990517923 0.838098496318529 0
1.578426539539036 0.8881312250580256 0
1.324776101013259 0.7982702701980493 0
1.326223316159474 0.8213324538725792 0
1.303264974908199 0.8107422230513524 0
1.349181657410749 0.8319226846938064 0
1.32767053130569 0.8443946375471092 0
1.370692783515809 0.8194507318405035 0
1.30615940520063 0.856866590400412 0
1.602010440347108 0.8981845149712915 0
1.625776150725236 0.9080213795251715 0
1.645928777022752 0.8930583050686889 0
1.649541861103363 0.9178582440790517 0
1.642315692942142 0.8682583660583263 0
1.666081403320269 0.8780952306122063 0
1.67330757148149 0.9276951086329319 0
1.570079524338428 1.004864506555962 0
1.566762061853275 0.9793042315608667 0
1.541713922201497 0.9687800487086715 0
1.563444599368121 0.9537439565657708 0
1.519983245034873 0.9838161408515724 0
2.822202819304197 1.206301068911997 0
2.762512395732903 1.264278978358798 0
2.774984736245448 1.373468586342648 0
2.702821972161609 1.322256887805598 0
2.847147500329286 1.424680284879697 0
2.787457076757992 1.482658194326498 0
2.643131548590315 1.380234797252399 0
0.2862610834199906 0.8902493833459908 0
0.2898054953679239 0.9164660298681013 0
0.3132512451368044 0.9253301575141353 0
0.2933499073158563 0.9426826763902119 0
0.3331525829577515 0.9079776386380591 0
0.3366969949056848 0.9341942851601694 0
0.2968943192637887 0.9688993229123222 0
7.561798065248294 2.088395451896615 0
7.693220658961164 2.301062764427659 0
7.430860199125494 2.312053906426628 0
7.955581118796835 2.29007162242869 0
7.824643252674035 2.513730076958702 0
8.086518984919635 2.066413167898677 0
8.217941578632505 2.27908048042972 0
7.956065846386904 2.726397389489746 0
7.693705386551233 2.737388531488715 0
1.59171661681544 0.8231354218620464 0
1.595147891325996 0.8481517862317947 0
1.618731792134069 0.8582050761450604 0
1.598579165836552 0.873168150601543 0
1.638884418431585 0.8432420016885778 0
1.419521637280252 0.8887526889525423 0
1.418165525561277 0.864674509348287 0
1.441323814636497 0.8752298764305881 0
1.416809413842302 0.8405963297440318 0
1.463125991992741 0.8617070639086339 0
0.1948702488701528 1.153794220209009 0
0.216581917334338 1.18912460154483 0
0.178890266568839 1.192500396121146 0
1.28745269092708 0.9688269311312276 0
1.286924023159957 0.9433606160552275 0
1.264655422671697 0.930393512807512 0
1.286395355392833 0.9178943009792273 0
1.242915489950561 0.9428927246357972 0
1.242386822183437 0.9174264095597968 0
1.285866687625709 0.8924279859032269 0
0.6695160969363405 1.16934366207531 0
0.645712155561541 1.151998418062403 0
0.6856947557742075 1.139744684811889 0
0.6057295553488746 1.164252151312917 0
0.6219082141867416 1.134653174049496 0
0.5895508965110077 1.193851128576338 0
0.6380868730246085 1.105054196786075 0
2.776735326771744 0.21225859597254 0
2.768755541507244 0.1783911752943079 0
2.791726740721276 0.1924362522738514 0
2.745784342293211 0.1643460983147644 0
2.760775756242743 0.1445237546160754 0
2.730792928343679 0.1841684420134535 0
2.722813143079179 0.1503010213352209 0
2.752795970978243 0.1106563339378428 0
2.775767170192275 0.1247014109173863 0
0.03130465837550567 1.335463685737918 0
0.08413604588290546 1.355152108293522 0
0.05283138750739891 1.388779214669629 0
0.1154407042584111 1.321525001917415 0
0.1369674333903044 1.374840530849125 0
0.09391397512651878 1.268209472985705 0
0.1584941625221976 1.428156059780836 0
1.588023047683937 0.7984522948422215 0
1.611606948492009 0.8085055847554872 0
1.631497280168579 0.793875747648928 0
1.635190849300082 0.8185588746687529 0
1.627803711037076 0.7691926206291031 0
1.651387611845149 0.779245910542369 0
1.658774750108155 0.8286121645820188 0
1.298630728486444 0.7656346117693096 0
1.318005058874889 0.7527912747595682 0
1.32119209015043 0.774836702367081 0
1.314818027599349 0.7307458471520554 0
1.337379389263335 0.739947937749827 0
1.292256665935363 0.7215437565542839 0
1.359940750927321 0.7491500283475987 0
4.367119928628799 3.983654290062927 0
4.42678235938479 3.732492958072297 0
4.293902288013589 3.582172651919663 0
4.48644479014078 3.481331626081666 0
4.101359785886398 3.683013677757659 0
2.118105066000483 0.817918306213947 0
2.141299899964759 0.8264287583693852 0
2.12200522420967 0.8423465389875053 0
2.160594575719847 0.8105109777512651 0
2.164494733929034 0.8349392105248234 0
2.156694417510661 0.7860827449777068 0
2.179889251474937 0.794593197133145 0
2.18768956789331 0.8434496626802619 0
2.168394892138221 0.8593674432983818 0
5.995961780622283 0.178978218857369 0
5.75657265677166 0.178978218857369 0
5.606437093064697 0.357956437714738 0
5.517183532921037 0.178978218857369 0
5.695690653208358 0.5369346565721071 0
5.456301529357734 0.5369346565721071 0
5.277794409070415 0.178978218857369 0
0.9943051280279214 3.552637579434117 0
1.178995517219454 3.716414227833932 0
0.9029627482164813 3.747918248402613 0
1.455028286222426 3.684910207265249 0
1.363685906410985 3.880190876233746 0
1.546370666033867 3.489629538296753 0
1.731061055225399 3.653406186696567 0
1.548376295602517 4.04396752463356 0
1.272343526599544 4.075471545202242 0
0.282289989978441 0.8653551730786155 0
0.3057357397473215 0.8742193007246497 0
0.3252103960746515 0.8581892181033082 0
0.329181489516202 0.8830834283706837 0
0.3212393026331011 0.8332950078359329 0
0.3446850524019816 0.8421591354819671 0
0.3526272392850824 0.8919475560167178 0
2.716064469692037 0.3058383025113716 0
2.735054322108239 0.2810754343886619 0
2.742736968737169 0.3005922773202125 0
2.72737167547931 0.2615585914571112 0
2.754044174524442 0.2563125662659522 0
2.700699176434177 0.2668046166482703 0
2.71968902885038 0.2420417485255606 0
2.773034026940644 0.2315496981432426 0
2.780716673569574 0.2510665410747932 0
1.220673059991132 0.9057768527469574 0
1.242412992712268 0.8932776409186727 0
1.242439163241099 0.8691288722775483 0
1.264152925433404 0.8807784290903875 0
1.220725401048794 0.8574793154647091 0
1.24246533376993 0.844980103636424 0
1.28589285815454 0.8682792172621028 0
1.693249811724847 0.9119914713365485 0
1.696862895805458 0.9367914103469113 0
1.689636727644236 0.8871915323261859 0
1.713192051968203 0.8962878340401652 0
1.686023643563625 0.862391593315823 0
1.73313429221156 0.880584196743782 0
1.73674737629217 0.9053841357541446 0
1.729146095288179 0.8558969506649508 0
1.752701419612146 0.8649932523789303 0
1.705590770964212 0.8468006489509714 0
1.7251578983648 0.8312097045861198 0
1.682035446640246 0.8377043472369921 0
1.721169701441419 0.8065224585072888 0
1.744725025765387 0.8156187602212681 0
0.3641215311712944 0.8260428047525656 0
0.368092624612844 0.8509370150199411 0
0.3915001968237064 0.8597148945579154 0
0.3720637180543935 0.8758312252873166 0
0.4109366755930175 0.8435985638285142 0
0.4149077690345679 0.8684927740958894 0
0.376034811495944 0.9007254355546921 0
0.2594996207876461 0.8567561915273258 0
0.2789742771149761 0.8407261089059843 0
0.275658564251513 0.8160970447333533 0
0.2984489334423071 0.8246960262846432 0
0.252868195060719 0.8074980631820636 0
0.2723428513880499 0.7914679805607223 0
0.317923589769638 0.8086659436633017 0
1.241018118623714 0.8219179199618942 0
1.26273188081602 0.8335674767747334 0
1.282998427862109 0.8221548499130429 0
1.284445643008325 0.8452170335875726 0
1.281551212715894 0.7990926662385132 0
1.198990686979541 0.9173654992386662 0
1.199016857508372 0.8932167305975418 0
1.177360655025612 0.8806566084481262 0
1.199043028037202 0.8690679619564177 0
1.155678282014021 0.892245254939835 0
1.155704452542851 0.8680964862987106 0
1.199069198566034 0.8449191933152935 0
0.360096297216244 0.8013776840636364 0
0.3835038694271056 0.8101555636016105 0
0.4028862076829185 0.794268322450655 0
0.406911441637968 0.8189334431395845 0
0.3988609737278681 0.7696032017617256 0
0.4222685459387296 0.7783810812996996 0
0.4303190138488304 0.8277113226775588 0
1.133902728729299 0.8568489034687325 0
1.15558510174089 0.8452602569770238 0
1.155465750938929 0.8224240276553372 0
1.177267474752481 0.8336716104853155 0
1.133664027125376 0.8111764448253589 0
1.155346400136968 0.7995877983336506 0
1.198949847764072 0.8220829639936067 0
2.012313311909852 0.708588942475703 0
2.016343524164306 0.7332621023313899 0
1.992950824044797 0.7244310596383634 0
2.039736224283815 0.7420931450244161 0
2.02037373641876 0.7579352621870763 0
2.05909871214887 0.726251027861756 0
2.063128924403324 0.7509241877174424 0
2.024403948673213 0.7826084220427632 0
2.001011248553704 0.7737773793497367 0
0.4415339001365775 0.7625680065560627 0
0.4455591340916278 0.7872331272449922 0
0.4688497222445243 0.7960851731902847 0
0.4495843680466773 0.8118982479339216 0
0.4881150764423721 0.7802720984466478 0
0.4921403103974225 0.804937219135577 0
0.4536096020017268 0.8365633686228513 0
2.171960777174582 0.7455596786429823 0
2.19132215172779 0.729794285891594 0
2.195350467818958 0.7543995716081984 0
2.187293835636622 0.7051890001749896 0
2.210683526280999 0.7140288931402057 0
2.163904144992246 0.6963491072097736 0
2.183265519545455 0.6805837144583853 0
2.230044900834208 0.6982635003888171 0
2.234073216925376 0.7228687861054213 0
1.112401735801521 0.867365858854225 0
1.112282384999559 0.8445296295325382 0
1.09066204126982 0.8322103555963443 0
1.112163034197598 0.8216934002108516 0
1.069161048342042 0.8427273109818367 0
1.06904169754008 0.8198910816601499 0
1.112043683395637 0.798857170889165 0
2.101837516426554 0.719247508289379 0
2.125211936675896 0.7280182317405801 0
2.105865832517722 0.7438527940059834 0
2.144558040834071 0.7121836694751769 0
2.148586356925239 0.7367889551917812 0
2.140529724742903 0.6875783837585727 0
2.152614673016407 0.7613942409083856 0
2.008274360597299 0.6839284005082003 0
2.031667060716808 0.6927594432012265 0
2.051020809523763 0.67692994392675 0
2.055059760836317 0.7015904858942528 0
2.046981858211209 0.6522694019592472 0
2.070374558330718 0.6611004446522735 0
2.078452460955825 0.7104215285872792 0
2.047846181032522 0.791454808949424 0
2.028483693167467 0.8072969261120844 0
2.067208668897577 0.7756126917867636 0
2.071288413391831 0.8003011958560848 0
2.086571156762632 0.7597705746241035 0
2.094730645751141 0.8091475827627459 0
2.075368157886085 0.8249896999254061 0
0.4375764101741479 0.737883142669217 0
0.4608669983270453 0.7467351886145095 0
0.4802000965175131 0.7309023706729563 0
0.4841575864799426 0.755587234559802 0
0.4762426065550835 0.7062175067861105 0
0.4995331947079809 0.715069552731403 0
0.5074481746328399 0.7644392805050946 0
0.5152541212219655 0.8117498777659979 0
0.4959887670241176 0.8275629525096351 0
0.4998372236508137 0.8501886858836929 0
0.4767234128262707 0.843376027253272 0
0.5229510344753567 0.8570013445141138 0
0.5036856802775098 0.8728144192577507 0
0.4574580586284229 0.8591891019969089 0
1.112287985663548 0.8920311286345233 0
1.090667641933809 0.8797118546983289 0
1.068933548066097 0.8920578505424328 0
1.069047298204069 0.8673925807621348 0
1.068819797928125 0.9167231203227311 0
1.047199454198385 0.9044038463865367 0
1.04742695447433 0.8550733068259406 0
0.4560774669990444 0.5827766408917521 0
0.4520640046309552 0.5581225467325051 0
0.4754056371782678 0.5669453278794716 0
0.4287223720836435 0.5492997655855385 0
0.448050542262866 0.533468452573258 0
0.409394201904421 0.5651310785978185 0
0.4053807395363318 0.5404769844385717 0
0.4440370798947768 0.5088143584140112 0
0.4673787124420894 0.517637139560978 0
0.5183974918526371 0.6986693661811074 0
0.5223549818150666 0.7233542300679532 0
0.5451767689221514 0.7316389074045029 0
0.5263124717774961 0.7480390939547987 0
0.5640410660668067 0.7152387208542073 0
0.5679985560292362 0.739923584741053 0
0.5302699617399256 0.7727239578416443 0
0.4142157002205185 0.7290331945123205 0
0.4335487984109863 0.7132003765707673 0
0.4295211866478246 0.6885176104723176 0
0.4528818966014541 0.6973675586292141 0
0.4061604766941951 0.6796676623154212 0
0.4254935748846629 0.663834844373868 0
0.4722149947919219 0.6815347406876608 0
1.025514643862471 0.9164686744871866 0
1.025628394000443 0.8918034047068883 0
1.004057333802502 0.87920296302724 0
1.025742144138416 0.8671381349265903 0
0.9823725234665872 0.8912677911278899 0
0.9824862736045592 0.8666025213475916 0
1.025855894276388 0.8424728651462923 0
0.5148434838298197 0.6744614252439991 0
0.5376652709369054 0.6827461025805492 0
0.5569330500211738 0.6668228389799911 0
0.5604870580439911 0.6910307799170992 0
0.5533790419983582 0.6426148980428827 0
0.576200829105443 0.6508995753794329 0
0.5833088451510759 0.6993154572536491 0
0.9609397583211692 0.8536706707850892 0
0.9826245686570827 0.8416058426844395 0
0.9827628637096062 0.8166091640212871 0
1.004309378992997 0.8295410145837896 0
0.9612163484262144 0.8036773134587847 0
0.9829011587621288 0.7916124853581348 0
1.025994189328911 0.8174761864831399 0
0.5955452550791476 0.6349471071262451 0
0.599099263101964 0.6591550480633535 0
0.6219976970984851 0.6674105207472738 0
0.6026532711247805 0.6833629890004613 0
0.6413421230721905 0.6514580524940863 0
0.6448961310950061 0.6756659934311942 0
0.606207279147597 0.7075709299375696 0
0.9394020760272159 0.866306696740724 0
0.9395403710797394 0.8413100180775717 0
0.9181409838383106 0.8289493653700541 0
0.9396786661322629 0.8163133394144193 0
0.8966033015443582 0.841585391325689 0
0.8967415965968817 0.8165887126625366 0
0.9398169611847855 0.7913166607512672 0
0.5919837139719846 0.6108278378870837 0
0.6148821479685056 0.6190833105710043 0
0.6342190408578636 0.6032195140157635 0
0.6377805819650266 0.6273387832549249 0
0.6306574997507006 0.5791002447766025 0
0.6535559337472217 0.5873557174605228 0
0.6606790159615485 0.6355942559388454 0
0.9391207681422333 0.8910419504369882 0
0.9177213809008036 0.8786812977294707 0
0.8960406857743912 0.8910558987182176 0
0.8963219936593738 0.8663206450219532 0
0.8957593778894068 0.9157911524144819 0
0.874359990647978 0.9034304997069644 0
0.8749226064179449 0.8539599923144356 0
0.8745402496234194 0.8042220520140115 0
0.8960779319173717 0.7915860260583767 0
0.8954142672378618 0.7665833394542168 0
0.9176156142113241 0.7789500001027418 0
0.8732129202643995 0.7542166788056917 0
0.8947506025583518 0.7415806528500566 0
0.9391532965052765 0.7663139741471072 0
0.6108452552927579 0.4561061610205863 0
0.6068445145172223 0.4314664659539833 0
0.6302017907682691 0.4402808641292104 0
0.5834872382661755 0.4226520677787562 0
0.6028437737416867 0.4068267708873803 0
0.5641307027906644 0.4384773646701321 0
0.5601299620151288 0.4138376696035291 0
0.5988430329661512 0.3821870758207773 0
0.6222003092171979 0.3910014739960044 0
0.6733743766657065 0.5720765146709934 0
0.6769359177728695 0.5961957839101544 0
0.7003159017985174 0.6050358503597861 0
0.6804974588800325 0.6203150531493158 0
0.7201343447170023 0.5897566475702565 0
0.7236958858241653 0.6138759168094179 0
0.6840589999871955 0.6444343223884772 0
0.5686893490053819 0.6020844253800464 0
0.58802624189474 0.5862206288248055 0
0.5840687698174944 0.5616134197625273 0
0.607363134784098 0.5703568322695649 0
0.5607744048508909 0.55287000725549 0
0.5801112977402489 0.5370062107002491 0
0.626700027673456 0.5544930357143243 0
2.054238907914046 0.5624296132045203 0
2.034886780548189 0.5782560493391853 0
2.030854547513483 0.5535859528457685 0
2.038919013582896 0.6029261458326021 0
2.015534653182332 0.5940824854738502 0
2.062303373983458 0.6117698061913539 0
2.042951246617601 0.6275962423260188 0
1.996182525816476 0.6099089216085152 0
1.992150292781769 0.5852388251150984 0
0.852677864754547 0.9158532993119757 0
0.8529591726395314 0.8911180456157113 0
0.8315583546310847 0.8788055915244586 0
0.8532404805245148 0.8663827919194471 0
0.8098762287376537 0.8912283911294698 0
0.8101575366226381 0.8664931374332054 0
0.8535217884094983 0.8416475382231829 0
0.9120894606963059 0.7276877137605851 0
0.92942831883426 0.7137947746711133 0
0.9342908076697682 0.7400543744091101 0
0.9467671769722141 0.6999018355816415 0
0.9564921546432306 0.7524210350576355 0
2.124386657917957 0.588967885215429 0
2.101004074583321 0.5801217945451262 0
2.120354424883251 0.5642977887220124 0
2.081653724283389 0.5959458003682401 0
2.077621491248683 0.5712757038748233 0
2.085685957318095 0.6206158968616566 0
2.073589258213977 0.5466056073814065 0
2.000213137410083 0.6345820812417435 0
1.97682877700952 0.6257384208829917 0
2.023597497810647 0.6434257416004954 0
2.004243749003691 0.6592552408749719 0
1.984890000196736 0.6750847401494484 0
2.114025321506229 0.7932298021446258 0
2.109945577011976 0.7685412980753046 0
2.133319997261318 0.7773120215265057 0
0.6694218456351448 0.547494767199227 0
0.6928018296607927 0.5563348336488585 0
0.7122292826558789 0.540593152626724 0
0.7161818136864406 0.5651749000984903 0
0.7082767516253181 0.5160114051549578 0
0.7316567356509651 0.5248514716045896 0
0.7395617977120885 0.574014966548122 0
0.7486409223409325 0.6219834410673655 0
0.7288224794224476 0.6372626438568951 0
0.7339490730207299 0.6606493709043719 0
0.7090040365039627 0.6525418466464246 0
0.758894109537497 0.6687568951623195 0
0.739075666619013 0.6840360979518492 0
0.6891855935854787 0.667821049435954 0
0.8523724899186451 0.9405530286347663 0
0.8309716719101985 0.9282405745435134 0
0.80926547906585 0.9406278497750511 0
0.8095708539017519 0.9159281204522605 0
0.8089601042299481 0.9653275790978415 0
0.7875592862215015 0.9530151250065888 0
0.7881700358933053 0.9036156663610075 0
0.7510992819793554 0.5091301428381416 0
0.7550518130099171 0.5337118903099078 0
0.778446890368869 0.5425723090152261 0
0.7590043440404788 0.5582936377816741 0
0.7978894366972593 0.5268509802487782 0
0.801841967727821 0.5514327277205444 0
0.7629568750710405 0.5828753852534403 0
0.7659721986077903 0.9660708432532936 0
0.7662775734436922 0.9413711139305032 0
0.7449958606658829 0.9297271028544176 0
0.7665829482795941 0.9166713846077128 0
0.7234087730521717 0.9427828211011229 0
0.7237141478880735 0.9180830917783322 0
0.7668883231154959 0.8919716552849222 0
0.7470841014521454 0.4844747077304818 0
0.7704791788110974 0.4933351264358006 0
0.7898590756428394 0.4775401100334591 0
0.7938742561700494 0.5021955451411189 0
0.7858438951156286 0.4528846749257998 0
0.8092389724745797 0.4617450936311185 0
0.8172693335290013 0.5110559638464371 0
0.7009466825834405 0.9094718843084888 0
0.7225337701971517 0.8964161660617838 0
0.7213533925062299 0.874749240345235 0
0.7441208578108629 0.8833604478150785 0
0.6985859272015968 0.8661380328753916 0
0.720173014815308 0.8530823146286863 0
0.7657079454245741 0.8703047295683735 0
0.8286109434150006 0.4459411880072519 0
0.8326261239422106 0.4705966231149117 0
0.8560132754098415 0.4794481525987049 0
0.8366413044694214 0.495252058222571 0
0.8753852463502625 0.4636442469748387 0
0.8794004268774724 0.4882996820824981 0
0.8406564849966323 0.5199074933302303 0
0.723704047573424 0.4756313998407293 0
0.743083944405166 0.4598363834383878 0
0.7390837873581857 0.4351980591462943 0
0.7624638412369071 0.4440413670360472 0
0.7157037334794651 0.4263547512565413 0
0.7350836303112054 0.4105597348542003 0
0.7818437380686483 0.4282463506337058 0
0.8245840003368965 0.4212719900559216 0
0.8479711518045274 0.4301235195397148 0
0.8673313601940542 0.4143058510721778 0
0.8713583032721584 0.438975049023508 0
0.8633044171159501 0.3896366531208471 0
0.886691568583581 0.3984881826046403 0
0.8947454547397893 0.4478265785073017 0
0.9042072398353085 0.4972147804855203 0
0.8848352688948875 0.5130186861093866 0
0.8902701109123026 0.5377376901362751 0
0.8654632979544674 0.5288225917332527 0
0.9150769238701386 0.5466527885392976 0
0.8957049529297176 0.5624566941631637 0
0.8460913270140473 0.5446264973571189 0
0.9060484955660018 0.3826667387916043 0
0.9100754386441059 0.407335936742935 0
0.9334593087046308 0.4161836908812298 0
0.91410238172221 0.4320051346942657 0
0.9528162356870524 0.4003622470681938 0
0.9568431787651566 0.4250314450195241 0
0.9181293248003142 0.456674332645596 0
0.902474537596345 0.3567906506088727 0
0.9258584076568699 0.365638404747167 0
0.945668319747738 0.3486100707027298 0
0.9492422777173948 0.3744861588854613 0
0.9420943617780804 0.3227339825199973 0
0.9654782318386061 0.331581736658292 0
0.9726261477779197 0.3833339130237561 0
0.8787819311500282 0.349032730896683 0
0.8985918432408964 0.3320043968522457 0
0.8947091488854477 0.3072181430956182 0
0.9184017553317645 0.3149760628078075 0
0.871016542439131 0.2994602233834289 0
0.8908264545299991 0.2824318893389908 0
0.9382116674226317 0.2979477287633703 0
0.9889370525165484 0.3402277132004699 0
1.012395873194491 0.3488736897426477 0
0.9925110104862052 0.3661038013832019 0
1.035854693872433 0.3575196662848255 0
0.9960849684558628 0.3919798895659339 0
1.294770184098772 0.3442273342907267 0
1.290638235289999 0.3189817125862522 0
1.313968245683118 0.3280873462574529 0
1.267308224896878 0.3098760789150514 0
1.286506286481224 0.2937360908817777 0
1.248110163312533 0.3260160669483252 0
1.243978214503758 0.3007704452438502 0
1.28237433767245 0.2684904691773027 0
1.30570434806557 0.2775961028485039 0
1.213451186989236 0.241596595498172 0
1.193788661405758 0.2581242670982533 0
1.197564983382484 0.2832288796912374 0
1.174126135822281 0.2746519386983346 0
1.221003830942687 0.2918058206841403 0
1.20134130535921 0.3083334922842216 0
1.154463610238804 0.2911796102984163 0
1.259399954111379 0.2595258446175928 0
1.278598015695724 0.243385856584319 0
1.240201892527033 0.2756658326508665 0
1.236425570550307 0.2505612200578824 0
1.232649248573582 0.2254566074648983 0
1.333359590840554 0.3124451262259571 0
1.337491539649328 0.3376907479304316 0
1.32922764203178 0.2871995045214826 0
1.35275093599799 0.2968029061944613 0
1.325095693223006 0.261953882817008 0
1.372142281155426 0.2811606861629659 0
1.3762742299642 0.3064063078674408 0
1.399665394146886 0.3152925889018467 0
1.38027404898945 0.3309348089333426 0
1.3842738680147 0.3554633099992444 0
1.360882703832014 0.3465770289648384 0
1.407665032197385 0.3643495910336503 0
1.388273687039949 0.3799918110651461 0
1.341491358674578 0.3622192489963338 0
2.102111174234154 0.1886094935954428 0
2.106141388195593 0.213282502642274 0
2.083283319946723 0.2030499188211099 0
2.128999456444463 0.2235150864634381 0
2.110171602157032 0.2379555116891057 0
2.147827310731893 0.209074661237771 0
2.151857524693332 0.2337476702846022 0
2.114201816118471 0.2626285207359373 0
2.091343747869601 0.2523959369147732 0
1.805100152431689 0.5144530167334549 0
1.828480493824297 0.5233026685234496 0
1.809130660883841 0.5391255724058244 0
1.847830326764753 0.5074797646410747 0
1.851860835216906 0.5321523203134442 0
1.843799818312601 0.4828072089687052 0
1.867180159705209 0.4916568607586997 0
1.875241176609515 0.5410019721034389 0
1.855891343669058 0.5568248759858139 0
1.866377683564357 0.3524708194888899 0
1.889760202701823 0.3613171186458093 0
1.870407938210764 0.3771437659080541 0
1.909112467192882 0.3454904713835649 0
1.913142721839289 0.3701634178027291 0
1.905082212546474 0.3208175249644007 0
1.928464731683941 0.3296638241213201 0
1.936525240976756 0.3790097169596485 0
1.917172976485698 0.3948363642218933 0
1.469753968904145 0.3413918026469349 0
1.446391110651725 0.3326920647319058 0
1.465754149878895 0.3168633015810327 0
1.427028071424555 0.3485208278827781 0
1.423028252399305 0.3239923268168763 0
1.431027890449805 0.3730493289486798 0
1.419028433374056 0.2994638257509745 0
1.894592529817977 0.5251767277820618 0
1.89862303827013 0.5498492834544313 0
1.890562021365825 0.5005041721096923 0
1.913943883026441 0.5093514834606847 0
1.886531512913673 0.4758316164373229 0
1.933295236234904 0.4935262391393076 0
1.937325744687056 0.5181987948116769 0
2.208043157561119 0.2971911620671781 0
2.231425715299502 0.3060374016714622 0
2.21228676747902 0.3213001183521946 0
2.250564663119983 0.2907746849907293 0
2.254808273037884 0.3148836412757463 0
2.246321053202082 0.2666657287057124 0
2.269703610940465 0.2755119683099965 0
2.278190830776266 0.3237298808800304 0
2.259051882955785 0.3389925975607628 0
2.263082097463763 0.3636656049699516 0
2.239699539725381 0.3548193653656675 0
2.220347196494977 0.3706461331705726 0
2.216316981986998 0.3459731257613834 0
2.224377411002955 0.3953191405797618 0
2.200994853264573 0.3864729009754777 0
2.192934424248616 0.3371268861570993 0
2.137584378095871 0.2714747539325137 0
2.11875652380844 0.2859151791581813 0
2.156412232383301 0.2570343287068462 0
2.16096694007327 0.2803209871290901 0
2.175240086670732 0.242593903481179 0
2.184349502050669 0.2891672203256666 0
2.165521647763239 0.3036076455513341 0
1.493126386924486 0.3502112970343796 0
1.473763347697316 0.3660400601852523 0
1.477772726490488 0.3906883177235692 0
1.454400308470146 0.3818688233361245 0
1.501145144510829 0.3995078121110138 0
1.481782105283659 0.4153365752618865 0
1.435037269242977 0.3976975864869972 0
2.20348844987115 0.2739045036449337 0
2.198933742181182 0.2506178452226901 0
2.222627397691632 0.2586417869642013 0
2.194379034491213 0.2273311868004466 0
2.241766345512113 0.2433790702834688 0
1.610793990009027 0.5334755848886128 0
1.630137814919586 0.5176713350265261 0
1.63417471842082 0.5423251032947156 0
1.626100911418351 0.4930175667583363 0
1.649481639830143 0.5018670851644391 0
1.602720183006558 0.4841680483522337 0
1.622064007917116 0.468363798490147 0
1.668825464740701 0.4860628353023522 0
1.672862368241936 0.5107166035705417 0
0.2566202554783468 0.2998534284805094 0
0.2758742396689726 0.2840378978649571 0
0.2798532319722336 0.3076608429933176 0
0.2718952473657117 0.2604149527365971 0
0.2951282238595985 0.2682223672494053 0
0.2486622708718249 0.2526075382237885 0
0.2679162550624508 0.2367920076082366 0
0.3143822080502243 0.2524068366338534 0
0.3183612003534853 0.2760297817622135 0
0.3031295117823252 0.3165438816705546 0
0.2838755275916993 0.3323594122861064 0
0.322383495972951 0.3007283510550027 0
0.3264057915924168 0.3254269203477915 0
0.3416374801635769 0.2849128204394509 0
0.3496820714025084 0.3343099590250285 0
0.3304280872118825 0.3501254896405803 0
1.540621188057082 0.5070032787548153 0
1.564012122041063 0.5158273807994145 0
1.544658091558317 0.5316570470230051 0
1.58336615252381 0.4999977145758239 0
1.587403056025045 0.5246514828440136 0
1.579329249022575 0.4753439463076345 0
1.59143995952628 0.5493052511122034 0
0.885887430293435 0.2568315776101242 0
0.9095800367397509 0.2645894973223135 0
0.9283336189495035 0.2467471053056363 0
0.9332726431860676 0.2723474170345028 0
0.9233945947129385 0.2211467935767688 0
1.712507253753447 0.6181344237860036 0
1.693250546828887 0.6338233646189841 0
1.689153669632222 0.609165047770083 0
1.697347424025553 0.6584816814678853 0
1.673993839904328 0.6495123054519647 0
1.720701008146778 0.667451057483806 0
1.701444301222218 0.6831399983167865 0
1.654737132979768 0.6652012462849453 0
1.650640255783103 0.6405429294360441 0
1.059326988286324 0.3661331541729496 0
1.039442125578039 0.3833632658135038 0
1.043029557283644 0.4092068653421821 0
1.019557262869753 0.400593377454058 0
1.066501851697535 0.4178203532303062 0
1.04661698898925 0.4350504648708604 0
0.9996724001614679 0.4178234890946122 0
1.563205020632275 0.3766654439568797 0
1.539845476063012 0.367847394982713 0
1.559195641839104 0.3520171864185624 0
1.520495310286921 0.3836776035468636 0
1.516485931493749 0.3590293460085463 0
1.524504689080092 0.4083258610851805 0
1.512476552700578 0.334381088470229 0
1.14407184530419 0.4953962189781409 0
1.120769240280565 0.4863375486920818 0
1.139997098474012 0.4708399636171618 0
1.101541382087119 0.5018351337670017 0
1.097466635256942 0.4772788784060227 0
1.105616128917296 0.5263913891279803 0
1.082313523893673 0.5173327188419214 0
1.074164030233318 0.4682202081199636 0
1.093391888426764 0.4527226230450436 0
2.275172737819211 0.4376846348086025 0
2.271142524367395 0.4130116248623859 0
2.294525081049616 0.4218578670036974 0
2.247759967685175 0.4041653827210734 0
2.26711231091558 0.3883386149161687 0
2.228407624454771 0.4199921505259785 0
2.286464654145983 0.3725118471112641 0
0.4076398982558409 0.2871463358892652 0
0.4021738067609224 0.2591090111260792 0
0.4255153779981651 0.2680863727069474 0
0.3788322355236797 0.2501316495452115 0
0.3967077152660039 0.2310716863628937 0
0.3609567557813538 0.2691916127275293 0
0.3554906642864362 0.2411542879643438 0
0.3912416237710854 0.2030343615997077 0
0.4145831950083281 0.2120117231805754 0
1.439055840923689 0.4223385940681457 0
1.415683422903347 0.413519099680701 0
1.46242825894403 0.4311580884555903 0
1.443074412604402 0.4469796016492937 0
1.485800676964372 0.439977582843035 0
1.447092984285114 0.4716206092304422 0
1.423720566264773 0.4628011148429976 0
1.782604588829406 0.6447506386239075 0
1.759238810470753 0.6358785670112728 0
1.778507711632741 0.6200923217750063 0
1.739969909308765 0.6516648122475392 0
1.7358730321121 0.6270064953986383 0
1.744066786505431 0.6763231290964407 0
1.731776154915435 0.6023481785497369 0
1.470474989192327 0.4804683148690074 0
1.451121142852697 0.4962898280627108 0
1.489828835531955 0.4646468016753036 0
1.493856994099539 0.4893160205075722 0
1.509182681871584 0.4488252884815997 0
1.517238999006751 0.4981637261461374 0
1.497885152667123 0.513985239339841 0
1.736752092967366 0.7662259791900046 0
1.756070242080261 0.7504098335734231 0
1.760054977954901 0.7751153685258556 0
1.75208550620562 0.7257042986209907 0
1.775388391193155 0.734593687956842 0
1.728782621218084 0.7168149092851395 0
1.748100770330979 0.7009987636685584 0
1.79470654030605 0.7187775423402605 0
1.798691276180691 0.743483077292693 0
1.353582319293873 0.4362374300037111 0
1.37696173495084 0.4450919916168066 0
1.357600890974586 0.4608784375848596 0
1.396322578927094 0.4293055456487536 0
1.400341150607806 0.4539465532299021 0
1.392304007246381 0.4046645380676051 0
1.404359722288519 0.4785875608110506 0
1.166863905112374 0.3643788818178146 0
1.190161834543196 0.3734491574053131 0
1.170856418607517 0.3892719735855432 0
1.209467250478876 0.3576263412250831 0
1.213459763974019 0.3825194329928117 0
1.205474736983733 0.3327332494573545 0
1.228772666414555 0.3418035250448526 0
1.236757693404841 0.3915897085803106 0
1.217452277469161 0.4074125247605407 0
1.78339552051992 0.7839758424079775 0
1.764077371407025 0.799791988024559 0
1.802713669632815 0.768159696791396 0
1.806736063084939 0.7928363162900993 0
1.822031818745709 0.7523435511748147 0
1.830076605649959 0.801696790172221 0
1.810758456537064 0.8175129357888022 0
2.51195233507634 0.2739733432888509 0
2.488736997216696 0.2657293468822779 0
2.50816014585293 0.2500895196061461 0
2.469313848580462 0.2813691741584097 0
2.465521659357051 0.2574853504757049 0
2.473106037803872 0.3052529978411145 0
2.449890699944227 0.2970090014345415 0
2.442306321497407 0.2492413540691318 0
2.461729470133641 0.2336015267930001 0
1.664795347223197 0.4613896777798732 0
1.68817607563499 0.4702391961859758 0
1.641414618811404 0.4525401593737701 0
1.660765229705692 0.4367165202573942 0
1.618033890399611 0.4436906409676675 0
1.656735112188187 0.4120433627349147 0
1.680115840599981 0.4208928811410173 0
1.528536712354331 0.4329956222580096 0
1.532564870921915 0.4576648410902782 0
1.555947059972245 0.4665043936989561 0
1.536593029489498 0.4823340599225467 0
1.575301090454992 0.4506747274753655 0
2.523598946360184 0.3466994400023502 0
2.519716742598903 0.3224574077645173 0
2.543022094996418 0.3310596127262189 0
2.496411390201387 0.3138552028028156 0
2.515834538837622 0.2982153755266843 0
2.476988241565153 0.3294950300789479 0
2.535257687473856 0.2825755482505521 0
1.790672556480502 0.6941019077681427 0
1.813975441468037 0.7029912971039938 0
1.767369671492967 0.6852125184322917 0
1.786638572654954 0.669426273196025 0
1.805907473816942 0.6536400279597587 0
2.173582090478567 0.3529536400860791 0
2.169551875970588 0.3282806326768899 0
2.177612304986545 0.3776266474952683 0
2.154229756708516 0.3687803940150589 0
2.181642519494523 0.4022996549044571 0
2.134877422938467 0.3846071479440383 0
2.130847208430488 0.3599341405348495 0
1.955877524186927 0.363183040873202 0
1.959907778833335 0.3878559872923661 0
1.95184726954052 0.3385100944540378 0
1.975229807397099 0.347356364786755 0
1.947817014894112 0.3138371480348736 0
1.99458209060727 0.3315296887003081 0
1.998612345253678 0.3562026351194723 0
1.156143960214867 0.5694643768058469 0
1.152119921911308 0.5447749908632784 0
1.175371818408314 0.5539667917309272 0
1.128868025414302 0.5355831899956294 0
1.148095883607749 0.5200856049207094 0
1.109640167220856 0.5510807750705493 0
1.167323741801195 0.5045880198457897 0
1.260390226212643 0.5394541536012558 0
1.241035529732885 0.5552871490962257 0
1.237459946151147 0.5311571911885864 0
1.244611113314622 0.579417107003865 0
1.221680833253127 0.5711201445911955 0
1.267541393376118 0.5877140694165344 0
1.248186696896361 0.6035470649115042 0
1.202326136773369 0.5869531400861654 0
1.198750553191631 0.5628231821785261 0
1.252554692654141 0.6251887502834337 0
1.229624412592646 0.6168917878707643 0
1.21106212828893 0.6302365108300243 0
1.206694132531149 0.6085948254580948 0
1.215430124046711 0.6518781962019538 0
1.192499843985215 0.6435812337892843 0
1.183763852469654 0.6002978630454254 0
2.350145652785719 0.6280979653508225 0
2.373505495419234 0.6370042853738884 0
2.354156947457826 0.6528210136361612 0
2.392854043380642 0.6211875571116157 0
2.396865338052748 0.6459106053969543 0
2.388842748708536 0.596464508826277 0
2.412202591342051 0.6053708288493429 0
2.420225180686263 0.6548169254200202 0
2.400876632724855 0.670633653682293 0
1.256095190302818 0.3758022504837824 0
1.260087703797961 0.4006953422515114 0
1.252102676807676 0.3509091587160538 0
1.275432687200795 0.3600147923872545 0
1.298762697593915 0.3691204260584553 0
1.078694289729713 0.3502675904827148 0
1.082281721435318 0.3761111900113931 0
1.105236454584312 0.3860892258498363 0
1.085869153140924 0.4019547895400715 0
1.1246037560277 0.3702236621596011 0
1.128191187733306 0.3960672616882794 0
1.089456584846529 0.4277983890687498 0
1.854286696089278 0.2784523243861337 0
1.858317025247637 0.3031251560870523 0
1.834934431598219 0.294278971648378 0
1.881699618897056 0.3119713405257265 0
1.862347354405997 0.3277979877879709 0
1.901051883388114 0.2961446932634821 0
1.842995089914939 0.3436246350502161 0
2.217115773711652 0.4851647845694158 0
2.236468095080839 0.4693380679824783 0
2.240498330393872 0.4940110267107283 0
2.232437859767805 0.4446651092542284 0
2.255820416450025 0.4535113513955404 0
2.209055303085585 0.4358188671129164 0
2.279202973132245 0.4623575935368525 0
0.272390224424365 0.39754392831692 0
0.2917361786868709 0.3817377820914736 0
0.2956665042344557 0.4064269669941574 0
0.2878058531392851 0.3570485971887898 0
0.3110821329493767 0.3659316358660272 0
0.2645295733291935 0.3481655585115533 0
0.3343584127594683 0.3748146745432637 0
1.876044895124966 0.6801945299556835 0
1.852665754688958 0.6713430292903753 0
1.872010911299419 0.6555188953835658 0
1.833320598078498 0.6871671631971847 0
1.82928661425295 0.662491528625067 0
1.837354581904046 0.7118427977693023 0
1.825252630427402 0.6378158940529493 0
1.173145366719576 0.659413656034493 0
1.168777370961795 0.6377719706625635 0
1.145054897938376 0.6319627075358427 0
1.164409375204015 0.6161302852906341 0
1.125700420672737 0.6477951297810516 0
1.121332424914957 0.6261534444091219 0
1.160041379446235 0.5944885999187046 0
1.15149379275693 0.4051259319743385 0
1.132126491313541 0.4209914956645737 0
1.136061794893777 0.445915729640868 0
1.112759189870153 0.4368570593548089 0
1.159364399917401 0.4549743999269271 0
1.586587209682606 0.3855049965655577 0
1.567237043906514 0.4013352051297083 0
1.571269067180753 0.4260049663025369 0
1.547886878130423 0.417165413693859 0
1.594651256231084 0.4348445189112153 0
2.146968099852039 0.4586261212209379 0
2.170350657805243 0.4674723423370972 0
2.150998335165072 0.4832990799491874 0
2.189702980445414 0.451645604725007 0
2.193733215758447 0.4763185634532565 0
2.18567274513238 0.4269726459967567 0
2.197763451071482 0.5009915221815062 0
2.311456476487879 0.6597118685483299 0
2.288074015571227 0.6508653747984379 0
2.307414643907658 0.6350681998632033 0
2.268733387234795 0.6666625497336724 0
2.264691554654575 0.6420188810485459 0
2.272775219815016 0.6913062184187986 0
2.249392758898364 0.6824597246689068 0
2.241309093737922 0.6331723872986541 0
2.260649722074354 0.6173752123634197 0
1.485293411175866 0.3018915398718574 0
1.504760919500524 0.28620557232703 0
1.508584516455972 0.3098770719512345 0
1.500937322545076 0.2625340727028247 0
1.524228427825181 0.2705196047822023 0
1.47764621726497 0.2545485406234471 0
1.497113725589627 0.2388625730786194 0
1.543695936149839 0.2548336372373745 0
1.547519533105287 0.2785051368615798 0
1.424231952902987 0.60068677071375 0
1.400849577528995 0.5918400458959434 0
1.420475522453176 0.5772929836356488 0
1.381223632604813 0.6063871081562382 0
1.377467202155002 0.5829933210781371 0
1.384980063054625 0.6297808952343393 0
1.361597687680632 0.620934170416533 0
1.354084826781009 0.5741465962603305 0
1.37371077170519 0.5595995340000357 0
1.707528999940231 0.4544115331353864 0
1.711559117457736 0.4790846906578654 0
1.703498882422726 0.4297383756129074 0
1.726881924245472 0.438583870084797 0
1.699468764905221 0.4050652180904279 0
1.746234848550714 0.4227562070342077 0
1.750264966068218 0.4474293645566867 0
1.652703088913949 0.3873736015620857 0
1.648672813335553 0.3627006873746956 0
1.67205544750408 0.3715468094311483 0
1.625290179167026 0.3538545653182434 0
1.644642537757158 0.3380277731873056 0
1.605937820576894 0.3696813574491813 0
1.601907544998499 0.3450084432617913 0
1.640612262178763 0.3133548589999156 0
1.66399489634729 0.3222009810563677 0
1.334281971937674 0.5894194007958165 0
1.330525541487862 0.5660256137177155 0
1.338038402387485 0.6128131878739178 0
1.314479117094339 0.6046922053313026 0
1.341794832837297 0.6362069749520192 0
1.294676262251003 0.6199650098667888 0
1.290919831801192 0.5965712227886875 0
1.34552167888101 0.3868919759987932 0
1.322130514698324 0.3780056949643864 0
1.368912843063696 0.3957782570331991 0
1.349551999087442 0.4115647030012521 0
1.330191155111188 0.4273511489693052 0
2.244528568958098 0.5186839730179913 0
2.248558881991352 0.5433567168469569 0
2.22517632205794 0.5345104871266313 0
2.271941441924764 0.5522029465672824 0
2.252589195024606 0.5680294606759224 0
2.291293688824922 0.5363764324586424 0
2.295324001858176 0.561049176287608 0
2.256619508057859 0.592702204504888 0
2.233236948124447 0.5838559747845624 0
2.155028642916577 0.5079718350890092 0
2.131646084963373 0.4991256139728497 0
2.178411200869782 0.5168180562051685 0
2.159058950668083 0.532644590228831 0
2.201793758822987 0.525664277321328 0
2.163089258419588 0.5573173453686526 0
2.139706700466383 0.5484711242524933 0
1.73494514904242 0.4879255823847091 0
1.715592224737179 0.5037532454352984 0
1.754298073347662 0.4720979193341197 0
1.758331180627105 0.4967664741115527 0
1.773650997652903 0.4562702562835304 0
1.781717212211789 0.5056073658383966 0
1.762364287906548 0.5214350288889862 0
1.174791722187752 0.4141962075618375 0
1.198089651618574 0.423266483149336 0
1.178727025767988 0.4391204415381313 0
1.221387581049396 0.4323367587368345 0
1.182662329348223 0.4640446755144256 0
1.980059492141475 0.5112200420455006 0
1.984089759021573 0.5358929697353667 0
1.960707364775618 0.5270464781801656 0
2.007472153267528 0.5447394612905676 0
1.988120025901671 0.5605658974252326 0
2.026824280633385 0.5289130251559027 0
1.968767898535814 0.5763923335598975 0
2.138907648576324 0.4092801390363379 0
2.115525100298296 0.4004338855561285 0
2.162290196854352 0.4181263925165473 0
2.142937874214181 0.4339531301286379 0
2.12358555157401 0.4497798677407285 0
2.313877427374667 0.4060310930642239 0
2.317907640826483 0.4307041030104406 0
2.309847213922851 0.3813580831180072 0
2.333229773699719 0.3902043191247504 0
2.305817000471035 0.3566850731717901 0
2.35258212002477 0.3743775451852764 0
2.356612333476586 0.3990505551314936 0
2.009048464121872 0.8231835016721858 0
1.989695448823052 0.8390104387930504 0
1.985688445509338 0.8142774763262879 0
1.993702452136766 0.8637434012598129 0
1.970342433524233 0.854837375913915 0
2.0170624707493 0.8726494266057108 0
1.99770945545048 0.8884763637265753 0
1.950989418225413 0.8706643130347795 0
1.946982414911699 0.845931350568017 0
2.334691115599739 0.6689479459861154 0
2.315350487263307 0.68474512092135 0
2.319244498038735 0.7097783732943701 0
2.296009858926875 0.7005422958565843 0
2.342479137150594 0.7190144507321559 0
2.323138508814163 0.7348116256673902 0
2.276669230590444 0.7163394707918187 0
1.338248205571014 0.4767061092743803 0
1.318896497399336 0.4925311892048434 0
1.314869767145941 0.4678489559022272 0
1.32292322765273 0.5172134225074598 0
1.299544789227657 0.5083562691353065 0
1.346301666077803 0.5260705758796131 0
1.326949957906125 0.5418956558100763 0
1.280193081055978 0.5241813490657696 0
1.276166350802583 0.4994991157631534 0
1.158597041863327 0.3155793674715488 0
1.135158194303124 0.3070024264786468 0
1.18203588942353 0.3241563084644516 0
1.162730473487851 0.3399791246446817 0
1.143425057552171 0.3558019408249118 0
2.297543176050313 0.3079031092681657 0
2.301786785968214 0.3320120655531826 0
2.293299566132412 0.2837941529831491 0
2.31689552132436 0.2920763376563018 0
2.289055956214511 0.2596851966981326 0
2.336247866598407 0.276249566044438 0
2.340491476516308 0.3003585223294545 0
2.20582407185624 0.5503370211502936 0
2.209854384889494 0.5750097649792592 0
2.186471821654541 0.5661635551739559 0
2.213884697922748 0.5996825088082247 0
2.167119571452842 0.5819900891976184 0
2.565901610492297 0.3405407238340299 0
2.58948192260056 0.349628764947878 0
2.570484610865963 0.3643896860779003 0
2.608479234335157 0.3348678438178556 0
2.613062234708824 0.3587168060617261 0
2.603896233961491 0.3110188815739852 0
2.627476546069755 0.3201069226878337 0
2.636642546817087 0.3678048471755746 0
2.61764523508249 0.3825657683055965 0
2.013934404252542 0.3157029657602384 0
2.033286737594339 0.2998762124923831 0
2.037316961805646 0.3245492057651704 0
2.029256513383032 0.2752032192195966 0
2.052639070936137 0.2840494592245282 0
2.005873955829927 0.2663569792146649 0
2.025226289171725 0.2505302259468101 0
2.071991404277935 0.2682227059566733 0
2.076021628489242 0.2928956992294598 0
1.307147103062789 0.5571684603455622 0
1.287344248219454 0.5724412648810482 0
1.283768664637716 0.5483113069734089 0
2.488847263691593 0.4027819568140143 0
2.512229822766293 0.411628195011553 0
2.492877477744257 0.4274549656282076 0
2.531582167788328 0.3958014243948993 0
2.535612381840993 0.4204744332090922 0
2.527551953735664 0.371128415580706 0
2.550934512810364 0.3799746537782447 0
2.558994940915693 0.4293206714066313 0
2.539642595893658 0.445147442023285 0
1.719643270588251 0.5283941837424604 0
1.696257239003566 0.5195532920156167 0
1.743029302172936 0.537235075469304 0
1.723694316439323 0.5530351220496224 0
1.76641533375762 0.5460759671961479 0
1.727745362290395 0.5776760603567843 0
1.70435933070571 0.5688351686299407 0
1.957476748589399 0.6415647045827695 0
1.953446136995791 0.6168915449495411 0
1.961507360183007 0.6662378642159978 0
1.938124720169277 0.6573909882825473 0
1.965537971776615 0.6909110238492262 0
1.918772691749156 0.6732172719823248 0
1.914742080155548 0.6485441123490965 0
1.776877732227068 0.3417587685737411 0
1.780908412334185 0.3664310599882796 0
1.757525850052108 0.3575848272624818 0
1.804290974616262 0.3752772927140775 0
1.784939092441302 0.3911033514028182 0
1.823642856791222 0.3594512340253369 0
1.827673536898339 0.3841235254398754 0
1.788969772548419 0.4157756428173567 0
1.765587210266343 0.4069294100915588 0
1.826837315607073 0.9162192003353089 0
1.82280709489153 0.8915461941794169 0
1.846189661248712 0.9003924281385998 0
1.799424528534348 0.8826999602202346 0
1.818776874175986 0.8668731880235252 0
1.780072182892709 0.8985267324169439 0
1.776041962177166 0.8738537262610522 0
1.814746653460444 0.8422001818676335 0
1.838129219817626 0.8510464158268158 0
1.21408121136783 0.5223008007409875 0
1.233435907847587 0.5064678052460176 0
1.194726514888072 0.5381337962359574 0
1.190702476584513 0.5134444102933886 0
1.186678438280953 0.4887550243508199 0
1.264118024004392 0.4253680692539703 0
1.268134132937123 0.450078418090365 0
1.244766315832714 0.4411931491844339 0
1.291501950041532 0.4589636869962961 0
1.272150241869853 0.4747887669267592 0
1.31085365821321 0.443138607065833 0
1.252798533698174 0.4906138468572223 0
1.097515591254183 0.3358458691480255 0
1.116336892778654 0.3214241478133362 0
1.120470324403177 0.3458239049864686 0
1.962305399618946 0.8054312042058513 0
1.981658414917765 0.7896042670849868 0
1.942952384320127 0.8212581413267159 0
1.938922353728554 0.7965849320854148 0
1.923599369021307 0.8370850784475805 0
1.915539307838162 0.7877386599649785 0
1.934892323136982 0.7719117228441141 0
2.032490696481181 0.8320298885788469 0
2.05593292884049 0.8408762754855077 0
2.036497699794895 0.8567628510456093 0
2.079375161199799 0.8497226623921685 0
2.040504703108609 0.8814958135123718 0
3.886821933503692 4.797340345006518 0
4.011821933503692 4.580833994060408 0
4.125 4.783493649053891 0
3.898643867007384 4.378174339066926 0
4.136821933503692 4.364327643114299 0
3.660465800511076 4.392021035019554 0
3.785465800511076 4.175514684073445 0
4.261821933503692 4.147821292168189 0
4.375 4.350480947161671 0
1.518599756120581 0.6360566946284301 0
1.495166395536219 0.627344735399892 0
1.514157979580258 0.6122755861390694 0
1.47617481149218 0.6424138846607146 0
1.471733034951856 0.6186327761713539 0
1.480616588032504 0.6661949931500752 0
1.457183227448141 0.6574830339215372 0
1.448299674367493 0.6099208169428159 0
1.467291258411532 0.5948516676819933 0
1.883301276730107 0.5903484948440749 0
1.863951727962538 0.6061709612470332 0
1.859922136294099 0.5814969941787664 0
1.867981319630979 0.6308449283152995 0
1.84460217919497 0.6219934276499912 0
1.891360460066987 0.6396964289806077 0
1.821223038758962 0.613141926984683 0
1.455150832823119 0.5209642245700383 0
1.431768827915906 0.5121165189314734 0
1.478532837730331 0.5298119302086033 0
1.459180522793539 0.5456386210773656 0
1.501914842637543 0.5386596358471682 0
1.46321021276396 0.5703130175846929 0
1.439828207856748 0.5614653119461279 0
7.381506339592278 4.771927980077459 0
7.513012679184556 4.543855960154918 0
7.631506339592278 4.771927980077459 0
7.644519018776834 4.315783940232377 0
7.881506339592278 4.771927980077459 0
4.375 4.783493649053891 0
4.5 4.566987298107781 0
4.625 4.783493649053891 0
4.625 4.350480947161671 0
4.875 4.783493649053891 0
3.136821933503692 4.797340345006518 0
3.386821933503692 4.797340345006518 0
3.523643867007384 4.594680690013035 0
3.636821933503692 4.797340345006518 0
3.410465800511076 4.392021035019554 0
2.130033348610146 4.765003965027369 0
2.380033348610146 4.765003965027369 0
2.510066697220292 4.530007930054738 0
2.630033348610146 4.765003965027369 0
2.390100045830438 4.295011895082108 0
2.640100045830438 4.295011895082108 0
2.880033348610146 4.765003965027369 0
2.776921979334131 4.092352240088625 0
2.896888630723985 4.327348275061256 0
3.153677215617531 4.359684655040406 0
3.016855282113839 4.562344310033887 0
3.290499149121223 4.157025000046923 0
2.358050958233253 0.6778542660091813 0
2.381410800866767 0.6867605860322472 0
2.361944969008681 0.7028875183822016 0
2.404770643500282 0.6956669060553131 0
2.365838979784108 0.7279207707552218 0
1.638225764271892 0.5669660416018776 0
1.642363928108963 0.5914916708799332 0
1.618969057347333 0.5826549824348581 0
1.665758798870592 0.6003283593250082 0
1.646502091946033 0.6160173001579885 0
1.685015505795152 0.5846394184920274 0
1.627245385021473 0.6317062409909693 0
1.902653305150228 0.5745222111442971 0
1.906682896818668 0.5991961782125637 0
1.93006451690723 0.6080438615810524 0
1.910712488487108 0.6238701452808302 0
1.949416545327351 0.5922175778812746 0
1.969567778154405 0.7155847875179271 0
1.946185138140676 0.7067379115844763 0
1.926832304504738 0.7225647993197266 0
1.922802498126947 0.6978910356510257 0
1.930862110882528 0.7472385629884273 0
1.907479470868799 0.7383916870549767 0
1.899419858113218 0.6890441597175752 0
1.367434875319872 0.2526531997314359 0
1.390958169286082 0.262256601404415 0
1.343911581353662 0.2430497980584567 0
1.362727469484317 0.2241457132999058 0
1.320388287387452 0.233446396385478 0
1.358020063648763 0.1956382268683754 0
1.381543357614973 0.205241628541355 0
1.297199621434218 0.2290931494180515 0
1.316015509564873 0.2101890646595006 0
1.311642731742295 0.1869317329335232 0
1.334831397695529 0.1912849799009493 0
1.288454065789061 0.1825784859660966 0
0.4278931247807627 0.4101887626112495 0
0.4045091684970785 0.4013458492558826 0
0.4238562358730267 0.3855372683839167 0
0.3851621011211304 0.4171544301278489 0
0.3811252122133943 0.3925029359005165 0
0.3891989900288664 0.4418059243551813 0
0.3658150337451822 0.4329630109998153 0
0.3577412559297102 0.3836600225451496 0
0.3770883233056583 0.3678514416731837 0
1.098080528417951 0.6169616435414733 0
1.11743500568359 0.6011292212962644 0
1.113537586452222 0.576104998183407 0
1.136789482949228 0.5852967990510556 0
1.090285689955216 0.566913197315758 0
1.973597990408859 0.7402579473736135 0
1.977628202663312 0.7649311072293004 0
1.95424515677292 0.7560848351088638 0
2.341290204530027 0.4395503294039691 0
2.321937858204975 0.4553771033434426 0
2.360642550855077 0.4237235554644956 0
2.364672768233569 0.4483965557974976 0
2.379994897180129 0.4078967815250216 0
2.388055331937112 0.4572427821910257 0
2.368702985612061 0.4730695561304996 0
1.813161453508881 0.5637976905987774 0
1.789781112116273 0.5549480388087826 0
1.83654179490149 0.5726473423887719 0
1.817192246133922 0.5884698087917299 0
1.797842697366353 0.6042922751946882 0
2.562019406731015 0.3162986915961965 0
2.558137202969734 0.2920566593583631 0
2.581016718465613 0.3015377704661741 0
2.554254999208453 0.2678146271205302 0
2.60001403020021 0.2867768493361522 0
1.361627621227981 0.4855606708874758 0
1.385007036884947 0.4944152325005713 0
1.365654351481375 0.5102429041900922 0
1.408386452541913 0.5032697941136668 0
1.36968108173477 0.5349251374927086 0
1.548739137205888 0.5561956971203055 0
1.525348203221906 0.5473715950757063 0
1.57213007118987 0.5650197991649046 0
1.552820182853459 0.5807343472176059 0
1.595521005173852 0.5738439012095038 0
1.556901228501031 0.6052729973149062 0
1.533510294517049 0.5964488952703071 0
1.461930552923446 0.2931918019568283 0
1.438567694671026 0.2844920640417987 0
1.458106955967998 0.2695203023326229 0
1.415204836418607 0.2757923261267692 0
1.45428335901255 0.2458488027084176 0
1.90424679948518 0.8529120681843922 0
1.900216768893608 0.8282388589430911 0
1.876834168765908 0.8193926394386017 0
1.896186738302036 0.80356564970179 0
1.857481599229782 0.8352196291754135 0
1.85345156863821 0.8105464199341124 0
1.892156707710463 0.7788924404604893 0
1.830867530694196 0.9408922089003164 0
1.807484964337014 0.9320459749411341 0
1.788132613066955 0.947872749546959 0
1.784102397979832 0.9231997409819515 0
1.792162828154078 0.9725457581119668 0
1.768780261796897 0.9636995241527841 0
1.76071983162265 0.9143535070227689 0
0.4197915552071194 0.3609731473166291 0
0.4431755114908036 0.3698160606719956 0
0.3964075989234352 0.3521302339612626 0
0.4157268745412122 0.3364090262493415 0
0.3730236426397511 0.3432873206058962 0
0.4116621938753067 0.311844905182054 0
0.43504615015899 0.3206878185374205 0
2.263880890327284 0.5028572564310536 0
2.283233211696471 0.4870305398441159 0
2.287263450260697 0.5117034861513792 0
2.302585533065657 0.471203823257178 0
2.310646010194109 0.5205497158717047 0
1.772053765253785 0.849166480182221 0
1.768065568330406 0.8244792341033897 0
1.791406110895425 0.8333397079855116 0
1.225403689982127 0.4570471075732292 0
1.229419798914857 0.4817574564096234 0
1.20604106413154 0.4729010659620245 0
1.28345552090237 0.4095806111574425 0
1.302793017800347 0.3937931530609147 0
1.306823338006779 0.4184658800633736 0
1.505995888285114 0.5631982859444686 0
1.510076933932686 0.587736936041769 0
1.486643573348323 0.579024976813231 0
1.793000830593359 0.4404473524011556 0
1.797033937872802 0.4651159071785886 0
1.820416878092701 0.4739615580736469 0
1.801067045152245 0.4897844619560217 0
1.839766711033158 0.4581386541912722 0
9.806647333503978 1.874692377317748 0
9.806647333503978 1.624692377317748 0
9.613294667007954 1.499384754635495 0
9.806647333503978 1.374692377317748 0
9.419942000511933 1.624077131953242 0
9.419942000511933 1.374077131953242 0
9.806647333503978 1.124692377317748 0
9.804327744113072 2.875739658131755 0
9.804327744113072 2.625739658131755 0
9.608655488226145 2.501479316263509 0
9.804327744113072 2.375739658131755 0
9.412983232339217 2.627218974395264 0
9.412983232339217 2.377218974395264 0
9.804327744113072 2.125739658131755 0
9.219630565843195 2.251911351713011 0
9.415302821730123 2.126171693581257 0
9.417622411121027 1.87512441276725 0
9.610975077617049 2.000432035449502 0
9.224269744625005 1.749816790084997 0
2.284700874300296 0.2337669132081626 0
2.308296829492243 0.2420490978813152 0
2.327537702769975 0.2244129990644979 0
2.331892784684191 0.2503312825544679 0
2.323182620855759 0.1984947155745287 0
2.346778576047707 0.2067769002476809 0
2.355488739876139 0.2586134672276206 0
1.976029241752332 0.4865470889498211 0
1.999411635998288 0.4953935805050218 0
2.018763779855101 0.4795671189645434 0
2.022794030244243 0.5042400720602231 0
2.014733529465959 0.4548941658688639 0
2.038115923711914 0.463740657424065 0
2.046176424490198 0.513086563615424 0
2.030055412108041 0.414394768004545 0
2.049407712442457 0.3985680655384063 0
2.053437973657188 0.4232410018622463 0
2.045377451227727 0.3738951292145662 0
2.068760012776874 0.3827413630722671 0
2.021994889678579 0.3650488953568654 0
2.041347190012996 0.3492221928907262 0
2.088112313111291 0.366914660606128 0
2.092142574326021 0.391587596929968 0
1.587983091651387 0.2430890613900023 0
1.611227486486125 0.2517662857780589 0
1.590231436264682 0.2714963937048083 0
1.632223536707568 0.2320361778513087 0
1.634471881320863 0.2604435101661151 0
1.629975192094274 0.2036288455365023 0
1.653219586929011 0.2123060699245585 0
1.6577162761556 0.2691207345541713 0
1.636720225934157 0.2888508424809215 0
0.3464690794826772 0.4487691572252617 0
0.3424321905749403 0.4241176629979293 0
0.3190493474046985 0.4152723149960433 0
0.3383953016672043 0.3994661687705965 0
0.2997033931421917 0.4310784612214897 0
2.060699523354794 0.3333954396228709 0
2.080051856696592 0.317568686355016 0
2.084082084903941 0.3422416734805722 0
2.09940419003839 0.3017419330871611 0
2.107464646453089 0.3510879073382727 0
2.112293809380241 0.5149522784423688 0
2.108263501628736 0.4902795233025472 0
2.116324117131746 0.5396250335821906 0
2.092941533797109 0.5307789429118877 0
2.069558950462472 0.5219328522415847 0
1.691407809219709 0.3557200124884994 0
1.695438084798105 0.3803929266758894 0
1.687377533641314 0.3310470983011093 0
1.710760170935338 0.3398932155458505 0
1.683347258062919 0.3063741841137189 0
1.730112532650967 0.3240664186032021 0
1.734142808229362 0.3487393327905921 0
1.71882112662085 0.3892384211477795 0
1.738173488336479 0.3734116242051306 0
1.742204168443596 0.3980839156196692 0
1.770446126382661 0.5707480853891007 0
1.774476919007701 0.5954202035820535 0
1.751111140649048 0.5865481319694188 0
1.922004658358691 0.55869696682292 0
1.941356011567155 0.5428717225015429 0
1.945386278447253 0.5675446501914088 0
1.908277020200723 0.877585074340284 0
1.884894420073024 0.8687388548357946 0
1.865542040660868 0.884565641487197 0
1.861511819945325 0.8598926353313052 0
1.869572261376411 0.9092386476430889 0
1.555303605594498 0.3275131698995679 0
1.578663150163762 0.3363312188737346 0
1.531944061025235 0.3186951209254012 0
1.551411569349893 0.3030091533805739 0
1.57087907767455 0.2873231858357466 0
2.318706462774828 0.5698956700374997 0
2.29935421587467 0.5857221841461397 0
2.303384429891164 0.6103951920046715 0
2.280001968974512 0.6015486982547797 0
2.326766890807817 0.6192416857545635 0
2.473525132649979 0.4432817364290891 0
2.454172790311491 0.4591085002024289 0
2.450142576331069 0.4344354912040083 0
2.458203004291912 0.4837815092008495 0
2.434820447973002 0.4749352639757687 0
2.481585560610822 0.4926277544259303 0
2.462233218272334 0.5084545181992701 0
2.415468105634514 0.4907620277491085 0
2.411437891654092 0.4660890187506879 0
1.599659169010922 0.5983695304875594 0
1.603797332847992 0.6228951597656149 0
1.580349280674512 0.6140840785402606 0
1.607935496685063 0.6474207890436703 0
1.561039392338101 0.6297986265929618 0
1.65756958918245 0.5511617917397906 0
1.676913414093008 0.5353575418777037 0
1.68096445994408 0.5599984801848656 0
2.076820499629462 0.4320872904884068 0
2.057468199295046 0.4479139929545459 0
2.096172799963879 0.4162605880222676 0
2.100203025601736 0.4409335791145672 0
2.104233251239594 0.4656065702068672 0
2.3259680967692 0.4800500496507061 0
2.349350660472743 0.4888962760442346 0
2.329998335333426 0.5047229959579695 0
2.372733224176287 0.4977425024377626 0
2.334028573897652 0.529395942265233 0
2.399347239518618 0.3920700177516818 0
2.403377456897109 0.4167430180846838 0
2.426760016614089 0.425589254644346 0
2.407407674275601 0.4414160184176859 0
2.446112358952577 0.4097624908710062 0
2.122786752015789 0.3105881662837371 0
2.146169313993188 0.3194343994803139 0
2.126816980223139 0.3352611534092933 0
1.410497430583053 0.2472848396952392 0
1.405790024747499 0.2187773532637092 0
1.430036691880024 0.2323130779860634 0
1.401082618911945 0.1902698668321792 0
1.449575953176995 0.2173413162768876 0
0.3690013470202853 0.3185887513131074 0
0.3649790514008195 0.2938901820203186 0
0.3883206226380631 0.3028675436011863 0
1.412416142512334 0.5279441906209943 0
1.416445832482755 0.5526185871283213 0
1.393063457108763 0.543771862310515 0
2.496907691724679 0.4521279746266282 0
2.520290250799379 0.460974212824167 0
2.500937905705101 0.4768009836250489 0
2.543672809874079 0.4698204510217057 0
2.504968119685522 0.501473992623469 0
2.574514824918627 0.3890626948920932 0
2.598095137026891 0.3981507360059418 0
2.578545038971292 0.4137357037062861 0
2.621675449135155 0.4072387771197898 0
2.582575253023957 0.4384087125204794 0
1.633352478019661 0.4031972406784625 0
1.614001867125372 0.4190208797948385 0
1.609969843851133 0.3943511186220099 0
1.598015508753893 0.3205044267427972 0
1.594123472509288 0.2960004102238027 0
1.617367867344025 0.3046776346118589 0
0.5053223718644801 0.3468400451960147 0
0.4818969646293167 0.3381226363098166 0
0.5012576911985738 0.3222759241287272 0
0.4625362380600597 0.3539693484909061 0
0.4584715573941534 0.3294052274236186 0
0.4666009187259661 0.3785334695581937 0
0.454406876728247 0.304841106356331 0
1.74883802155354 0.9794031614491674 0
1.744807806466417 0.9547301528841599 0
1.720835351135937 0.9457607816155356 0
1.740777591379294 0.9300571443191523 0
1.700893110892581 0.9614644189119188 0
1.772847403068709 0.3170859368728225 0
1.796229965350785 0.3259321695986204 0
1.815582198474502 0.3101055706234992 0
1.819612527632862 0.3347784023244182 0
1.811551869316142 0.2854327389225801 0
1.99990755569435 0.2172714651270917 0
2.019259899286016 0.2014446960851917 0
2.021196075210286 0.2258572168999784 0
2.017323723361747 0.1770321752704058 0
2.038612242877682 0.1856179270432921 0
1.99603520384581 0.1684464234975191 0
2.059900762393618 0.1942036788161783 0
1.274225237873146 0.2201285248583416 0
1.251250854312075 0.2111639002986312 0
1.269852460050568 0.1968711931323641 0
2.422638743876496 0.2640349091519227 0
2.418846554653086 0.2401510854692179 0
2.426430933099907 0.2879187328346275 0
2.402971166255586 0.2788284642347136 0
2.430223122323317 0.3118025565173324 0
2.383303588634676 0.2936220193175041 0
2.379511399411266 0.2697381956347993 0
2.061498449684188 0.4725869460502254 0
2.084880975656462 0.4814332346763859 0
2.06552870007333 0.497259899145905 0
0.2737988305850259 0.5370554486709691 0
0.2505716135475753 0.5277986981360696 0
0.2692192812972829 0.5116516268441007 0
0.2319239457978686 0.5439457694280381 0
0.2273443965101247 0.5185419476011699 0
0.2365034950856106 0.5693495912549065 0
0.213276278048161 0.560092840720007 0
0.204117179472675 0.5092851970662702 0
0.2227648472223827 0.4931381257743017 0
1.43755728252396 0.672030096181832 0
1.433115505983635 0.6482489876924713 0
1.40904778451913 0.6390149414634054 0
1.428673729443312 0.6244678792031106 0
1.389421839594949 0.6535620037237 0
0.3505005665733734 0.4734379732651108 0
0.3271177234031306 0.4645926252632249 0
0.307766367323584 0.4804160933011881 0
0.3037348802328879 0.4557472772613389 0
0.3117978544142801 0.5050849093410372 0
0.2884150112440373 0.4962395613391513 0
0.2803520370626451 0.4469019292594529 0
2.338055010736237 0.554078941775227 0
2.342085224752731 0.5787519496337588 0
2.365463986730634 0.587608229230018 0
2.346115438769225 0.6034249574922907 0
2.384812534692042 0.5717915009677452 0
2.044578632763391 0.23470345690491 0
2.063930976355057 0.21887668786301 0
2.067961190316496 0.2435496969098416 0
2.325169345745082 0.3408583015599258 0
2.344521691019129 0.3250315299480615 0
2.348551905521949 0.349704537566669 0
2.363874036293176 0.3092047583361976 0
2.371934465298817 0.3585507735734121 0
2.366446153668618 0.19198334516489 0
2.370801235582833 0.2179016286548601 0
2.39482389511796 0.2290263570620388 0
2.37515631749705 0.2438199121448297 0
2.414491472738871 0.2142328019792483 0
2.551986390843921 0.2411343420498255 0
2.5748659063398 0.2506154531576366 0
2.595476813471146 0.2334162791947429 0
2.597745421835678 0.2600965642654476 0
2.593208205106613 0.2067359941240383 0
2.616087720602492 0.2162171052318493 0
2.620624937331557 0.2695776753732586 0
0.4446609225542515 0.2529129273853012 0
0.45012701404917 0.2809502521484872 0
0.4391948310593339 0.2248756026221157 0
0.4638064671103379 0.237739482063656 0
0.4337287395644154 0.1968382778589302 0
0.4829520116664252 0.2225660367420099 0
0.4884181031613437 0.2506033615051959 0
0.2651877942065868 0.4869828108042515 0
0.2419605771691362 0.4777260602693518 0
0.2611563071158916 0.4623139947644024 0
0.2187333601316865 0.4684693097344521 0
0.2571248200251954 0.4376451787245532 0
2.431793207776232 0.5895837936071271 0
2.435804502448338 0.6143068418924658 0
2.459406413554625 0.6232428549355886 0
2.439815797120444 0.6390298901778044 0
2.478997029988806 0.6074558196933728 0
2.483008324660911 0.6321788679787115 0
2.44382709179255 0.6637529384631431 0
2.466259655110919 0.5331375177092641 0
2.442877098792009 0.5242912724841835 0
2.423520979311684 0.5401280267690969 0
2.419494542473099 0.5154450272591027 0
2.427547416150269 0.5648110262790909 0
2.40416485983136 0.5559647810540103 0
2.396111986154189 0.5065987820340219 0
1.757155166406151 0.2186160683197622 0
1.780537726009229 0.2274623051698828 0
1.760756423630625 0.2430674293970974 0
1.800319028387833 0.2118571809426677 0
1.803920285612307 0.2363085420200033 0
1.796717771163358 0.1874058198653321 0
1.820100330766436 0.1962520567154526 0
1.827302845215385 0.2451547788701238 0
1.807521542836781 0.2607599030973389 0
1.849429175186085 0.7858698004354094 0
1.845406781733961 0.7611931809367061 0
1.868781744722212 0.7700428106985977 0
1.841384388281837 0.7365165614380031 0
1.888134314258338 0.754215820961786 0
1.884104507880548 0.7295420572930853 0
1.860729544892297 0.7206924275311937 0
1.880074701502757 0.7048682936243844 0
1.929264835666815 0.4688535173614357 0
1.952646697327431 0.477700828712428 0
1.905882974006199 0.4600062060104433 0
1.925234435098726 0.4441807955835637 0
1.882501112345583 0.4511588946594509 0
1.921204034530637 0.4195080738056918 0
1.944585896191253 0.4283553851566841 0
1.843678848177938 0.2042862245367707 0
1.867257365589441 0.2123203923580887 0
1.847280105402413 0.2287375856141063 0
1.890835883000944 0.2203545601794068 0
1.850881362626888 0.2531889466914419 0
2.489861566217206 0.542073530752387 0
2.470505446736881 0.5579102850373003 0
2.474751238362844 0.5826830523653366 0
2.451149327256557 0.5737470393222137 0
2.49835314946913 0.5916190654084594 0
2.376759661014872 0.5224255019477568 0
2.380786097853457 0.547108501457751 0
2.357407335875554 0.5382522218614918 0
2.387333803137496 0.3182950269361116 0
2.410793569981817 0.3273852955360255 0
2.391364017640317 0.342968034554719 0
2.434253336826138 0.3364755641359398 0
2.395394232143138 0.367641042173326 0
2.465541911294078 0.3941797518523131 0
2.484894256316113 0.3783529812356585 0
2.480941248940633 0.3539240056573032 0
2.504246601338148 0.3625262106190048 0
2.457635896543118 0.3453218006956016 0
1.74946484346563 0.3082397000227015 0
1.768817076589348 0.2924131010475808 0
1.764786750109987 0.2677402652223391 0
1.788169309713064 0.27658650207246 0
1.741404190506908 0.2588940283722181 0
2.418776791860117 0.3764872787329887 0
2.438206344201618 0.3609045397142951 0
2.442159351577097 0.3853335152926505 0
0.4969778285194968 0.2983850699208834 0
0.5204032357546602 0.3071024788070815 0
0.4735524212843334 0.2896676610346853 0
0.4926979658404198 0.2744942157130397 0
0.5118435103965062 0.259320770391394 0
1.990551866395962 0.3068566954275211 0
1.967169328539383 0.2980104250948039 0
1.986521642184655 0.2821837021547342 0
1.943786790682805 0.2891641547620862 0
1.982491417973348 0.2575107088819477 0
1.979086084510958 0.2322473311872555 0
1.977149908586688 0.2078348103724696 0
1.954392261479026 0.1983981556178471 0
1.975213732662419 0.1834222895576829 0
1.933570790295634 0.2133740216780113 0
1.971998841184244 0.4618743671719492 0
1.967968440616155 0.4372016453940777 0
1.991350985041056 0.4460479056314703 0
1.963938040048066 0.4125289236162057 0
2.01070312889787 0.4302214440909919 0
2.006672867683139 0.4055485077671523 0
1.983290323258237 0.3967022475297588 0
2.002642606468408 0.3808755714433123 0
1.679316931583558 0.2817013482884776 0
1.702699568877582 0.2905474655332192 0
1.722051879692245 0.2747207469527186 0
1.726082206171606 0.2993935827779604 0
1.718021553212884 0.2500479111274769 0
1.672571897743675 0.1964793513440588 0
1.674820242356969 0.2248866836588648 0
1.696420897784926 0.2374672973931711 0
1.677068586970263 0.2532940159736712 0
1.71577320859959 0.2216405788126705 0
1.921029143575143 0.2797275000074642 0
1.940381457220415 0.2639007770673949 0
1.936976123758024 0.2386373993727031 0
1.959733770865686 0.2480740541273252 0
1.914218476650363 0.229200744618081 0
1.874263956276306 0.2620351311301161 0
1.894241216463334 0.2456179378740986 0
1.897646549925724 0.2708813155687904 0
1.89782151539317 0.4106617746487724 0
1.878470054300644 0.426487185075652 0
1.874438996255704 0.401815475491853 0
1.859118593208117 0.4423125955025315 0
1.851056477118238 0.3929691763349337 0
1.831704594943278 0.4087952350236743 0
1.835735652988218 0.4334669446074733 0
1.812352712768319 0.424621293712415 0
1.931633076959698 0.8864360891943797 0
1.912280697547541 0.902262875845782 0
1.91628437489436 0.9269406773512803 0
1.892928318135386 0.9180896624971846 0
1.939640431653334 0.9357916922053759 0
1.920288052241178 0.9516184788567785 0
1.87357593872323 0.9339164491485872 0
2.001713132797299 0.9131541652320734 0
1.978353114184765 0.9042481398861755 0
1.95899677291905 0.9200199160457756 0
1.954993095572231 0.8953421145402776 0
1.963000450265868 0.9446977175512741 0
0.1729625556683789 0.4745929613582498 0
0.1689481980868699 0.4496971832228711 0
0.1955232726034231 0.4589855971040233 0
0.1423731235703158 0.4404087693417189 0
0.1649338405053609 0.4248014050874929 0
0.1198124066352708 0.4560161335959454 0
0.187494557440405 0.4091940408332668 0
0.2147190025501775 0.4435735315990739 0
0.2107046449686685 0.4186777534636956 0
0.233914732496932 0.4281614660941244 0
0.2066902873871594 0.3937819753283174 0
0.2531104624436864 0.412749400589175 0
0.2491801368961006 0.3880602156864912 0
0.225970049367838 0.3785765030560624 0
0.2452498113485158 0.3633710307838078 0
0.2027599618395737 0.3690927904256336 0
0.24131948580093 0.3386818458811245 0
0.5397664612856232 0.2912890198776852 0
0.5440463239647002 0.3151798740855289 0
0.5354865986065471 0.2673981656698414 0
0.559129686816588 0.2754755609482888 0
0.531206735927471 0.2435073114619977 0
0.5784929123475511 0.2596621020188925 0
0.5827727750266281 0.2835529562267363 0
0.5948204509396806 0.3575196674507826 0
0.5908045589686637 0.332864097042767 0
0.6141836764706445 0.3417062085213862 0
0.5674254414666819 0.3240219855641477 0
0.586788666997645 0.3082085266347514 0
0.5480622159357189 0.3398354444935441 0
0.6061518925286089 0.2923950677053551 0
0.6214019256129744 0.2521502581603769 0
0.6447703893181922 0.2609793177531463 0
0.6255044642628089 0.2765685568901093 0
0.6640363143735755 0.2453900786161829 0
0.66813885302341 0.2698083773459157 0
0.65993377572374 0.2209717798864501 0
0.6833022394289578 0.2298008394792195 0
0.6915073167286279 0.278637436938685 0
0.6722413916732446 0.294226676075648 0
0.6335362482048446 0.32587969770614 0
0.6375521401758624 0.3505352681141556 0
0.6295203562338267 0.3012241272981244 0
0.6528888199390446 0.3100531868908938 0
0.6762572836442624 0.3188822464836631 0
0.9225460401662797 0.4809489501922002 0
0.9279808821836948 0.5056679542190885 0
0.9517545245320802 0.5141211279526565 0
0.9334157242011099 0.530386958245977 0
0.9700933248630506 0.4978552976593358 0
0.9755281668804656 0.5225743016862245 0
0.9388505662185249 0.5551059622728656 0
1.063257944845747 0.5329938485004013 0
1.059183198015569 0.5084375931394223 0
1.036052872137466 0.4995424674369233 0
1.055108451185392 0.4838813377784437 0
1.01699729308954 0.515203597095403 0
1.012922546259363 0.4906473417344239 0
1.051033704355214 0.4593250824174646 0
0.9806168211135429 0.4334846187530923 0
0.9612598941311212 0.4493060625661283 0
0.9656766094970859 0.473580680112732 0
0.9419029671486996 0.4651275063791642 0
0.9894502518454722 0.4820338538462998 0
0.6883275744347799 0.3928777649556858 0
0.6843041441712741 0.3682125921316786 0
0.707680146168979 0.3770512541404401 0
0.6609281421735682 0.3593739301229171 0
0.6802807139077682 0.3435474193076709 0
0.6415755704393682 0.3752004409381628 0
0.6996332856419682 0.3277209084924246 0
1.027561409941324 0.4507115945293405 0
1.008505830893398 0.4663727241878202 0
1.004089115527433 0.4420981066412164 0
0.7310640625080973 0.3858990582422246 0
0.7544441163868179 0.394742366131978 0
0.7738046024624303 0.3789249974097553 0
0.7778241702655393 0.4035856740217305 0
0.7697850346593222 0.35426432079778 0
0.7931650885380428 0.3631076286875325 0
0.8012042241442607 0.412428981911483 0
0.8205644325337875 0.396611313443946 0
0.8165448647306786 0.3719506368319707 0
0.8399246409233143 0.3807936449764089 0
0.8125252969275696 0.3472899602199955 0
0.8592848493128411 0.3649759765088718 0
0.7149576589464308 0.2875676546049712 0
0.7383415752855491 0.2964154587067567 0
0.7189937717175807 0.3119035397702024 0
0.7576893788535175 0.2809273776433105 0
0.7617254916246674 0.3052632628085412 0
0.7536532660823676 0.2565914924780799 0
0.7770371824214859 0.2654392965798644 0
0.7851094079637857 0.3141110669103266 0
0.7657616043958164 0.3295991479737723 0
0.5528060562151396 0.5036128402686351 0
0.5721524559076787 0.4877772805192855 0
0.5761633324661855 0.5124272384438622 0
0.568141579349172 0.4631273225947088 0
0.5914988556002179 0.4719417207699359 0
0.5447843030981243 0.4543129244194817 0
0.6148561318512655 0.480756118945163 0
0.7270406322445915 0.3612338854182173 0
0.7230172019810865 0.3365687125942101 0
0.7464011183202039 0.3454165166959946 0
0.8046064898009719 0.2981678212981373 0
0.8086426025721209 0.3225037064633685 0
0.8005703770298229 0.2738319361329067 0
0.8241035716381582 0.2822245756859485 0
0.796534264258673 0.2494960509676756 0
0.8436006534753453 0.2662813300737596 0
0.8476367662464952 0.2906172152389903 0
0.8554021549573925 0.3401897227522448 0
0.8320223787647567 0.3313467146078066 0
0.8515194606019438 0.3154034689956178 0
0.7026500429969271 0.2143127584157738 0
0.7067525816467617 0.2387310571455066 0
0.7302029238645646 0.2476612748117928 0
0.7108551202965963 0.2631493558752389 0
0.749550727432533 0.2321731937483471 0
0.7686267988713125 0.6073091920063804 0
0.7737533924695947 0.6306959190538577 0
0.798865862598257 0.6394083970403499 0
0.778879986067877 0.6540826461013347 0
0.818851739128637 0.6247341479793649 0
0.8269544378564833 0.5601452057070366 0
0.807511891528093 0.5758665344734846 0
0.813181815328365 0.6003003412264247 0
0.7880693451997027 0.5915878632399325 0
0.8382942854570272 0.6090128192129169 0
0.4512714566360323 0.4190308976548951 0
0.431924389260085 0.434839478526861 0
0.4359556537394074 0.4594901944424734 0
0.4125773218841369 0.4506480593988273 0
0.4593339855946779 0.468332329486119 0
0.4399869182187297 0.4841409103580849 0
0.3932302545081896 0.4664566402707937 0
0.8765680637721545 0.5779754025130814 0
0.8574311746145913 0.5934941108629992 0
0.8517612508143184 0.569060304110059 0
0.599457697432789 0.5211706509508995 0
0.618804097125329 0.50533509120155 0
0.6227520623993925 0.5299140634579371 0
0.6381504968178682 0.4894995314522004 0
0.6460464273659952 0.5386574759649747 0
0.6923283152103146 0.4175174600222888 0
0.6689523132126096 0.4086787980135274 0
0.6495770519904394 0.4244798310713689 0
0.6455763112149038 0.3998401360047659 0
0.6535777927659749 0.4491195261379719 0
0.6654738803610813 0.5229157949428398 0
0.6615259150870179 0.4983368226864529 0
0.6849013333561675 0.5071741139207053 0
0.6575779498129544 0.4737578504300659 0
0.7043287863512546 0.4914324328985709 0
0.5754639154641694 0.3733449643421585 0
0.5561073799886582 0.3891702612335344 0
0.5520847979621886 0.3645028528635392 0
0.536750844513147 0.4049955581249103 0
0.5287056804602077 0.35566074138492 0
0.4706235007524366 0.4032008779281888 0
0.4746547652317599 0.4278515938438003 0
0.4980380738274865 0.436672290032706 0
0.4786860297110822 0.4525023097594127 0
0.5173901179438909 0.4208422703059993 0
0.5214213824232132 0.4454929862216117 0
0.4827172941904045 0.4771530256750243 0
0.5060802148653156 0.4859729638728947 0
0.4867281707489113 0.5018029835996012 0
0.52543225898172 0.470142944146188 0
0.5294431355402276 0.4947929020707651 0
0.5334540120987352 0.5194428599953416 0
0.7003286293042743 0.4667941086064769 0
0.6769532110351246 0.4579568173722244 0
0.6963284722572949 0.4421557843143828 0
0.5093449538909507 0.3715074535660099 0
0.5133675359174212 0.3961748619360046 0
0.4899842273216937 0.3873541657470989 0
0.3981127910375521 0.6303157465254416 0
0.4174343496913835 0.6144693779808783 0
0.4214544235848638 0.6391385276724084 0
0.4134142757979014 0.5898002282893486 0
0.4367559083452139 0.5986230094363152 0
0.3900726432505897 0.5809774471423819 0
0.4600975408925265 0.6074457905832817 0
1.047473543756121 0.8029277375646928 0
1.0689745366839 0.7924107821792004 0
1.068907375827719 0.7649304826982504 0
1.090475529611678 0.7818938267937077 0
1.04733922204376 0.7479671386027933 0
1.068840214971539 0.7374501832173008 0
1.111976522539456 0.771376871408215 0
0.2966098189019517 0.5456211676446356 0
0.2779621511522441 0.5617682389366043 0
0.2821254717194623 0.5864810292022395 0
0.2593144834025365 0.577915310228573 0
0.3049364600363873 0.5950467481759061 0
0.2862887922866797 0.6111938194678745 0
0.2406668156528298 0.5940623815205417 0
1.025388125211257 0.941426790888277 0
1.003817065013315 0.9288263492086286 0
0.9821194861641596 0.9411840239300708 0
0.9822460048153738 0.9162259075289803 0
0.9819929675129462 0.9661421403311614 0
0.9604219073150038 0.9535416986515131 0
0.9606749446174323 0.9036254658493319 0
0.9389942494910191 0.9160000668380788 0
0.9388677308398048 0.9409581832391694 0
0.9173135543646058 0.9283746678268257 0
0.9387412121885905 0.9659162996402597 0
0.8956328592381926 0.9407492688155723 0
0.4448151335384942 0.6479884758293046 0
0.4641366921923247 0.6321421072847415 0
0.4681758434921228 0.6568384239862013 0
0.4834582508461551 0.6162957387401784 0
0.4915365534457532 0.6656883721430975 0
0.5374674744668244 0.5440969541545884 0
0.5141045537919124 0.5352770159567184 0
0.4947550954850897 0.551111171918095 0
0.4907416331170005 0.526457077758848 0
0.4987685578531789 0.575765266077342 0
0.5108043325300216 0.6497651085425393 0
0.5067651812302234 0.6250687918410798 0
0.5300721116142899 0.6338418449419811 0
0.5027260299304244 0.6003724751396202 0
0.5493398906985592 0.617918581341423 0
0.4206587480395072 0.4999722233703654 0
0.4013305778602838 0.5158035363826456 0
0.3972804161842367 0.4911300883267193 0
0.3820024076810613 0.5316348493949259 0
0.3739020843289662 0.4822879532830737 0
0.3283379777919819 0.603896728193869 0
0.3515962488738387 0.6127030676377265 0
0.3323580516854623 0.6285658778853986 0
0.3708344460622142 0.5968402573900542 0
0.3748545199556954 0.6215094070815841 0
0.3668143721687329 0.5721711076985243 0
0.3788745938491767 0.646178556773114 0
0.3158480160903272 0.5297583573969633 0
0.3200113366575454 0.5544711476625985 0
0.3434128544131392 0.5633211276805614 0
0.3241746572247637 0.5791839379282337 0
0.3626510516015147 0.5474583174328891 0
0.5453824186213136 0.5933113722791448 0
0.5220754882372471 0.5845383191782434 0
0.541424946544069 0.5687041632168666 0
0.3545507282494205 0.4981114213210369 0
0.3586008899254676 0.522784869376963 0
0.3351993721698738 0.5139348893590001 0
0.9828339979059484 0.7641321858771852 0
1.004380513189339 0.7770640364396877 0
1.02585986761655 0.7625155875212406 0
1.02592702847273 0.7899958870021901 0
1.025792706760369 0.7350352880402908 0
7.312396052359627 2.532197908753772 0
7.180973458646758 2.319530596222728 0
7.443818646072497 2.744865221284816 0
7.19393190559376 2.752341911080916 0
6.944045165115023 2.759818600877017 0
0.9731090202349328 0.7116129864011913 0
0.9994508634976516 0.7233241372207411 0
0.9779715090704411 0.7378725861391882 0
2.226003068253987 0.6736198317036908 0
2.202613377609611 0.664779938738475 0
2.221961235673766 0.6489761630185646 0
2.179223686965233 0.6559400457732592 0
2.217919403093545 0.6243324943334383 0
2.147771713388686 0.5977938649175287 0
2.128421363088755 0.6136178707406426 0
2.132456068259552 0.6382678562658561 0
2.109071012788823 0.6294418765637564 0
2.155841123730281 0.6470938359679559 0
2.136490773430349 0.6629178417910697 0
2.089720662488893 0.6452658823868702 0
2.093759613801446 0.6699264243543732 0
2.117144669272175 0.678752404056473 0
2.097798565114 0.694586966321876 0
2.194536839858592 0.615486284528135 0
2.175188981794436 0.6312900602480456 0
2.171154276623639 0.606640074722832 0
6.472822167177718 3.258314651562186 0
6.57587752742166 3.004136433240346 0
6.369766806933774 3.512492869884027 0
6.223118676250221 3.282488481598371 0
6.076470545566668 3.052484093312715 0
6.550164813493824 2.143756382369809 0
6.681458264034224 2.349110455205545 0
6.431700666727957 2.363900384696954 0
6.93121586134049 2.334320525714137 0
6.812751714574624 2.554464528041281 0
7.049680008106358 2.114176523386992 0
6.694287567808757 2.774608530368425 0
0.302789422144448 0.7109198525588485 0
0.2987724975795469 0.6862253490376684 0
0.3211505542983089 0.6938430490050811 0
0.2763944408607859 0.6786076490702557 0
0.2947555730146458 0.6615308455164883 0
0.258033308706926 0.6956844526240231 0
0.2540163841420249 0.670989949102843 0
0.2907386484497447 0.6368363419953083 0
0.3131167051685066 0.6444540419627209 0
6.31329062634086 2.593428287568874 0
6.181997175800461 2.388074214733138 0
6.44458407688126 2.79878236040461 0
6.194880585953764 2.822956190440794 0
5.945177095026268 2.847130020476979 0
0.4172327140671239 2.171192665124275 0
0.4834773189574992 2.294978266808289 0
0.3692175735547085 2.330951721994235 0
0.5977370643602899 2.259004811622343 0
0.5497219238478745 2.418763868492302 0
0.6457522048727071 2.099245754752384 0
0.5017067833354574 2.578522925362262 0
0.2684562313637437 0.7667861373886398 0
0.2912466005545387 0.7753851189399295 0
0.3101503497210274 0.7593022573191366 0
0.3140369697453327 0.7839841004912191 0
0.3062637296967212 0.734620414147054 0
0.3290540988875161 0.7432193956983437 0
0.3368273389361267 0.7925830820425088 0
0.4938158455284904 1.391486289289228 0
0.4337582085973377 1.380064795402275 0
0.5538734824596432 1.402907783176181 0
0.502701740108483 1.439941340691197 0
0.613931119390795 1.414329277063133 0
0.5115876346884765 1.488396392093166 0
0.4515299977573246 1.476974898206213 0
0.3828915184140778 0.6708730602942938 0
0.359633247332221 0.6620667208504365 0
0.3403919008152645 0.6779548849277588 0
0.3363749762503634 0.6532603814065787 0
0.3444088253801656 0.7026493884489389 0
0.3562096771919387 0.7766958408915536 0
0.3523230571676335 0.7520139977194709 0
0.3755920154477508 0.7608085997405984 0
0.3484364371433273 0.7273321545473883 0
0.3949743537035628 0.744921358589643 0
5.546152780065683 2.188232587099209 0
5.679160885052545 2.407865064891799 0
5.427742739678586 2.417760489971129 0
5.930579030426503 2.397969639812469 0
5.812168990039407 2.627497542684389 0
6.048989070813599 2.168441736940548 0
5.69375894965231 2.857025445556309 0
0.2460781746449818 0.7591684374212271 0
0.2649819238114706 0.7430855758004342 0
0.2615076162591983 0.7193850142122287 0
0.2838856729779593 0.7270027141796414 0
0.2391295595404372 0.711767314244816 0
0.2866273442103413 0.16478639743075 0
0.2734961546863648 0.1438069310249794 0
0.2530029921884838 0.1404274505051966 0
0.2603649651623874 0.122827464619208 0
0.2456410192145801 0.1580274363911851 0
0.2325098296906027 0.1370479699854137 0
0.24723377563841 0.1018479982134375 0
0.3909467419404011 0.7202385924911932 0
0.3676777836602838 0.711443990470066 0
0.3869191301772394 0.6955558263927437 0
0.526116112101402 0.2163236295622157 0
0.549759200311442 0.2244010248406632 0
0.5683116646954129 0.2052947382193286 0
0.573402288521482 0.2324784201191106 0
0.5632210408693439 0.1781110563195467 0
0.5868641290793839 0.1861884515979941 0
0.597045376731522 0.240555815397558 0
1.381184546934885 3.083091085805719 0
1.252224740632564 3.239606583681852 0
1.105151777931912 3.1145951063744 0
1.399297703333215 3.364618060989302 0
1.123264934330243 3.396122081557984 0
1.675330472336188 3.33311404042062 0
0.8472321653272701 3.427626102126666 0
0.2679276601328198 0.6282706230216419 0
0.2495665279789598 0.6453474265754093 0
0.2451166718158948 0.6197049040479756 0
0.2312053958250999 0.6624242301291767 0
0.2223056834989698 0.6111391850743089 0
1.198663402735038 0.9426033005691741 0
1.177007200252278 0.9300431784197585 0
1.155023713525015 0.9427208576008508 0
1.155350997769518 0.9174830562703429 0
1.154696429280512 0.9679586589313587 0
1.133040226797752 0.9553985367819431 0
1.133694795286758 0.9049229341209273 0
0.02244649244533825 0.9646692900556917 0
0.02244649244533825 0.9895432277703564 0
0.0448929848906765 1.001367341049369 0
0.02244649244533825 1.014417165485021 0
0.06733947733601475 0.9883175166137161 0
0.06733947733601475 1.013191454328381 0
0.02244649244533825 1.039291103199686 0
0.6037935403703738 0.1460708343490591 0
0.6281500892518261 0.1576652771118781 0
0.6061300541347681 0.1705992124610312 0
0.6501701243688842 0.1447313417627245 0
0.6525066381332776 0.1692597198746966 0
0.6478336106044909 0.1202029636507524 0
0.6721901594859423 0.131797406413571 0
0.6768631870147299 0.1808541626375151 0
0.6548431518976709 0.1937880979866686 0
2.257520638197256 0.7316274486659782 0
2.238159263644047 0.7473928414173667 0
2.242245310362719 0.7719168967293122 0
2.218797889090839 0.7631582341687553 0
2.265692731634599 0.7806755592898691 0
2.24633135708139 0.7964409520412574 0
2.19943651453763 0.7789236269201436 0
2.203336672746817 0.8033518596937019 0
2.226784094018697 0.8121105222542588 0
2.207236830956004 0.8277800924672603 0
2.250231515290577 0.8208691848148157 0
2.21113698916519 0.8522083252408188 0
2.126306797853894 0.8674225948520495 0
2.103111963889618 0.8589121426966113 0
2.14950163181817 0.875933047007488 0
2.130608371498118 0.8924986507165937 0
2.172696465782446 0.8844434991629262 0
2.134909945142342 0.9175747065811382 0
2.111715111178066 0.9090642544256999 0
0.6163113017869053 0.224966576260595 0
0.6112206779608362 0.1977828943608131 0
0.6355772268422886 0.209377337123632 0
5.288721511761645 2.650560803989754 0
5.155713406774784 2.430928326197164 0
5.421729616748507 2.870193281782345 0
5.149700283844704 2.883361118008379 0
4.877670950940901 2.896528954234415 0
0.4526168166751265 0.1004557106119446 0
0.4448606974981839 0.1254697123718489 0
0.4573359339521312 0.1420070316060209 0
0.4371045783212422 0.1504837141317532 0
0.4775672895830203 0.1335303490802886 0
0.4698111704060786 0.1585443508401929 0
0.4293484591443004 0.1754977158916575 0
0.7636890260497289 1.471329129945098 0
0.6863620422334851 1.451233887401847 0
0.8410160098659727 1.491424372488349 0
0.7849482065412605 1.545267297798828 0
0.9183429936822147 1.5115196150316 0
0.8062073870327922 1.619205465652557 0
0.7288804032165483 1.599110223109306 0
1.114258478947769 4.809812048400514 0
1.364258478947769 4.809812048400514 0
1.478516957895538 4.619624096801028 0
1.614258478947769 4.809812048400514 0
1.342775436843307 4.429436145201542 0
1.592775436843307 4.429436145201542 0
1.864258478947769 4.809812048400514 0
1.111960701419046 0.9172689299650312 0
1.111633417174543 0.9425067312955391 0
1.090226607551334 0.9296149258091351 0
1.11130613293004 0.967744532626047 0
1.068492513683622 0.941960921653239 0
1.678341877508743 0.8130212202171672 0
1.674648308377239 0.7883380931973423 0
1.697909004909329 0.7974302758523155 0
1.670954739245736 0.7636549661775174 0
1.717476132309916 0.7818393314874639 0
1.705521924685994 0.7077227266301662 0
1.682168340564769 0.6987533506142456 0
1.66289237990732 0.7143667029117049 0
1.658814756443544 0.689783974598325 0
1.666970003371095 0.7389494312250848 0
1.64361641924987 0.7299800552091642 0
1.635461172322319 0.6808145985824043 0
2.327224555532834 0.7593356809793357 0
2.303989916420974 0.7500996035415497 0
2.284841324027787 0.7653875814157094 0
2.280755277309115 0.7408635261037642 0
2.288927370746458 0.7899116367276546 0
1.093772668935114 1.563194231856094 0
1.000077929369876 1.545170916134309 0
1.187467408500351 1.581217547577878 0
1.119439801298063 1.650688458269282 0
1.281162148065588 1.599240863299663 0
1.145106933661012 1.73818268468247 0
1.051412194095775 1.720159368960685 0
0.03130465837550567 1.197517972400727 0
0.03130465837550567 1.243499876846457 0
0.06260931675101222 1.255854674916081 0
0.03130465837550567 1.289481781292188 0
0.09391397512651878 1.222227568539974 0
0.5079570932612114 0.8969431422299774 0
0.4848432824366684 0.8901304835995565 0
0.4660008845958279 0.9074465479413623 0
0.4617294716121254 0.8833178249691356 0
0.4702722975795304 0.9315752709135889 0
0.4471584867549865 0.9247626122831683 0
0.4386156607875824 0.8765051663387149 0
1.624453147814175 0.7451691070236379 0
1.6203755243504 0.720586378710258 0
1.597134629450929 0.7111927022113518 0
1.616297900886624 0.6960036503968781 0
1.577971358015235 0.7263817540258253 0
1.573893734551459 0.7017990257124453 0
1.612220277422849 0.6714209220834984 0
0.5910112011230737 0.746140463967675 0
0.5721469039784175 0.7625406505179706 0
0.5762952519275988 0.7851577162948882 0
0.5532826068337622 0.7789408370682662 0
0.5993078970214363 0.7913745955215101 0
0.5804435998767801 0.807774782071806 0
0.5344183096891069 0.7953410236185621 0
1.465965711616864 1.642358301789095 0
1.370398058830646 1.609763817863395 0
1.561533364403082 1.674952785714795 0
1.487174015179633 1.72235216704423 0
1.6571010171893 1.707547269640495 0
1.508382318742401 1.802346032299366 0
1.412814665956184 1.769751548373666 0
0.1994247827471254 0.3438326881882032 0
0.1960896036546771 0.318572585950772 0
0.2187045447278031 0.3286272159159482 0
0.1927544245622279 0.2933124837133416 0
0.2379843067084817 0.3134217436436932 0
1.994291827557915 4.574816013427883 0
1.858550306505684 4.384628061828398 0
2.124325176168061 4.339819978455252 0
1.722808785453453 4.194440110228912 0
2.254358524778207 4.104823943482621 0
0.791946549501171 0.2246676254127835 0
0.8154797441095072 0.2330602649658253 0
0.8344252239603414 0.2166244789639751 0
0.8390129387178433 0.2414529045188671 0
0.8298375092028394 0.191796053409083 0
0.8533707038111764 0.2001886929621248 0
0.8625461333261804 0.249845544071909 0
0.768308214759891 0.2173725858241982 0
0.7872536946107251 0.2009367998223479 0
0.7825608397202792 0.1772059742319123 0
0.8061991744615593 0.1845010138204977 0
0.7589225049789992 0.169910934643327 0
0.7778679848298342 0.1534751486414767 0
0.8251446543123944 0.1680652278186474 0
1.713491396435276 0.7571337965350313 0
1.690230699903185 0.7480416138800581 0
1.709506660560635 0.7324282615825988 0
9.000203093528043 2.39107448087019 0
9.002522682918949 2.140027200056184 0
8.785414799994703 2.028143048399356 0
9.004842272309855 1.888979919242177 0
8.565987327679551 2.167306177556536 0
1.736915657353709 0.02155454663192158 0
1.712610101798154 0.02155454663192158 0
1.699525759151863 0.04310909326384316 0
1.688304546242598 0.02155454663192158 0
1.710746972061127 0.06466363989576429 0
1.686441416505572 0.06466363989576429 0
1.663998990687042 0.02155454663192158 0
0.6791961212090207 1.021325171427249 0
0.6794729508443442 0.9961351696505503 0
0.7012965713683901 1.006708815355134 0
0.6576493303202984 0.9855615239459663 0
0.6797497804796677 0.9709451678738514 0
0.6355488801609273 1.000177880018081 0
0.6358257097962516 0.9749878782413823 0
0.6800266101149921 0.9457551660971526 0
0.7018502306390388 0.9563288118017366 0
1.564782152784466 0.789058618343315 0
1.584672484461036 0.7744287812367561 0
1.581321921238136 0.7504052676312907 0
1.604562816137606 0.7597989441301971 0
1.558081026338665 0.7410115911323842 0
0.1795680897562377 3.251990207966737 0
0.1795680897562377 3.478460644450555 0
0.3591361795124746 3.589177775129242 0
0.1795680897562377 3.704931080934372 0
0.5387042692687114 3.473424469324112 0
0.5387042692687114 3.699894905807929 0
0.1795680897562377 3.93140151741819 0
1.541876120902407 0.6449876784074353 0
1.522884536858367 0.6600568276682579 0
1.527169317596154 0.6840569607080857 0
1.503892952814329 0.6751259769290805 0
1.550445682377978 0.6929879444870912 0
1.531454098333939 0.7080570937479136 0
1.48490136877029 0.6901951261899031 0
1.446180555555554 0.02104922856420544 0
1.421874999999999 0.02104922856420544 0
1.409722222222221 0.04209845712841132 0
1.397569444444444 0.02104922856420544 0
1.421874999999997 0.06314768569261719 0
1.397569444444442 0.06314768569261719 0
1.373263888888888 0.02104922856420544 0
0.4746187283886281 0.02097959784444292 0
0.4503131728330727 0.02097959784444292 0
0.4388207901105901 0.04195919568888584 0
0.4260076172775173 0.02097959784444292 0
0.4516339629436619 0.06293879353332876 0
0.4273284073881065 0.06293879353332876 0
0.401702061721962 0.02097959784444292 0
0.861173102755048 0.01990084253816971 0
0.8368675471994926 0.01990084253816971 0
0.8230406499545406 0.03980168507633941 0
0.8125619916439373 0.01990084253816971 0
0.833519308265144 0.05970252761450912 0
0.8092137527095886 0.05970252761450912 0
0.7882564360883819 0.01990084253816971 0
1.060767142666336 0.01899377720102713 0
1.03646158711078 0.01899377720102713 0
1.027784285332671 0.03798755440205426 0
1.012156031555224 0.01899377720102713 0
1.043412539110118 0.05698133160308139 0
1.019106983554562 0.05698133160308139 0
0.9878504759996689 0.01899377720102713 0
1.251067964740121 0.02288121973335588 0
1.226762409184565 0.02288121973335588 0
1.213941485035797 0.04576243946671177 0
1.20245685362901 0.02288121973335588 0
1.225426116442585 0.06864365920006765 0
1.20112056088703 0.06864365920006765 0
1.178151298073455 0.02288121973335588 0
0.3782850351940965 0.02200166314018226 0
0.3539794796385412 0.02200166314018226 0
0.3433756259437484 0.04400332628036452 0
0.3296739240829858 0.02200166314018226 0
0.357077327804511 0.06600498942054678 0
0.3327717722489556 0.06600498942054678 0
0.3053683685274304 0.02200166314018226 0
0.1839001363628103 0.02273779228257622 0
0.159594580807255 0.02273779228257622 0
0.1490502727256207 0.04547558456515244 0
0.1352890252516996 0.02273779228257622 0
0.1628115201995435 0.06821337684772821 0
0.1385059646439872 0.06821337684772821 0
0.1109834696961443 0.02273779228257622 0
0.5701218962809218 0.01972344536930493 0
0.5458163407253664 0.01972344536930493 0
0.5326049036729543 0.0394468907386103 0
0.5215107851698111 0.01972344536930493 0
0.5436990221760984 0.05917033610791567 0
0.5193934666205431 0.05917033610791567 0
0.4972052296142548 0.01972344536930493 0
0.9611527928546124 0.02485036601473922 0
0.9368472372990571 0.02485036601473922 0
0.925777807931448 0.04970073202947844 0
0.9125416817435017 0.02485036601473922 0
0.9390139341193944 0.07455109804421767 0
0.914708378563839 0.07455109804421767 0
0.8882361261879463 0.02485036601473922 0
1.543322544240824 0.02015978963517995 0
1.519016988685269 0.02015978963517995 0
1.506783977370538 0.04031957927036034 0
1.494711433129713 0.02015978963517995 0
1.518856521611362 0.06047936890554073 0
1.494550966055806 0.06047936890554073 0
1.470405877574158 0.02015978963517995 0
1.64030086108455 0.02159428091323123 0
1.615995305528994 0.02159428091323123 0
1.603518388835766 0.04318856182646247 0
1.591689749973439 0.02159428091323123 0
1.615347027698094 0.0647828427396937 0
1.591041472142539 0.0647828427396937 0
1.567384194417883 0.02159428091323123 0
0.2823989371530793 0.02106200308186246 0
0.258093381597523 0.02106200308186246 0
0.2488256520839354 0.04212400616372447 0
0.2337878260419668 0.02106200308186246 0
0.2638634781259022 0.06318600924558648 0
0.2395579225703468 0.06318600924558648 0
0.2094822704864114 0.02106200308186246 0
0.4191791820182704 0.8926214970681161 0
0.4234505950019729 0.9167502200403428 0
0.3997427032489584 0.9087378277975176 0
0.4277220079856754 0.9408789430125695 0
0.3803062244796465 0.9248541585269188 0
6.950796170163006 0.1915133238608426 0
6.709927254183583 0.1915133238608426 0
6.551150416099656 0.3830266477216853 0
6.469058338204162 0.1915133238608426 0
6.63324249399515 0.5745399715825277 0
6.392373578015729 0.5745399715825277 0
6.228189422224739 0.1915133238608426 0
1.139133296745069 0.1169031564057059 0
1.140529390304537 0.09445868974348937 0
1.164089293114474 0.100962241694206 0
1.141925483864004 0.07201422308127281 0
1.18904528948388 0.08502132698270604 0
2.083676734844023 0.874798718256713 0
2.087978308488247 0.8998747741212572 0
2.064241505798428 0.8906852938168144 0
2.092279882132471 0.9249508299858014 0
2.044806276752833 0.906571869376916 0
4.908685143704823 2.409486609572307 0
5.047706371621764 2.176686295553682 0
4.769663915787882 2.642286923590932 0
4.661656880634863 2.38804489294745 0
4.553649845481843 2.133802862303968 0
0.5382667663158021 0.8179667569926199 0
0.5612794114096396 0.8241836362192418 0
0.5421152229424981 0.8405924903666779 0
0.5842920565034762 0.8304005154458638 0
0.5459636795691942 0.8632182237407358 0
2.220650960358985 0.01983959262019086 0
2.196564068761043 0.01983959262019086 0
2.185477197161183 0.03967918524038172 0
2.172477177163101 0.01983959262019086 0
2.198477217159267 0.05951877786057258 0
2.174390325561324 0.05951877786057258 0
2.148390285565158 0.01983959262019086 0
2.508689353605866 0.01980764498460186 0
2.484602462007924 0.01980764498460186 0
2.472511284479639 0.03961528996920372 0
2.460515570409982 0.01980764498460186 0
2.484506998549296 0.05942293495380557 0
2.460420106951354 0.05942293495380557 0
2.43642867881204 0.01980764498460186 0
2.604891090322418 0.02150851860367364 0
2.580804198724476 0.02150851860367364 0
2.568567191520974 0.04301703720734729 0
2.556717307126533 0.02150851860367364 0
2.580417075915414 0.06452555581102093 0
2.556330184317471 0.06452555581102093 0
2.532630415528591 0.02150851860367364 0
2.701452843004062 0.02266041782982153 0
2.67736595140612 0.02266041782982153 0
2.665343130492493 0.04532083565964351 0
2.653279059808177 0.02266041782982153 0
2.677407201176809 0.06798125348946549 0
2.653320309578866 0.06798125348946549 0
2.629192168210236 0.02266041782982153 0
7.925080660230909 0.1965064972155597 0
7.684211744251488 0.1965064972155597 0
7.536243732317777 0.3930129944311194 0
7.443342828272066 0.1965064972155597 0
7.629144636363488 0.5895194916466793 0
7.388275720384066 0.5895194916466793 0
7.202473912292644 0.1965064972155597 0
1.931295961229733 0.02287714990699774 0
1.90720906963179 0.02287714990699774 0
1.895809898077985 0.04575429981399548 0
1.883122178033848 0.02287714990699774 0
1.908497618122122 0.06863144972099278 0
1.88441072652418 0.06863144972099278 0
1.859035286435906 0.02287714990699774 0
2.317354360249833 0.02115201916177867 0
2.293267468651892 0.02115201916177867 0
2.282536430551112 0.04230403832355778 0
2.269180577053949 0.02115201916177867 0
2.295892284048274 0.06345605748533689 0
2.271805392450331 0.06345605748533689 0
2.245093685456006 0.02115201916177867 0
2.412389518943411 0.02085986002201956 0
2.388302627345468 0.02085986002201956 0
2.376259181546497 0.04171972004403912 0
2.364215735747527 0.02085986002201956 0
2.388302627345467 0.06257958006605868 0
2.364215735747526 0.06257958006605868 0
2.340128844149584 0.02085986002201956 0
1.087985376047831 1.158626655428757 0
1.058190868731036 1.188840015559231 0
1.117779883364626 1.128413295298283 0
1.133173436132123 1.149771315128984 0
1.14757439068142 1.098199935167809 0
1.178361496216414 1.140915974829211 0
1.148566988899619 1.171129334959685 0
3.716520516759069 1.850618983434067 0
3.601249578610401 1.983933409940074 0
3.831791454907737 1.717304556928061 0
3.951644518026229 1.893428228680413 0
3.947062393056405 1.583990130422055 0
4.186768519293389 1.936237473926759 0
4.071497581144722 2.069551900432765 0
0.2340053144052199 0.2897987985153332 0
0.2113903733320939 0.2797441685501569 0
0.2300263221019598 0.2661758533869731 0
0.1887754322589679 0.2696895385849811 0
0.226047329798698 0.2425529082586126 0
1.491183959344224 0.2145138513165437 0
1.51447506462433 0.2224993833959212 0
1.531836403659034 0.2061361937132231 0
1.537766169904436 0.2304849154752988 0
1.525906637413632 0.181787471951147 0
1.549197742693738 0.1897730040305241 0
1.561057275184542 0.2384704475546764 0
0.1016127221725442 0.2264757940545792 0
0.1235008587968274 0.2376516191147577 0
0.1044750736162525 0.2497303785676297 0
0.1425266439774022 0.2255728596618858 0
0.1453889954211105 0.2488274441749363 0
0.1396642925336931 0.2023182751488353 0
0.1615524291579771 0.2134941002090143 0
0.1672771320453936 0.2600032692351149 0
0.1482513468648188 0.2720820286879868 0
2.750007145892389 1.839657996424499 0
2.913171145000889 1.839542196528393 0
2.876633580017742 1.941471564382044 0
2.949708709984036 1.737612828674743 0
3.076335144109389 1.839426396632288 0
2.823082275858684 1.635799260717197 0
3.202961578234741 1.941239964589833 0
0.881299715535933 0.2320031520552317 0
0.876712000778431 0.2071747265003392 0
0.9000532977456848 0.2141607600385544 0
0.8178720098040237 0.1441260035050087 0
0.7942336750627437 0.1368309639164238 0
0.8105993652956531 0.1201867791913704 0
0.7705953403214636 0.129535924327838 0
0.8033267207872825 0.09624755487773218 0
5.103282348126521 4.764026552679542 0
5.353282348126521 4.764026552679542 0
5.456564696253043 4.528053105359085 0
5.603282348126521 4.764026552679542 0
5.309847044379564 4.292079658038628 0
4.171907810007599 1.574743549147427 0
4.396753226958793 1.565496967872798 0
4.291760873126091 1.750867220899779 0
4.621598643909987 1.55625038659817 0
4.411613936244584 1.926990892652131 0
1.675247034250559 2.783572739312526 0
1.529583626843444 2.682326447282434 0
1.382538476838002 2.740495403677682 0
1.383920219436329 2.581080155252343 0
1.381156734239675 2.89991065210302 0
1.23549332683256 2.798664360072929 0
1.238256812029214 2.479833863222251 0
4.911065521743876 0.9983453101454178 0
4.890799022805387 0.7895523012550743 0
5.115806544683553 0.8346034956099895 0
4.870532523866898 0.5807592923647302 0
5.32054756762323 0.6708616810745611 0
0.6909476468133002 0.116996798489422 0
0.6932841605776936 0.1415251766013941 0
0.7143781616694449 0.1512529467892172 0
0.695620674342087 0.1660535547133661 0
0.7331356489968028 0.1364523388650682 0
0.7354721627611962 0.1609807169770403 0
0.6979571881064803 0.1905819328253382 0
2.121937663973754 0.02182501952537397 0
2.097850772375812 0.02182501952537397 0
2.084398170782491 0.04365003905074749 0
2.07376388077787 0.02182501952537397 0
2.095032460787112 0.06547505857612101 0
2.07094556918917 0.06547505857612101 0
2.049676989179928 0.02182501952537397 0
0.02094319820898871 0.7732637555997519 0
0.02094319820898871 0.7970848850191687 0
0.04188639641797742 0.8080724991975778 0
0.02094319820898871 0.8209060144385858 0
0.06282959462696525 0.7952389839565694 0
0.06282959462696525 0.8190601133759867 0
0.02094319820898871 0.8447271438580031 0
0.0171784403663171 0.5822536377577219 0
0.0171784403663171 0.6060747671771387 0
0.03435688073263421 0.6166212988688531 0
0.0171784403663171 0.6298958965965555 0
0.05153532109895131 0.6033467011411502 0
0.05153532109895131 0.6271678305605675 0
0.0171784403663171 0.6537170260159728 0
0.02249067869616361 0.2989698098012372 0
0.02249067869616361 0.322790939220654 0
0.04498135739232811 0.3359071959888875 0
0.02249067869616361 0.3466120686400709 0
0.06747203608849262 0.3252023233377042 0
0.01936427071792668 0.6782072744556074 0
0.01936427071792668 0.7020284038750242 0
0.03872854143585336 0.7132440545869558 0
0.01936427071792668 0.725849533294441 0
0.05809281215377915 0.7006385758794704 0
0.05809281215377915 0.7244597052988873 0
0.01936427071792668 0.7496706627138578 0
0.02133532376252401 0.8689133752648406 0
0.02133532376252401 0.8927345046842574 0
0.04267064752504801 0.904087220850087 0
0.02133532376252401 0.9165556341036745 0
0.06400597128757202 0.8916188075964993 0
0.06400597128757202 0.9154399370159163 0
0.02133532376252401 0.9403767635230917 0
0.02064673424799235 0.2025654148933644 0
0.02064673424799235 0.2263865443127813 0
0.0412934684959847 0.2383829238508106 0
0.02064673424799235 0.2502076737321985 0
0.06194020274397705 0.2265581739694222 0
0.06194020274397705 0.2503793033888391 0
0.02064673424799235 0.2740288031516158 0
2.562930792832977 0.5689283296714702 0
2.538574383961053 0.5599767300317757 0
2.558685001207015 0.544155562343434 0
2.518463766715092 0.5757978977201175 0
2.51421797508913 0.5510251303920812 0
2.522709558341054 0.6005706650481537 0
2.509972183463168 0.526252363064045 0
2.568029218746003 0.4787720506614002 0
2.548676873651725 0.4945988214622821 0
2.55368093742937 0.519377191902858 0
2.529324528557446 0.5104255922631635 0
2.578037346301294 0.5283287915425525 0
2.727195219812095 0.1106082542078761 0
2.742186633761627 0.09078591050918705 0
2.712203805862563 0.1304305979065652 0
2.701594468645947 0.1105601744779094 0
2.69098513142933 0.0906897510492537 0
0.3630804939927721 0.9415115456744276 0
0.343179156171824 0.9588640645505038 0
0.3496613174379632 0.9835338439408383 0
0.323277818350876 0.9762165834265804 0
0.3760448165250505 0.9908511044550963 0
0.3561434787041033 1.008203623331173 0
0.3033764805299288 0.9935691023026565 0
1.482398188278028 0.08152859746974617 0
1.470325644037203 0.06136880783456622 0
1.4461003220186 0.06225824676359171 0
1.458253099796379 0.04120901819938583 0
1.433947544240821 0.08330747532779714 0
0.5079010838980604 0.08014993395235859 0
0.4968069653949163 0.06042648858305366 0
0.4742204641692895 0.06168264105819121 0
0.4857128468917722 0.04070304321374785 0
0.4627280814468069 0.08266223890263458 0
0.8744092289429943 0.04475120855290893 0
0.8876453551309407 0.06960157456764815 0
0.8605823316980423 0.06465205109107863 0
0.3098023408746045 0.06506532936222698 0
0.2868329095002533 0.06412566930390673 0
0.2961006390138419 0.04306366622204472 0
1.008037554186953 0.08183169761782061 0
0.9924093004095056 0.06283792041679348 0
0.96571161726445 0.06869450923050557 0
0.976781046632059 0.04384414321576635 0
0.954642187896841 0.0935448752452448 0
0.3910982080271692 0.04298126098462518 0
0.4039113808602419 0.0639608588290681 0
0.3804943543323764 0.06498292412480744 0
1.555151183103152 0.04175407054841163 0
1.56697982196548 0.06334835146164242 0
1.542918171788421 0.06191386018359157 0
1.578808460827807 0.08494263237487409 0
1.53068516047369 0.08207364981877152 0
0.198937962404778 0.04379979536443823 0
0.2139757884467457 0.06486179844630069 0
0.1883936543231446 0.06653758764701445 0
0.2290136144887125 0.0859238015281627 0
0.1778493462415103 0.08927537992959067 0
8.416278803863063 2.281060992727931 0
8.285340937740264 2.504719447257943 0
8.352740296848022 2.730358414086166 0
8.154403071617462 2.728377901787956 0
8.551077522078581 2.732338926384375 0
8.420139655955779 2.955997380914388 0
8.023465205494663 2.952036356317969 0
3.273980294102437 0.7196257476654524 0
3.317167756179463 0.8156761250076838 0
3.216087487506091 0.7958465799693533 0
3.360355218256489 0.9117265023499153 0
3.158194680909745 0.8720674122732541 0
0.5937596155979961 0.9180698439902062 0
0.5721663753766597 0.9121123838332268 0
0.591579211766061 0.8974994583591098 0
0.5527535389872584 0.9267253093073438 0
0.5505731351553234 0.9061549236762474 0
0.5549339428191935 0.9472956949384401 0
0.5333407025978563 0.9413382347814609 0
0.5289798949339879 0.900197463519268 0
0.5483927313233892 0.885584538045151 0
0.04378181620786226 0.952200876802104 0
0.06511713997038626 0.9397324635485163 0
0.06622830865320051 0.9640249900811162 0
1.588772225249368 0.662609840858144 0
1.569608953813673 0.6777988926726175 0
1.565324173075887 0.6537987596327897 0
0.2808771626601407 1.36209447424438 0
0.2647122410265332 1.418785797752406 0
0.2970420842937473 1.305403150736354 0
0.3342638536570774 1.333035789660347 0
0.313207005927354 1.248711827228328 0
0.3876505446540142 1.303977105076313 0
0.3714856230204076 1.360668428584339 0
1.662743286903079 0.06470337417707439 0
1.639045157300587 0.06474310845838405 0
1.651522073993815 0.04314882754515281 0
2.455916331817991 0.2099764608759513 0
2.479131669677636 0.2182204572825244 0
2.49653386922163 0.2028393877720487 0
2.50234700753728 0.2264644536890974 0
2.49072073090598 0.179214321855 0
2.513936068765624 0.187458318261573 0
2.525562345396924 0.2347084500956704 0
1.07641611237214 0.6087853510354659 0
1.054751696326329 0.6006090585294586 0
1.072518693140773 0.5837611279226083 0
1.033087280280518 0.5924327660234514 0
1.068621273909406 0.5587369048097506 0
0.9992302962750959 0.5320515277022535 0
0.9808914959441255 0.548317357995574 0
0.9862548250077854 0.5740604143049235 0
0.9625526956131552 0.5645831882888945 0
1.009956954402415 0.5835376403209525 0
0.1859130808152596 0.2464349540719306 0
0.1830507293715504 0.2231803695588801 0
0.2045490295851238 0.2328666389087464 0
0.1801883779278413 0.1999257850458296 0
0.2231849783549897 0.2192983237455621 0
3.282826000566117 0.3212167612694978 0
3.226360887070817 0.3541406412812949 0
3.228314099756031 0.429519900197902 0
3.169895773575518 0.3870645212930919 0
3.286732425936544 0.4719752791027125 0
3.230267312441245 0.5048991591145096 0
3.113430660080218 0.4199884013048889 0
0.1983401348807696 0.9041833637431176 0
0.196486180821875 0.8790736134695167 0
0.2192138831179182 0.8882140776375302 0
0.1946322267629803 0.8539638631959161 0
0.2400876313550668 0.8722447915319433 0
2.807736109206608 0.02270849755978865 0
2.780841937527808 0.02270849755978865 0
2.767525696101531 0.04541699511957686 0
2.753947765849009 0.02270849755978865 0
2.781103626354052 0.06812549267936507 0
2.754209454675253 0.06812549267936507 0
2.72705359417021 0.02270849755978865 0
0.7403659746402145 0.8386859581450863 0
0.76055893446512 0.824289601661486 0
0.7631334399448466 0.8472971656149297 0
0.7807518942900256 0.8098932451778857 0
0.7859009052494805 0.8559083730847732 0
0.8509472829297717 0.8186399742697392 0
0.8502836182502618 0.7936372876655793 0
0.8260269868771042 0.7830525233171466 0
0.8496199535707518 0.7686346010614191 0
0.8024340201834566 0.7974704455728743 0
1.920541063921094 0.08449988511148643 0
1.9447912092594 0.09763121087517224 0
1.968233826612177 0.0906224963586677 0
1.969041354597706 0.1107625366388576 0
1.967426298626648 0.07048245607847825 0
1.872195466736366 1.197333597915947 0
1.909930562546656 1.175122095504297 0
1.903942578482643 1.203196811979851 0
1.91591854661067 1.147047379028744 0
1.947665658356946 1.152910593092647 0
1.884171434864394 1.14118416496484 0
1.921906530674684 1.11897266255319 0
1.985400754167236 1.130699090680997 0
1.979412770103223 1.158773807156551 0
6.557349714278534 0.9576278683278736 0
6.38405150176499 1.149027340091621 0
6.301167443397679 0.9574527672071176 0
6.466935560132301 1.340601912976125 0
6.210753289251445 1.340426811855369 0
6.723117831013155 1.340777014096881 0
6.549819618499612 1.532176485860628 0
6.037455076737901 1.531826283619116 0
5.95457101837059 1.340251710734612 0
0.1063190180644238 0.2746713852172511 0
0.08443088144014155 0.2634955601570725 0
0.1282071546887078 0.2858472102774297 0
0.1081629625125959 0.2996123918668725 0
0.08811877033648408 0.3133775734563153 0
6.068939801795222 0.9449176622036441 0
6.242238014308766 0.7535181904398967 0
5.895641589281677 1.136317133967392 0
5.836712160192764 0.9323825572001707 0
5.777782731103851 0.7284479804329498 0
8.496691756076579 3.902518023524973 0
8.252626769803166 3.99453976266166 0
8.247033222416977 4.177432822423541 0
8.008561783529752 4.086561501798346 0
8.485504661304203 4.268304143048737 0
8.241439675030788 4.360325882185424 0
7.764496797256338 4.178583240935033 0
0.6536525436383629 0.09748675456231037 0
0.6563280210968649 0.07066949748691087 0
0.6725291231800501 0.0804517712261994 0
0.6401269190136789 0.06088722374762234 0
0.6590034985553661 0.04385224041151137 0
0.6212503394719917 0.07792220708373421 0
0.6239258169304929 0.05110495000833426 0
0.6616789760138682 0.01703498333611142 0
0.6778800780970542 0.0268172570753995 0
1.421874999999996 0.1001313015654417 0
1.413653432389296 0.1232656085286923 0
1.425806210167074 0.1391999958373109 0
1.405431864778596 0.1463999154919424 0
1.446180555555551 0.1320000761826794 0
1.437958987944851 0.15513438314593 0
1.397210297167896 0.169534222455193 0
2.616955161006733 0.04416893643349518 0
2.629019231691049 0.06682935426331671 0
2.604718153803232 0.06567745503716882 0
2.448376661152382 0.08028279497582469 0
2.436380947082725 0.06047514999122328 0
2.412341787214096 0.06152736502864098 0
2.424385233013068 0.04066750500662142 0
2.400298341415125 0.0823872250506601 0
7.229498882300138 0.7810328155075219 0
7.136597978254428 0.584526318291962 0
6.884920236124789 0.5795331449372449 0
7.043697074208716 0.3880198210764023 0
6.726143398040861 0.7710464687980874 0
2.520539238000306 0.0413161635882755 0
2.532389122394747 0.06282468219194914 0
2.508448060472022 0.06112380857287736 0
2.544239006789187 0.08433320079562234 0
2.496356882943736 0.08093145355747877 0
2.234006813856147 0.04099161178196997 0
2.24736266735331 0.06214363094374864 0
2.222919942256288 0.06083120440216039 0
2.260718520850472 0.08329565010552731 0
2.211833070656429 0.08067079702235169 0
2.329397806048804 0.04201187918379823 0
2.341441251847775 0.06287173920581779 0
2.318666767948025 0.0631638983455769 0
0.5132531063246857 1.030284271412102 0
0.5402268113281607 1.014416291220822 0
0.5328041446264589 1.037208174887337 0
0.5476494780298626 0.991624407554307 0
0.5672005163316349 0.9985483110295421 0
0.5280984397280895 0.9847005040790719 0
0.5550721447315645 0.9688325238877922 0
0.5941742213351091 0.9826803308382623 0
0.5867515546334072 1.005472214504777 0
0.1914736196061 0.552095985970988 0
0.1696709611640399 0.544099131221969 0
0.1868940703183579 0.5266921641441196 0
0.1478683027219789 0.5361022764729499 0
0.1823145210306141 0.5012883423172512 0
0.6473181792328146 1.27944655743697 0
0.6762018205937181 1.322244271867287 0
0.6184345378719112 1.236648843006654 0
0.6584171380845776 1.22439510975614 0
0.698399738297244 1.212141376505627 0
2.160937723968003 0.0813437973859461 0
2.14793770396992 0.06150420476575569 0
2.121485082378516 0.06348963167093835 0
2.134937683971837 0.04166461214556438 0
2.108032480785195 0.08531465119631232 0
2.704120429298547 0.1894144672046125 0
2.680619775075625 0.194267830986421 0
2.676918475244525 0.2135589331571235 0
2.657119120852704 0.1991211947682299 0
2.696717829636348 0.2279966715460171 0
2.673217175413426 0.232850035327826 0
2.633618466629782 0.2039745585500383 0
0.3299915150851387 0.2372021578476291 0
0.3478669948274637 0.2181421946653113 0
0.3402433253684913 0.1951301013662792 0
0.3657424745697888 0.1990822314829934 0
0.3147441761671939 0.1911779712495649 0
1.876067084093713 1.779385146042233 0
1.763760059806961 1.757339933377171 0
1.988374108380465 1.801430358707295 0
1.908366777487925 1.876577191108345 0
2.100681132667217 1.823475571372356 0
1.940666470882138 1.973769236174457 0
1.828359446595385 1.951724023509395 0
8.019299187518559 1.037164451538255 0
8.214244501396816 0.9015046488620355 0
7.824353873640302 1.172824254214473 0
7.774943228529546 0.9986715648716555 0
7.629408559762044 1.308484056890692 0
7.530587269540533 0.960178678205057 0
7.72553258341879 0.824518875528838 0
0.2139206041579582 0.6788153510521702 0
0.2094707479948932 0.6531728285247362 0
0.1877361001646864 0.6439214269202957 0
0.2050208918318281 0.6275303059973023 0
0.1704513084975448 0.6603125478432892 0
1.534856724405723 0.7314949459978517 0
1.511580359623898 0.7225639622188464 0
1.491706620913857 0.7370708306897793 0
1.488303994842073 0.7136329784398412 0
1.49510924698564 0.7605086829397174 0
1.471832882203815 0.7515776991607122 0
1.465027630060248 0.7047019946608359 0
1.414047220644212 0.8162846098489607 0
1.437205509719432 0.8268399769312618 0
1.45760160559656 0.8130836241184913 0
1.460363798794651 0.8373953440135626 0
1.45483941239847 0.7887719042234203 0
1.477997701473689 0.7993272713057213 0
1.483522087869869 0.8479507110958635 0
1.582053325405985 0.2187403396279262 0
1.576123559160583 0.1943916178658505 0
1.603049375627428 0.1990102317011764 0
1.503984196604721 0.833155636335325 0
1.501222003406631 0.8088439164402539 0
1.524446305339573 0.8183605615747864 0
1.498459810208541 0.7845321965451828 0
1.544908414074425 0.8035654868142479 0
0.3867883857457866 0.9495239379172531 0
0.4104962774988001 0.9575363301600786 0
0.3932705470119249 0.9741937173075874 0
0.6107372772416682 0.7310062567789128 0
0.6148856251908494 0.7536233225558304 0
0.6387600492586261 0.7611061811439859 0
0.6190339731400307 0.776240388332748 0
0.6584861253772214 0.7459719739552237 0
0.6626344733264027 0.7685890397321413 0
0.623182321089212 0.7988574541096658 0
0.04030746892691539 0.7606582768922667 0
0.05967173964484118 0.7480527981847813 0
0.06125066713590321 0.7716458910706754 0
0.07903601036276786 0.7354473194772961 0
0.08219386534489193 0.7826335052490843 0
0.07089959181687799 0.6383834812724989 0
0.05372115145056089 0.6516580790002018 0
0.05590698180217046 0.6761483274398361 0
0.03654271108424378 0.6649326767279047 0
0.07527125252009625 0.6873639781517675 0
0.06322172018050143 0.8432463447828242 0
0.06361384573403672 0.8674325761896617 0
0.04227852197151272 0.8560798600238324 0
0.04313741294415685 0.2871450599198493 0
0.06378414719214831 0.2753203100384605 0
0.06562809164032046 0.3002613166880823 0
1.760721390441085 0.02068656014607839 0
1.747637047794794 0.04224110677799997 0
1.758358438235879 0.06292766692407836 0
1.734552705148503 0.06379565340992155 0
1.782164171323255 0.06205968043823518 0
1.769079828676964 0.0836142270701572 0
1.721468362502212 0.08535020004184268 0
4.853282348126521 4.331013850787324 0
5.081564696253043 4.311546754412976 0
4.978282348126521 4.547520201733433 0
2.258151728675818 0.2288788608435848 0
2.27739260195355 0.2112427620267674 0
2.270084329606804 0.1887186108453722 0
2.296633475231282 0.1936066632099505 0
2.243535183982327 0.1838305584807944 0
1.563907927188675 0.104704422028755 0
1.549007393549542 0.1244662116826358 0
1.539846277011616 0.1032699307507037 0
1.534106859910409 0.1442280013365167 0
1.515784626834557 0.1018354394726524 0
0.7214075303242842 0.1995121504916249 0
0.7401650176516412 0.1847115425674759 0
0.744857872542088 0.2084423681579115 0
0.2367719184916028 0.8476157273593121 0
0.2140442161955596 0.8384752631912986 0
0.2334562056281388 0.8229866631866811 0
0.1913165138995154 0.8293347990232851 0
0.2301404927646757 0.7983575990140501 0
0.2276575733417712 0.7755384390707092 0
0.2241832657894989 0.7518378774825036 0
0.2022883569340141 0.7445073175437804 0
0.2207089582372257 0.7281373158942981 0
0.1838677556308035 0.7608773191932627 0
0.1803934480785312 0.7371767576050572 0
0.2172346506849534 0.7044367543060925 0
0.1704873732676067 0.1068753658155792 0
0.1720930896666966 0.1316974524569936 0
0.1538729285169991 0.1157732557717193 0
0.1903132508163941 0.1476216491422684 0
0.1736988060657865 0.1565195390984089 0
0.2069276955670016 0.1387237591861279 0
0.2085334119660915 0.1635458458275427 0
0.1753045224648755 0.1813416257398233 0
0.157084361315178 0.1654174290545489 0
1.832982065234912 0.02068656014607839 0
1.808895173636969 0.02068656014607839 0
1.795529672480112 0.04137312029215678 0
1.784808282039027 0.02068656014607839 0
1.806251062921197 0.06205968043823518 0
1.858357505323186 0.06644085996007387 0
1.832304284122191 0.06425027019915452 0
1.845669785279049 0.04356371005307613 0
1.809856034746913 1.260886304782338 0
1.768767652194056 1.248515801913675 0
1.825119100119496 1.213037811522838 0
1.712416204268616 1.283993792304513 0
1.727679269641199 1.236145299045012 0
1.697153138896033 1.331842285564013 0
1.656064756343176 1.31947178269535 0
1.686590887088342 1.22377479617635 0
1.742942335013781 1.188296805785512 0
5.132297359008537 1.61788486545482 0
4.868626906979948 1.577692103223027 0
5.395967811037127 1.658077627686612 0
5.274333268245797 1.824696835106657 0
5.659638263065716 1.698270389918405 0
5.416369177483055 2.031508804758494 0
5.152698725454466 1.991316042526702 0
1.322723711969642 0.6499995678150534 0
1.303652591101987 0.6637921606780877 0
1.299164426676495 0.6418785852724382 0
1.284581470234331 0.6775847535411219 0
1.275605141383348 0.6337576027298231 0
9.818830420659408 3.110570048988597 0
9.62315816477248 2.986309707120352 0
9.441988585431888 3.09687975610895 0
9.427485908885552 2.862049365252107 0
9.456491261978224 3.331710146965793 0
9.260819006091296 3.207449805097547 0
9.231813652998625 2.737789023383861 0
7.312382940667449 0.9726073883920257 0
7.060705198537811 0.9676142150373082 0
6.891911514775483 1.154195614567095 0
6.809027456408172 0.9626210416825911 0
6.974795573142794 1.345770187451598 0
2.728608703509105 0.06807741294939884 0
2.703007952342957 0.06802933321943172 0
2.715030773256584 0.04536891538961019 0
0.6466696472242273 0.8064773155747695 0
0.6269435711056319 0.8216115227635317 0
0.6663957233428217 0.7913431083860072 0
0.6701569733592407 0.8140971770398733 0
0.6739182233756607 0.8368512456937391 0
0.7186606281963179 0.6993639005352448 0
0.6982455897736219 0.7146917031186404 0
0.6937155916795508 0.6912563762772972 0
0.677830551350926 0.730019505702036 0
0.6687705551627836 0.6831488520193498 0
2.226500501421061 0.9500266432449487 0
2.266603823404163 0.9561886948021319 0
2.248631459708413 0.9744394372306258 0
2.284576187099914 0.937937952373638 0
2.306707145387266 0.9623507463593151 0
2.262445228812562 0.9135251583879609 0
2.302548550795665 0.9196872099451441 0
2.346810467370369 0.9685127979164982 0
2.328838103674618 0.9867635403449921 0
0.08353890769110883 0.4660620015928876 0
0.0602295746614292 0.4734857187612742 0
0.05053115023381949 0.492820000639369 0
0.03692024163174956 0.4809094359296608 0
0.06414205883588942 0.5047305653490772 0
0.04083272580620978 0.5121542825174639 0
0.01361090860206993 0.4883331530980475 0
8.169436619219923 0.2349993838821587 0
8.021468607286213 0.4315058810977184 0
8.117856554341515 0.6665052649798771 0
7.873500595352501 0.6280123783132781 0
8.362212513330526 0.7049981516464758 0
0.5870303906398711 1.054524573734612 0
0.6141435136465763 1.06318277315825 0
0.5599172676331641 1.045866374310974 0
0.5868909726366391 1.029998394119695 0
0.6138646776401133 1.014130413928415 0
0.7656953689724659 0.9912608450299927 0
0.7444136561946575 0.9796168339539073 0
0.7228551137815238 0.993162824654521 0
0.7231319434168473 0.9679728228778219 0
0.7225782841462003 1.01835282643122 0
1.667400009271568 1.046327807649166 0
1.663757475404088 1.02029135779428 0
1.687848257164541 1.03060439720795 0
1.639666693643634 1.009978318380611 0
1.660114941536607 0.9942549079393954 0
1.61921844575066 1.025701728821827 0
1.680563189429581 0.9785314974981796 0
1.197377566469907 1.200394619930595 0
1.152189506385615 1.209249960230368 0
1.155812023871611 1.24737058550105 0
1.107001446301323 1.218105300530141 0
1.204622601441899 1.27663587047196 0
1.159434541357607 1.285491210771733 0
1.061813386217032 1.226960640829914 0
1.541557850851524 0.7795419732087825 0
1.518333548918582 0.7700253280742499 0
1.538207287628623 0.7555184596033171 0
0.873229410755858 0.9534846209673888 0
0.8515232179115095 0.9658718961989265 0
0.8506739459043748 0.9911907637630866 0
0.829817025067161 0.978259171430464 0
0.8715308667415886 1.004122356095709 0
0.8498246738972401 1.016509631327247 0
0.8081108322228125 0.9906464466620017 0
0.9378919401814567 0.99123516720442 0
0.9163377637062569 0.9786516517920762 0
0.8939343152239232 0.9913870039438928 0
0.894783587231057 0.9660681363797325 0
0.8930850432167876 1.016705871508053 0
1.390067113904254 0.8066073948307624 0
1.410463209781383 0.7928510420179924 0
1.406879198918554 0.7694174741870241 0
1.430859305658512 0.7790946892052222 0
1.382899092178596 0.7597402591688258 0
1.403295188055724 0.7459839063560558 0
1.45125540153564 0.765338336392452 0
1.286885963381816 0.9938478150481729 0
1.264617362893556 0.9808807118004577 0
1.241782034860032 0.9929344924696875 0
1.242348762405296 0.9679136085527422 0
1.241215307314768 1.017955376386633 0
1.218946706826508 1.004988273138917 0
1.220080161917036 0.954946505305027 0
0.6798884082026211 0.9242183371478006 0
0.6787080305116993 0.9025514114312516 0
0.656469378439958 0.8956309385540147 0
0.6775276528207774 0.8808844857147031 0
0.6354111040591386 0.9103773913933262 0
0.6342307263682168 0.8887104656767777 0
0.6763472751298556 0.8592175599981546 0
0.5031833672973143 0.2140893542162781 0
0.5217358316812861 0.1949830675949435 0
0.5173555512611703 0.1736425056276714 0
0.5402882960652571 0.175876780973609 0
0.4944228064570835 0.1714082302817328 0
0.5129752708410544 0.1523019436603987 0
0.5588407604492289 0.1567704943522745 0
1.070335020428787 2.575306341284592 0
1.06895327783046 2.734721589709931 0
0.9024132288283599 2.670778819346933 0
1.067571535232133 2.894136838135269 0
0.7344914372279323 2.766251297409273 0
0.135135050087861 0.1292957056949007 0
0.133529333688772 0.1044736190534858 0
0.1367407664869509 0.1541177923363155 0
0.1163971716587238 0.1428181556180821 0
0.1383464828860408 0.1789398789777303 0
0.09765929322958566 0.1563406055412635 0
0.09605357683049576 0.1315185188998487 0
8.892043367158191 0.2349993838821587 0
8.651174451178768 0.2349993838821587 0
8.506693482254647 0.4699987677643174 0
8.410305535199345 0.2349993838821587 0
8.603081429309949 0.7049981516464758 0
2.717936000441277 0.5299135738957279 0
2.737653595801661 0.5558980650859677 0
2.698218405080893 0.5039290827054879 0
2.720163822496477 0.4924950438561781 0
2.678500809720509 0.4779445915152478 0
2.722391644551678 0.4550765138166279 0
2.742109239912063 0.4810610050068682 0
1.046304819312898 0.9563736086092254 0
1.024607240463743 0.9687312833306676 0
1.023826355716228 0.9960357757730582 0
1.002909661614587 0.9810889580521098 0
1.044743049817869 1.010982593494007 0
1.023045470968714 1.023340268215449 0
0.9812120827654311 0.9934466327735518 0
1.237578894220364 0.08681802633369173 0
1.25544791813853 0.1037670951603653 0
1.280421620065076 0.09906024256063395 0
1.273316942056696 0.1207161639870398 0
1.287526298073456 0.07740432113422813 0
9.067602452635802 2.616713447698413 0
8.850494569711556 2.504829296041585 0
8.700786045895068 2.61858411121298 0
8.633386686787309 2.392945144384758 0
8.768185405002827 2.844223078041203 0
1.447852775463857 0.7419004841425139 0
1.423872668723899 0.7322232691243158 0
1.444450149392074 0.7184626318925758 0
1.399892561983941 0.7225460541061177 0
1.44104752332029 0.6950247796426376 0
0.5460192804168216 0.1367427472970268 0
0.5689520252209093 0.1389770226429645 0
0.5230865356127339 0.1345084719510887 0
0.5331978003844142 0.1167150002417787 0
0.500153790808648 0.1322741966051506 0
0.5203763203520069 0.0966872531865306 0
0.5433090651560946 0.09892152853246872 0
7.361793585778205 1.146760077734843 0
7.411204230888961 1.320912767077661 0
7.192999902015877 1.333341477264629 0
7.460614875999717 1.495065456420479 0
7.02420621825355 1.519922876794416 0
1.001172386029128 0.1018305669608228 0
0.9943072178713024 0.121829436303825 0
0.9744747028840717 0.1076871557745349 0
2.546173252528271 0.2175092761327768 0
2.54036011421262 0.1938842102157281 0
2.566784159659617 0.2003101021698832 0
0.5940360194227381 0.9611435018889103 0
0.6135870577245104 0.9680674053641454 0
0.5744849811209658 0.9542195984136752 0
0.5938978175103671 0.9396066729395582 0
0.6133106538997684 0.9249937474654413 0
1.067711628936107 0.9692654140956294 0
1.089118438559316 0.9821572195820334 0
1.066930744188593 0.99656990653802 0
1.110525248182526 0.9950490250684374 0
1.066149859441078 1.023874398980411 0
1.045490948031302 0.5498417791072514 0
1.027723951216859 0.5666897097141019 0
1.0223606221532 0.5409466534047525 0
2.248484937272494 0.1024702327685985 0
2.236251353694516 0.1216448154316696 0
2.224042212175473 0.1011578062270102 0
2.224017770116538 0.1408193980947403 0
2.199599487078451 0.0998453796854224 0
1.694082567973107 0.1892049105695381 0
1.715593238202539 0.1819304697950184 0
1.715683223401064 0.2017855243038444 0
1.737103908431971 0.1746560290204977 0
1.737283878829022 0.2143661380381507 0
1.196963220099246 1.01766595232001 0
1.19752994764451 0.9926450684030645 0
1.176113188462511 0.9803018636672116 0
1.198096675189774 0.9676241844861193 0
1.154129701735248 0.9929795428483039 0
2.635887074994314 0.230654843620743 0
2.655686429386136 0.2450925820096366 0
2.638155683358846 0.2573351286914476 0
2.675485783777958 0.2595303203985306 0
2.640424291723378 0.2840154137621522 0
0.430484438961777 1.962329310864876 0
0.3228505560063128 1.893871088921122 0
0.5381183219172421 2.03078753280863 0
0.4238585765144514 2.066760987994575 0
0.3095988311116598 2.102734443180521 0
7.88299045766406 4.406655260857573 0
8.121461896551285 4.497526581482768 0
8.001484118071781 4.634727280780114 0
8.359933335438511 4.588397902107964 0
8.119977778479504 4.862799300702655 0
6.078053858517777 0.3704915427182116 0
6.160145936413271 0.5620048665790542 0
5.927918294810814 0.5494697615755806 0
1.276041666666667 0.01817436713362408 0
1.263220742517899 0.04105558686697997 0
1.275373520295678 0.05922995400060405 0
1.250399818369131 0.06393680660033585 0
1.300347222222224 0.05452310140087224 0
1.373263888888888 0.06027282426203584 0
1.348958333333333 0.05739796283145404 0
1.361111111111111 0.03922359569782952 0
1.324652777777779 0.05452310140087224 0
1.348958333333334 0.01817436713362408 0
0.6955221186748481 0.01665262537535828 0
0.692846641216347 0.04346988245075778 0
0.7078132043356389 0.0601225078261165 0
0.690171163757844 0.07028713952615817 0
0.7254552449134337 0.04995787612607483 0
0.7227797674549308 0.07677513320147522 0
0.6874956862993429 0.09710439660155767 0
0.8075830311429106 0.8434855734797617 0
0.8050085256631831 0.820478009526318 0
0.8292651570363407 0.8310627738747505 0
1.877566731171342 0.958541264123232 0
1.854210674412367 0.9496902492691364 0
1.900922787930316 0.9673922789773277 0
1.881557523619454 0.9831660790978769 0
1.924278844689291 0.9762432938314234 0
1.885548316067566 1.007790894072522 0
1.862192259308592 0.9989398792184261 0
1.834858323142308 0.9655170238749613 0
1.838849115590421 0.9901418388496064 0
1.815505971872249 0.9813437984807867 0
1.842839908038533 1.014766653824251 0
1.79615362060219 0.9971705730866116 0
3.040862989534245 2.783137019616318 0
2.918252188588258 2.924955682116307 0
2.984180265379949 3.132416452357517 0
2.795641387642271 3.066774344616296 0
3.172719143117627 3.198058560098738 0
3.050108342171641 3.339877222598727 0
2.673030586696285 3.208593007116285 0
0.01932892460033919 0.1791870187222591 0
0.03997565884833243 0.191183398260288 0
0.05930458344867162 0.1798013816272115 0
0.06062239309632389 0.2031797777983169 0
0.05798677380101935 0.1564229854561061 0
0.07863350804901081 0.1684193649941355 0
0.08126912734431713 0.2151761573363458 0
0.6528599489948412 0.8515976985330509 0
0.6318016746140218 0.8663441513723624 0
0.6293726228598269 0.8439778370679472 0
0.6107434002332024 0.881090604211674 0
0.6058852967248125 0.8363579756028434 0
4.763634553147247 1.763062356250007 0
4.905670462384506 1.969874325901845 0
4.658642199314545 1.948432609276988 0
0.01932892460033919 0.1077236304640081 0
0.01932892460033919 0.131544759883425 0
0.03865784920067927 0.1439838726697658 0
0.01932892460033919 0.1553658893028418 0
0.05798677380101935 0.1326018560366897 0
0.1033228063207954 0.7930566384148685 0
0.1253557392285405 0.8027058386380996 0
0.1449057527133828 0.7895358789179898 0
0.1473886721362865 0.8123550388613308 0
0.1424228332904782 0.7667167189746491 0
0.1644557661982233 0.7763659191978802 0
0.1694216050440325 0.8220042390845617 0
2.340882362154594 0.8404387366324348 0
2.33632975994734 0.8134043847480685 0
2.360030954547781 0.8251507587582756 0
2.312628565346899 0.8016580107378615 0
2.331777157740087 0.7863700328637022 0
2.293479972953711 0.8169459886120212 0
2.350925750133275 0.7710820549895425 0
2.951386273066519 0.02943102432797895 0
2.914215000848528 0.02943102432797895 0
2.895863834410195 0.0588620486559579 0
2.877043728630536 0.02943102432797895 0
2.914683940189855 0.08829307298393685 0
2.877512667971864 0.08829307298393685 0
2.839872456412545 0.02943102432797895 0
1.483000155808307 1.070387212774566 0
1.479488209382485 1.043168726449878 0
1.505470944660562 1.054947416973442 0
1.453505474104406 1.031390035926315 0
1.475976262956662 1.01595024012519 0
1.43103468525215 1.046829831727439 0
1.498447051808918 1.000510444324065 0
9.818704563641164 4.818704563641164 0
9.818704563641164 4.568704563641164 0
9.637409127282329 4.387409127282329 0
9.818704563641164 4.318704563641164 0
9.456113690923493 4.456113690923493 0
9.456113690923493 4.206113690923493 0
9.818704563641164 4.068704563641164 0
9.068704563641164 4.818704563641164 0
9.318704563641164 4.818704563641164 0
9.387409127282329 4.637409127282329 0
9.568704563641164 4.818704563641164 0
9.206113690923493 4.456113690923493 0
0.02044580864176027 1.065197080654479 0
0.02044580864176027 1.09840264232842 0
0.04089161728352053 1.111258795347561 0
0.02044580864176027 1.131608204002362 0
0.0613374259252808 1.09090938669276 0
0.0613374259252808 1.124114948366702 0
0.02044580864176027 1.164813765676302 0
2.388699839991209 0.09896613584802694 0
2.380240918137958 0.123320930015435 0
2.392681576582671 0.1388476257753837 0
2.371781996284707 0.147675724182843 0
2.413581156880636 0.1300195273679243 0
2.405122235027385 0.1543743215353324 0
2.363323074431456 0.172030518350252 0
2.872176211810087 0.1448689912219576 0
2.84003986460415 0.1381464644537669 0
2.864196426545586 0.1110015705437251 0
2.815883302662713 0.1652913583638091 0
2.807903517398212 0.131423937685577 0
2.823863087927213 0.1991587790420413 0
2.799923732133712 0.09755651700734447 0
0.2216516415148089 0.1035237874141508 0
0.2142896685409053 0.1211237733001393 0
0.1960695073912078 0.105199576614865 0
2.699761850807768 3.896391727667094 0
2.956550435701314 3.928728107646243 0
3.136178892068497 3.765103975203861 0
3.21333902059486 3.961064487625392 0
3.059018763542135 3.56914346278233 0
3.315807348435681 3.601479842761479 0
3.470127605488406 3.993400867604541 0
2.529224722223702 0.1037829952780802 0
2.514210437658218 0.1232327897605376 0
2.505283660300977 0.1020821216590084 0
2.499196153092734 0.1426825842429951 0
2.481342598378252 0.1003812480399366 0
3.147336023907136 0.04045391330611192 0
3.095675246583862 0.04045391330611192 0
3.066630721693051 0.0809078266122234 0
3.044014469260588 0.04045391330611192 0
3.089246974125514 0.1213617399183349 0
3.03758619680224 0.1213617399183349 0
2.992353691937314 0.04045391330611192 0
3.654312884394249 2.935309621917186 0
3.449829586107581 2.884585421150231 0
3.588384807602558 2.727848851675977 0
3.311274364612604 3.041321990624484 0
3.245346287820913 2.833861220383274 0
3.377202441404295 3.248782760865694 0
3.179418211029222 2.626400450142064 0
2.648106938352308 0.3035322566937029 0
2.652689938725974 0.3273812189375733 0
2.677903331382193 0.334655515187313 0
2.657272939099641 0.3512301811814438 0
2.698533723664747 0.3180808491931826 0
2.703116724038413 0.341929811437053 0
2.661855939473306 0.3750791434253142 0
0.6373734204583128 0.01703498333611142 0
0.6184968409166256 0.03406996667222284 0
0.6130678649027566 0.01703498333611142 0
0.5996202613749375 0.05110495000833426 0
0.5887623093472012 0.01703498333611142 0
0.7283545701669585 1.134448862196219 0
0.7650191461551925 1.129297251891657 0
0.746163273137241 1.151938318520235 0
0.7838750191731441 1.106656185263079 0
0.8016837221434265 1.124145641587095 0
0.7660663162028616 1.089166728939063 0
0.8027308921910965 1.084015118634501 0
0.8383482981316597 1.118994031282533 0
0.8194924251137081 1.141635097911111 0
2.013464015573481 0.9880703584709858 0
2.009547054648087 0.9630982940580148 0
2.032820356839196 0.9722985823113854 0
1.986273752456978 0.9538980058046445 0
2.005630093722693 0.9381262296450443 0
1.966917411191262 0.9696697819642446 0
2.024986434988409 0.922354453485444 0
3.463821597458754 0.158400132897063 0
3.417898587752578 0.06145937558822245 0
3.50974460716493 0.255340890205904 0
3.418146330834863 0.2198595084852855 0
3.555667616871107 0.3522816475147446 0
3.372471064210971 0.2813188840735084 0
3.326548054504795 0.1843781267646678 0
1.08167472859685 0.01637766778263883 0
1.072997426818741 0.03537144498366596 0
1.085227710971147 0.05174911276630478 0
1.064320125040632 0.05436522218469308 0
1.106135296901662 0.04913300334791693 0
1.177560658077092 0.0621401072493506 0
1.154000755267155 0.05563655529863354 0
1.166076026670305 0.03925888751599471 0
1.130440852457217 0.04913300334791693 0
1.154591395263517 0.01637766778263883 0
0.1557394465140609 0.491999928436099 0
0.1385163373597429 0.5094068955139484 0
0.1291643719975069 0.4827115145549468 0
0.1212932282054249 0.5268138625917977 0
0.1025892974809537 0.4734231006737946 0
2.21342384726881 0.1574442110272276 0
2.201214705749767 0.1369572018225687 0
2.178411641382996 0.133095005550397 0
2.189005564230723 0.1164701926179097 0
2.167817718535268 0.1497198184828843 0
2.155608577016225 0.1292328092782253 0
2.17679642271168 0.09598318341325074 0
9.826321872150068 0.9262989801679911 0
9.826321872150068 0.6762989801679911 0
9.652643744300136 0.6025979603359821 0
9.826321872150068 0.4262989801679913 0
9.478965616450202 0.7788969405039734 0
9.478965616450202 0.5288969405039734 0
9.826321872150068 0.1762989801679913 0
2.775635293687646 0.6164475691824549 0
2.783816029610348 0.673120804586826 0
2.824025549551533 0.6962517786437634 0
2.79199676553305 0.7297940399911971 0
2.856054333570015 0.6627095172963298 0
2.864235069492718 0.7193827527007008 0
2.800177501455753 0.7864672753955682 0
0.2602925856034783 0.2137799143092045 0
0.2835255620973651 0.2215873288220127 0
0.2991348691322795 0.2063826500357888 0
0.3067585385912519 0.2293947433348209 0
0.2915111996733071 0.1833705567367567 0
9.585452956170645 0.1762989801679913 0
9.411774828320713 0.3525979603359821 0
9.344584040191224 0.1762989801679913 0
9.238096700470781 0.5288969405039734 0
9.103715124211801 0.1762989801679913 0
0.1587653137408012 4.128893348258899 0
0.1587653137408012 4.367104642453069 0
0.3175306274816023 4.448843167488648 0
0.1587653137408012 4.605315936647239 0
0.4762959412224035 4.292370398330057 0
0.4762959412224035 4.530581692524226 0
0.1587653137408012 4.843527230841409 0
0.09858602384760928 0.7222773597571863 0
0.1001649513386713 0.7458704526430804 0
0.1212938923145748 0.7562935858088649 0
0.1017438788297333 0.7694635455289744 0
0.1408439057994162 0.743123626088755 0
1.344150431401705 0.7854269331883081 0
1.36352476179015 0.772583596178567 0
1.367108772652979 0.7960171640095353 0
0.09897710287723882 0.1797190017123684 0
0.1193206977054659 0.1910186384306023 0
0.1002949125248911 0.2030973978834738 0
0.05283138750739891 1.452453380422191 0
0.1056627750147978 1.472141802977795 0
0.05283138750739891 1.516127546174754 0
0.1584941625221976 1.491830225533398 0
0.05283138750739891 1.579801711927317 0
0.5875924382871887 0.1362885606097706 0
0.6096124734042467 0.1233546252606175 0
0.6154314064381188 0.1006384161721758 0
0.6316325085213048 0.1104206899114644 0
0.5992303043549327 0.09085614243288731 0
2.096196843057865 0.9499228943987723 0
2.072460040368046 0.9407334140943295 0
2.052640198603621 0.9565159982028575 0
2.048723237678227 0.9315439337898868 0
2.056557159529016 0.9814880626158282 0
0.743032631144084 1.184129505696577 0
0.7319336722923211 1.239180953377407 0
0.7654676062873982 1.266220530249187 0
0.7208347134405582 1.294232401058237 0
0.8101004991342382 1.238208659440137 0
0.09029554625400493 0.01724294444850072 0
0.06598999069844957 0.01724294444850072 0
0.05906331473023307 0.03448588889700144 0
0.04168443514289422 0.01724294444850072 0
0.07644219431757193 0.0517288333455026 0
0.05213663876201657 0.0517288333455026 0
0.01737887958733886 0.01724294444850072 0
0.5491279981899666 0.07620531944402664 0
0.561949478222374 0.09623306649927521 0
0.5805898912886533 0.09354460446608126 0
0.5747709582547813 0.1162608135545229 0
0.5864088243225254 0.07082839537763963 0
0.01737887958733886 0.04106407386791755 0
0.03475775917467772 0.05830701831641827 0
0.01737887958733886 0.06488520328733438 0
0.05213663876201657 0.07554996276491899 0
0.01737887958733886 0.08870633270675121 0
1.469950298565473 0.2101413966222561 0
1.487311637600176 0.1937782069395579 0
1.483439315856128 0.1730425625625718 0
1.50467297663488 0.1774150172568594 0
1.462205655077376 0.1686701078682846 0
1.47956699411208 0.1523069181855856 0
1.522034315669583 0.1610518275741608 0
1.561883142476239 1.311639647218542 0
1.619003424698658 1.326543869471623 0
1.504762860253819 1.296735424965461 0
1.540084876204303 1.270863240735315 0
1.447642578031399 1.28183120271238 0
1.518286609932368 1.230086834252087 0
1.575406892154787 1.244991056505168 0
1.954738578582509 0.01586843539049365 0
1.943339407028704 0.03874558529749139 0
1.955382852827676 0.0546140206879846 0
1.931940235474899 0.06162273520448913 0
1.978825470180452 0.04760530617148095 0
2.645058008469296 0.4160850146557231 0
2.625507910413697 0.4316699823560679 0
2.62934037169224 0.456101187592346 0
2.605957812358098 0.4472549500564127 0
2.652722931026381 0.4649474251282797 0
2.633172832970782 0.480532392828624 0
2.586407714302499 0.4628399177567575 0
0.5867211082576711 0.8527668297502793 0
0.589150160011866 0.8751331440546946 0
0.5675569197905297 0.8691756838977152 0
1.416979801855785 0.685790733413572 0
1.39640232118761 0.6995513706453118 0
1.392912080391279 0.6765566871845059 0
2.048267833385578 0.0595184744412407 0
2.025590097581987 0.05356189030636083 0
2.037633543380957 0.03769345491586762 0
2.002912361778395 0.04760530617148095 0
2.026999253376336 0.01586843539049365 0
3.346100261357947 0.06145937558822245 0
3.300424994734056 0.1229187511764449 0
3.274301934963316 0.06145937558822245 0
3.254749728110164 0.1843781267646678 0
3.202503608568686 0.06145937558822245 0
2.435391053036835 0.2054047035717885 0
2.452793252580829 0.1900236340613128 0
2.449670173343668 0.1700708072466743 0
2.470195452124823 0.1746425645508372 0
2.429144894562511 0.1654990499425115 0
2.446547094106506 0.1501179804320358 0
2.487597651668818 0.1592614950403615 0
2.774997746645155 0.3089215019990892 0
2.756007894228953 0.3336843701217989 0
2.793987599061358 0.2841586338763795 0
2.807258524553141 0.3172507266779654 0
2.81297745147756 0.2593957657536698 0
2.839519302461128 0.325579951356842 0
2.820529450044925 0.3503428194795517 0
3.028188055474209 0.347542447581227 0
3.029485584307959 0.2936131052873194 0
3.002661305882462 0.2636225304684681 0
3.030783113141708 0.2396837629934119 0
2.974539498623217 0.2875612979435251 0
2.975837027456966 0.2336319556496171 0
3.032080641975458 0.1857544206995039 0
0.4087653137408012 4.843527230841409 0
0.5675306274816023 4.687054461682818 0
0.6587653137408012 4.843527230841409 0
0.7262959412224035 4.530581692524226 0
0.9087653137408012 4.843527230841409 0
2.358644274999635 1.943449235131903 0
2.225448995662264 1.895134578805192 0
2.491839554337007 1.991763891458614 0
2.403404807102143 2.090255074965788 0
2.625034833674379 2.040078547785324 0
2.448165339204651 2.237060914799674 0
2.31497005986728 2.188746258472963 0
1.324652777777779 0.01817436713362408 0
1.312500000000001 0.03634873426724816 0
1.300347222222223 0.01817436713362408 0
1.75248055542102 1.005439611304052 0
1.72850810009054 0.9964702400354282 0
1.708178178627541 1.013537318621689 0
1.704535644760061 0.9875008687668039 0
1.711820712495021 1.039573768476574 0
1.99673117203556 1.267761394549945 0
1.990958371391448 1.231432198752147 0
2.03446626784585 1.245549892138295 0
1.947450474937046 1.217314505365999 0
1.985185570747336 1.195103002954349 0
1.909715379126756 1.239526007777649 0
2.022920666557626 1.172891500542699 0
2.430668844564698 0.7049237504639398 0
2.411203012706611 0.7210506828138943 0
2.417635381912941 0.7464344595724752 0
2.391737180848525 0.7371776151638485 0
2.443533582977357 0.755691303981102 0
2.42406775111927 0.7718182363310562 0
2.372271348990437 0.7533045475138027 0
2.187070762144467 0.2048070356190514 0
2.210764417654917 0.2128309773605626 0
2.227149800818622 0.1983307679206785 0
2.234458073165368 0.2208549191020737 0
2.219841528471877 0.1758066167392833 0
0.01361090860206993 0.5597965413562986 0
0.03078934896838703 0.5703430730480128 0
0.04440025757045696 0.5584325083383042 0
0.04796778933470414 0.5808896047397272 0
0.04083272580620978 0.5359754119368809 0
0.05801116617252688 0.5465219436285951 0
0.06514622970102124 0.5914361364314416 0
3.707935210746897 2.193295631877375 0
3.472811209479737 2.150486386631029 0
3.943059212014058 2.23610487712372 0
3.814620842883394 2.402657853814676 0
3.68618247375273 2.569210830505631 0
2.750062827726612 0.2175046211636991 0
2.72339032868148 0.2227506463548581 0
2.727091628512579 0.203459544184156 0
5.052786887192249 0.1339270245024538 0
4.860013144661144 0.1339270245024538 0
4.724259182926638 0.2678540490049075 0
4.66723940213004 0.1339270245024538 0
4.781278963723238 0.4017810735073613 0
4.588505221192133 0.4017810735073613 0
4.474465659598934 0.1339270245024538 0
2.591411778080144 0.4876182881973334 0
2.614794337414286 0.4964645257332672 0
2.59641584185779 0.5123966586379098 0
1.778917652131616 0.1007599240661534 0
1.75511191904424 0.1016279105519962 0
1.741144009411516 0.119641594033836 0
1.731306185956864 0.1024958970378393 0
1.750981832866169 0.1367872910298322 0
0.07574324216608375 2.034153413845442 0
0.07574324216608375 2.15625341482111 0
0.1514864843321666 2.213924316976037 0
0.07574324216608375 2.278353415796779 0
0.2272297264982495 2.149495218155295 0
0.2272297264982495 2.271595219130963 0
0.07574324216608375 2.400453416772447 0
0.1419878470564582 3.031531939727606 0
0.321555936812695 3.142249070406293 0
0.4635437838691541 3.03250793284585 0
0.5011240265689327 3.25296620108498 0
0.4259635411693745 2.812049664606719 0
0.6055316309256114 2.922766795285406 0
0.6806921163251705 3.363683331763668 0
8.192754536294329 3.144428636253802 0
8.391091761524887 3.146409148552011 0
8.362043867093995 3.336820916189635 0
8.589428986755447 3.148389660850222 0
8.531333197893662 3.529213196125468 0
0.7998747602733252 0.07635515298986739 0
0.7893961019627218 0.05645431045169769 0
0.769578451215855 0.05320609328888626 0
0.7789174436521185 0.03655346791352798 0
0.7602394587795924 0.06985871866424453 0
0.7497608004689891 0.04995787612607483 0
0.7684387853415142 0.01665262537535828 0
1.512873199131657 0.1398555466422291 0
1.491639538352906 0.1354830919479415 0
1.503712082593731 0.1186592657102974 0
1.470405877574154 0.1311106372536539 0
1.494550966055805 0.09746298477836524 0
2.773214168853272 1.548159471819994 0
2.701051404769433 1.496947773282945 0
2.614645732780875 1.511237352239393 0
2.628888640685595 1.445736074745896 0
2.600402824876154 1.57673862973289 0
2.528240060792316 1.525526931195841 0
2.556725876601756 1.394524376208847 0
2.826556214986267 0.05213952188776716 0
2.845376320765927 0.08157054621574655 0
2.813239973559989 0.07484801944755581 0
0.1126234342092571 1.045951615614602 0
0.08778528597777502 1.026047607347522 0
0.1374615824407392 1.065855623881683 0
0.1106227504056791 1.071857593069395 0
0.08378391837061905 1.077859562257108 0
2.50587741853898 0.6407687398110347 0
2.486286802104799 0.6565557750532505 0
2.489565279548687 0.6809326821277897 0
2.466696185670619 0.6723428102954663 0
2.512434373426756 0.6895225539601131 0
2.492843756992575 0.7053095892023289 0
2.447105569236438 0.6881298455376821 0
2.681941008066779 3.437859247299889 0
2.493402130329102 3.372217139558667 0
2.870479885804457 3.503501355041109 0
2.690851429437274 3.667125487483491 0
2.51122297307009 3.830749619925873 0
4.343311017987915 0.08640708933000418 0
4.204628618397496 0.08640708933000418 0
4.130493757583077 0.1728141786600084 0
4.065946218807078 0.08640708933000418 0
4.195041296359076 0.2592212679900125 0
4.056358896768657 0.2592212679900125 0
3.927263819216659 0.08640708933000418 0
1.219149548061301 0.8120712337199278 0
1.239416095107392 0.8006586068582373 0
1.237814071591069 0.7793992937545799 0
1.259682642153482 0.7892459799965466 0
1.215945501028656 0.7695526075126136 0
1.236212048074746 0.758139980650923 0
1.279949189199572 0.7778333531348558 0
1.814151165264894 3.999159441260415 0
1.905493545076335 3.803878772291919 0
2.079926034927271 3.95435135788727 0
1.996835924887776 3.608598103323422 0
2.345700904589648 3.909543274514125 0
1.257042857079633 0.6471023256890831 0
1.261531021505125 0.6690159010947325 0
1.238480572775918 0.6604470486483431 0
1.266019185930616 0.6909294765003819 0
1.219918288472202 0.6737917716076032 0
0.1586588002483236 0.7279253560006167 0
0.1770794015515351 0.7115553543511344 0
0.1737653550245399 0.685933951097212 0
0.1955000028547467 0.6951853527016523 0
0.1520307071943332 0.6766825494927715 0
2.428620353326523 0.7988525882154227 0
2.402722152262107 0.789595743806796 0
2.381376553404944 0.8073732512825358 0
2.376823951197691 0.7803388993981693 0
2.385929155612198 0.8344076031669023 0
1.421456964300422 0.1830699471775477 0
1.441831309688899 0.1758700275229161 0
1.445703631432947 0.1966056718999019 0
9.818830420659408 3.860570048988597 0
9.818830420659408 3.610570048988597 0
9.637660841318816 3.471140097977195 0
9.818830420659408 3.360570048988597 0
9.456491261978224 3.581710146965793 0
0.1888335944766117 0.8065156390799442 0
0.1863506750537081 0.7836964791366035 0
0.208245583909191 0.7910270390753267 0
0.6356875078838806 0.9534510492920303 0
0.6355493059715096 0.9319142203426782 0
0.6577879580432509 0.9388346932199154 0
1.573591470764251 1.032082992880651 0
1.548543331112473 1.021558810028456 0
1.527007137886518 1.038253113500949 0
1.523495191460695 1.011034627176261 0
1.53051908431234 1.065471599825637 0
0.8419794465397876 1.092233465295863 0
0.8597881495100701 1.109722921619879 0
0.824170743569506 1.074744008971847 0
0.8456105949479156 1.065472899309193 0
0.8063620405992236 1.057254552647831 0
0.8492417433560435 1.038712333322523 0
0.8670504463263251 1.056201789646539 0
0.6494261291890782 0.6991013202725374 0
0.6539561272831502 0.7225366471138805 0
0.6300817032153727 0.7150537885257251 0
0.7441332297859589 0.01665262537535828 0
0.7347942373496963 0.03330525075071655 0
0.7198276742304035 0.01665262537535828 0
0.9813640523445333 0.2008795822194589 0
0.997645649289038 0.189046128373465 0
1.004298330821872 0.2102882167248197 0
2.387345733966582 0.1831552467574307 0
2.408245314264547 0.1743271483499713 0
2.411368393501709 0.1942799751646094 0
0.08236910461340941 1.665200444291063 0
0.08236910461340941 1.753374208432623 0
0.1647382092268197 1.794787197599409 0
0.08236910461340941 1.841547972574182 0
0.24710731384023 1.748026422624636 0
0.24710731384023 1.836200186766196 0
0.08236910461340941 1.929721736715742 0
1.381127792753561 1.049917766921215 0
1.357295128113877 1.036603490214982 0
1.333370970893365 1.051470115932321 0
1.333462463474194 1.023289213508749 0
1.333279478312537 1.079651018355894 0
1.309446813672854 1.066336741649661 0
1.309629798834511 1.009974936802516 0
1.153744376620645 0.7783284852299932 0
1.175546100434197 0.7895760680599715 0
1.195745800731427 0.7795643377862924 0
1.197347824247749 0.8008236508899498 0
1.194143777215104 0.7583050246826355 0
1.796627785964832 0.1675507653565056 0
1.790724408020427 0.1452871515930547 0
1.770853120443298 0.1410372213114437 0
1.784821030076021 0.1230235378296038 0
1.756885210810574 0.1590509047932827 0
0.282954503955124 1.010625004135278 0
0.260990899271234 1.034001459428441 0
0.2669524217835164 1.058374621775321 0
0.239027294587344 1.057377914721604 0
0.294877548979688 1.059371328829038 0
0.6793355392122518 1.045851351042167 0
0.6575119186882059 1.035277705337583 0
0.6358277161673911 1.049230239247916 0
0.6356882981641601 1.024704059632999 0
0.6359671341706221 1.073756418862834 0
3.036325501670949 1.303035944276459 0
3.130914502341781 1.242213773974841 0
2.941736501000118 1.363858114578078 0
2.929264160487573 1.254668506594228 0
2.916791819975028 1.145478898610378 0
2.478670874311577 0.1381108269388323 0
2.458145595530421 0.1335390696346694 0
2.469744096954336 0.116960158837303 0
2.437620316749264 0.1289673123305066 0
2.460817319597096 0.09580949073577383 0
0.4539600951953044 0.1883615953331974 0
0.4741914508261944 0.1798849128074655 0
0.4785717312463103 0.2012254747747377 0
9.111110482274809 3.321204620268942 0
9.096607805728473 3.086374229412099 0
8.93239660536565 2.965298653726651 0
9.082105129182137 2.851543838555256 0
8.782688081549161 3.079053468898046 0
1.23286907044321 1.28806167053729 0
1.283887931231465 1.286298393337261 0
1.25926397971615 1.312993218542614 0
1.308511882746781 1.259603568131908 0
1.33490679201972 1.284535116137232 0
1.282116973473841 1.234672020126584 0
1.333135834262096 1.232908742926555 0
1.385925652807975 1.282771838937203 0
1.36130170129266 1.309466664142556 0
2.164267697777697 0.2009448393468798 0
2.180653080941401 0.1864446299069957 0
2.174235399738335 0.16808222419494 0
2.197038464105106 0.1719444204671117 0
2.151432335371564 0.1642200279227684 0
0.7507776895745968 0.126287707165027 0
0.7671433798075062 0.1096435224399741 0
0.7636914192935489 0.08975112055210932 0
0.7835090700404157 0.09299933771492075 0
0.743873768546683 0.08650290338929789 0
5.231294007479569 0.4918834622171917 0
5.006286485601404 0.4468322678622765 0
5.142040447335909 0.3129052433598227 0
3.753321634290257 0.498297360434619 0
3.706864032722429 0.6342456149728402 0
3.812919773811511 0.7447799461720965 0
3.6604064311546 0.7701938695110608 0
3.965433116468422 0.7193660228331324 0
3.918975514900593 0.8553142773713533 0
3.613948829586772 0.9061421240492815 0
2.844200130141176 0.5307698725920069 0
2.810169833398138 0.5142002500636271 0
2.846427952196376 0.4933513425524567 0
2.7739117145999 0.5350491575747975 0
2.7761395366551 0.4976306275352478 0
2.771683892544699 0.5724676876143473 0
2.778367358710301 0.4602120974956976 0
1.130285839707961 0.01637766778263883 0
1.118210568304812 0.03275533556527765 0
1.105980284152405 0.01637766778263883 0
0.1419878470564582 2.524239018456461 0
0.1419878470564582 2.693336658880176 0
0.2839756941129163 2.752693161743447 0
0.1419878470564582 2.862434299303891 0
0.4259635411693745 2.642952024183004 0
1.109124273766493 0.6584223024049849 0
1.095447802151059 0.6780475455218633 0
1.102594128268235 0.6944839812725174 0
1.081771330535624 0.6976727886387415 0
1.123416926000845 0.6912951739062934 0
1.109740454385411 0.7109204170231715 0
1.06809485892019 0.7172980317556197 0
0.08062908772661892 0.5763401391109251 0
0.07706155596237263 0.5538830427095021 0
0.09611194575221838 0.5612441417904086 0
0.07349402419812634 0.5314259463080788 0
0.1115948037778161 0.5461481444698923 0
0.3723842748679473 1.166972084133106 0
0.3464647208319604 1.150674111241411 0
0.3785977335999346 1.132638409851002 0
0.3143317080639854 1.168709812631821 0
0.3205451667959718 1.134376138349717 0
0.3081182493319989 1.203043486913925 0
0.3267586255279582 1.100042464067613 0
1.968422905991024 1.108574864295017 0
2.000170017737301 1.114438078358921 0
1.936675794244748 1.102711650231114 0
1.951445057814812 1.086450637909037 0
1.904928682498471 1.09684843616721 0
1.9344672096386 1.064326411523057 0
1.966214321384876 1.070189625586961 0
1.286794470800987 1.022028717471746 0
1.286702978220158 1.050209619895318 0
1.263959142767463 1.034082498140975 0
1.28661148563933 1.078390522318891 0
1.241123814733939 1.046136278810205 0
1.132799320272067 0.7681880640419911 0
1.152999020569296 0.7581763337683121 0
1.152253664517947 0.7380241823066309 0
1.173198720866526 0.7481646034946332 0
1.131308608169369 0.7278837611186286 0
1.151508308466599 0.7178720308449498 0
1.193398421163755 0.7381528732209544 0
0.5101374970931465 0.9175135278610738 0
0.5123179009250816 0.9380839134921701 0
0.4912950992523051 0.9348295922028798 0
0.5144983047570157 0.9586542991232667 0
0.4724527014114646 0.9521456565446855 0
0.7085896873910942 0.1068321667893808 0
0.7262317279688881 0.09666753508933956 0
0.7296836884828455 0.1165599369772039 0
2.1958243290082 0.8929777680087259 0
2.176931068688149 0.9095433717178318 0
2.181165671593852 0.9346432442727375 0
2.158037808368097 0.9261089754269378 0
2.204293534819607 0.9431775131185371 0
2.185400274499555 0.9597431168276431 0
2.139144548048045 0.9426745791360438 0
2.94199991297607 2.099993785656284 0
2.77883591386757 2.100109585552389 0
3.105163912084569 2.099877985760179 0
3.007366245934397 2.258516006930523 0
3.268327911193069 2.099762185864073 0
3.072732578892726 2.417038228204763 0
2.909568579784226 2.417154028100869 0
0.380371517600401 1.409123479986308 0
0.3892574121803936 1.457578531388277 0
0.3269848266034643 1.438182164570342 0
0.398143306760387 1.506033582790246 0
0.2735981356065267 1.467240849154375 0
2.559674196974915 0.7860157694205037 0
2.5682756308188 0.7523989693390551 0
2.553621848784043 0.7283601998771045 0
2.576877064662685 0.7187821692576066 0
2.530366632905401 0.7379382304966025 0
2.538968066749286 0.7043214304151539 0
2.58547849850657 0.6851653691761581 0
3.167306642795827 0.5121678314048521 0
3.104345973150409 0.5194365036951947 0
3.108888316615313 0.4697124525000413 0
3.04138530350499 0.526705175985537 0
3.0504699904348 0.4272570735952312 0
0.4977898191263801 0.09794340566166859 0
0.4876785543546998 0.1157368773709786 0
0.4752033179007533 0.09919955813680659 0
0.3621050012163858 1.032576785678053 0
0.3357215021292985 1.025259525163794 0
0.3152995255544937 1.042315426996416 0
0.3093380030422113 1.017942264649536 0
0.3212610480667752 1.066688589343296 0
2.002912361778394 0.01586843539049365 0
1.990868915979423 0.0317368707809873 0
1.978825470180452 0.01586843539049365 0
1.805800061508167 1.178451875633063 0
1.846888444061024 1.190822378501726 0
1.76471167895531 1.1660813727644 0
1.786481022896839 1.143865939743289 0
1.723623296402453 1.153710869895738 0
1.767161984285511 1.109280003853514 0
1.808250366838368 1.121650506722177 0
3.652585729139876 4.02519437792081 0
3.890763795636183 4.011347681968182 0
3.99606179076129 3.847180679862921 0
4.128941862132491 3.997500986015555 0
3.86318171939009 3.696860373710287 0
2.569353868909546 0.5995483738148533 0
2.575776944986114 0.6301684179582363 0
2.549243251663584 0.615369541503195 0
2.582200021062682 0.6607884621016191 0
2.529132634417622 0.6311907091915367 0
1.02302379268857 4.653339279241923 0
0.9317891064293713 4.496866510083332 0
1.137282271636339 4.463151327642437 0
0.8405544201701733 4.340393740924741 0
1.251540750584108 4.272963376042951 0
0.6351902998823267 1.488267444916863 0
0.6564494803738574 1.562205612770593 0
0.5840185575311665 1.525301002431879 0
0.9440101260451641 1.599013841444788 0
0.9696772584081135 1.686508067857976 0
0.8879423227204528 1.652856766755266 0
0.9953443907710628 1.774002294271164 0
0.8318745193957415 1.706699692065745 0
2.345721000144698 0.9333276776016148 0
2.36785195843205 0.9577404715872917 0
2.323590041857345 0.9089148836159378 0
2.344631532919026 0.8981425572867314 0
2.301459083569993 0.8845020896302607 0
2.343542065693354 0.8629574369718482 0
2.365673023980706 0.8873702309575253 0
1.757065181207625 0.1987610138109357 0
1.7569751960091 0.1789059593021092 0
1.776846483586229 0.1831558895837206 0
0.8908101564529822 1.041760227215549 0
0.8871790080448543 1.068520793202219 0
0.9073075697633843 1.080839796757899 0
0.8835478596367263 1.095281359188889 0
0.9310672798900406 1.066398234326909 0
0.9274361314819135 1.093158800313578 0
0.8799167112285993 1.122041925175559 0
1.887348785617852 1.280948579717923 0
1.830997337692412 1.316426570108761 0
1.852138640637911 1.371966835435183 0
1.774645889766973 1.351904560499598 0
1.92963139150885 1.392029110370768 0
1.87327994358341 1.427507100761606 0
1.718294441841532 1.387382550890436 0
1.302370451628358 1.679234728554798 0
1.323578755191127 1.759228593809934 0
1.234342844426069 1.748705639246201 0
1.344787058753896 1.839222459065069 0
1.166315237223781 1.818176549937605 0
5.667787322857014 2.021613379679164 0
5.789421865648344 1.854994172259119 0
5.919205468230972 2.011717954599834 0
5.911056408439674 1.688374964839074 0
6.17062361360493 2.001822529520503 0
1.222001517985222 1.173699794725242 0
1.225624035471219 1.211820419995925 0
1.25387050447253 1.223246220061254 0
1.229246552957214 1.249941045266607 0
1.278494455987846 1.196551394855901 0
1.089663012704149 0.7342613758510768 0
1.110485810436759 0.7310725684848527 0
1.111231166488108 0.7512247199465338 0
2.334384710904887 1.156694746286325 0
2.336775699518012 1.109421287533435 0
2.361768459818345 1.134745968160845 0
2.31178293921768 1.084096606906024 0
2.339166688131137 1.062147828780545 0
2.284399190304222 1.106045385031504 0
2.286790178917347 1.058771926278614 0
2.341557676744263 1.014874370027655 0
2.366550437044595 1.040199050655065 0
1.689400710583512 1.804739314706607 0
1.721700403977724 1.901931359772719 0
1.615041361360063 1.852138696036042 0
1.754000097371937 1.999123404838831 0
1.540682012136614 1.899538077365478 0
9.246263872662 1.300376112121234 0
9.439616539158022 1.175683734803486 0
9.459291077804112 0.9772903376537296 0
9.632969205654044 1.050991357485739 0
9.28561294995418 0.9035893178217207 0
1.066850361392577 4.109186727643136 0
0.861357196185609 4.142901910084031 0
0.8821599722010447 3.945410079243322 0
0.6558640309786412 4.176617092524927 0
0.6974695830095134 3.781633430843508 0
3.019235030363909 0.1507927642463143 0
2.996618777931445 0.1103388509402023 0
2.95565135906065 0.09931596196206982 0
2.974002525498982 0.06988493763409043 0
2.937300192622319 0.1287469862900483 0
2.27377368876681 1.347253818192187 0
2.355206111238261 1.32892660571644 0
2.326671517092124 1.384004736142591 0
2.383740705384397 1.27384847529029 0
2.436638533709711 1.310599393240693 0
2.330842877059083 1.237097557339886 0
2.412275299530533 1.218770344864139 0
2.518070956181162 1.292272180764947 0
2.489536362035026 1.347350311191097 0
0.4458687963968826 1.208896842828138 0
0.4096060442312783 1.194604723057099 0
0.4821315485624869 1.223188962599176 0
0.4509575529922376 1.25456518314254 0
0.4197835574219884 1.285941403685904 0
6.16723867932053 1.68855006595983 0
6.423420950201384 1.688725167080587 0
6.297022281903157 1.845273848300545 0
6.679603221082239 1.688900268201343 0
6.426805884485785 2.001997630641259 0
0.09090031661739495 0.6476754596239949 0
0.1109010414179128 0.6569674379754913 0
0.09308614696900452 0.6721657080636294 0
0.1309017662184297 0.6662594163269873 0
0.0952719773206141 0.696655956503264 0
2.336790483219154 3.680277034330522 0
2.162357993368218 3.529804448735171 0
2.32788006184866 3.451010794146919 0
1.987925503517282 3.37933186313982 0
2.318969640478166 3.221744553963316 0
3.375013543329565 2.309124407801374 0
3.481699175466062 2.518486629738675 0
3.277215877179394 2.467762428971719 0
2.272438481892031 0.8277183149412275 0
2.252891218829338 0.8433878851542289 0
2.255550922368098 0.8659065854936421 0
2.233343955766645 0.8590574553672303 0
2.277757888969552 0.8727557156200538 0
2.258210625906859 0.8884252858330552 0
2.213796692703951 0.8747270255802317 0
1.470325644037202 0.09835242370739072 0
1.458253099796377 0.1151762499450353 0
1.446100322018599 0.09924186263641621 0
2.728894602732541 0.3549269778240212 0
2.708264210449987 0.371501643818152 0
2.713411696861562 0.4010734761992509 0
2.687633818167434 0.3880763098122824 0
2.739189575555689 0.4140706425862191 0
2.718559183273136 0.4306453085803499 0
2.66700342588488 0.4046509758064132 0
2.931408630143422 0.658487675310123 0
2.971621269824714 0.7000870192805371 0
2.936476493192494 0.7274398353236813 0
3.006766046456936 0.6727342032373929 0
3.011833909506008 0.7416863632509512 0
3.001698183407864 0.6037820432238346 0
3.01690177255508 0.8106385232645095 0
0.2397994231055982 0.2104004337894221 0
0.2554087301405126 0.1951957550031977 0
0.2505248746775468 0.1766115956971914 0
0.2710180371754269 0.1799910762169743 0
0.2300317121796649 0.1732321151774086 0
6.676563481792051 1.987207701149851 0
6.802962150090279 1.830659019929893 0
6.926321079098319 1.972417771658443 0
6.929360818388506 1.674110338709935 0
7.176078676404584 1.957627842167034 0
0.1164009182965167 0.7070790896690482 0
0.1342158127454249 0.6918808195809099 0
0.137529859272421 0.7175022228348324 0
2.909178385363073 0.1526857537651054 0
2.885021823421636 0.1798306476751472 0
2.897867435033185 0.2147923041283368 0
2.8608652614802 0.206975541585189 0
2.934869608586172 0.2226090666714846 0
2.910713046644735 0.2497539605815264 0
2.836708699538763 0.2341204354952309 0
1.189029511721421 0.7173852794090188 0
1.209974568069999 0.7275257005970208 0
1.168084455372843 0.7072448582210162 0
1.184660602279086 0.6966176855970829 0
1.147139399024264 0.6971044370330142 0
1.180291692836752 0.6758500917851471 0
1.20123674918533 0.6859905129731496 0
2.095693493031087 0.1702470878833875 0
2.118551561279957 0.1804796717045516 0
2.13499194832576 0.17234984981366 0
2.141409629528827 0.1907122555257157 0
2.128574267122694 0.1539874441016043 0
2.150343801120276 0.09796861031843385 0
2.139749878272548 0.1145934232509207 0
2.123891179528872 0.09995403722361651 0
2.129155955424821 0.1312182361834084 0
2.097438557937468 0.1019394641287992 0
1.052165383307077 1.291955974295443 0
1.100975960877365 1.321221259266353 0
1.042517380397123 1.356951307760972 0
1.156569219813332 0.6700408286584265 0
1.139993072907089 0.6806680012823598 0
1.132846746789913 0.6642315655317057 0
8.369977778479504 4.862799300702655 0
8.489955556959007 4.725598601405309 0
8.619977778479504 4.862799300702655 0
8.609933335438511 4.588397902107964 0
8.869977778479504 4.862799300702655 0
2.153419759302514 3.11735777484887 0
1.987897690822072 3.196151429437121 0
1.987869878126863 3.012970995734424 0
1.82237562234163 3.274945084025373 0
1.822319996951211 2.908584216619977 0
0.1315792886757707 0.08545632129622938 0
0.1178180412018488 0.06271852901365316 0
0.09713011775971037 0.05722368117957766 0
0.1040567937279269 0.03998073673107694 0
0.09020344179149298 0.07446662562807838 0
0.786670980844403 0.9999175563246556 0
0.7651124384312702 1.013463547025269 0
0.7645295078900736 1.035666249020546 0
0.7435538960181365 1.027009537725883 0
0.7855051197620107 1.044322960315209 0
0.7639465773488769 1.057868951015823 0
0.7219953536050037 1.040555528426496 0
2.466402676855425 0.7642811758134251 0
2.497493183561922 0.771526040349118 0
2.481056458890182 0.7883199452753757 0
2.513929908233661 0.7547321354228602 0
2.528583690268418 0.7787709048848108 0
2.499276126198904 0.7306933659609096 0
2.543237472303175 0.8028096743467614 0
2.096856869635341 0.124708672046995 0
2.112715568379017 0.1393480580743001 0
2.096275181333214 0.1474778799651912 0
0.8283848225188297 1.025780740989901 0
0.8069449711404202 1.035051850652555 0
0.8075279016816168 1.012849148657278 0
2.489194922576222 0.8211350839497404 0
2.458104415869725 0.8138902194140476 0
2.520285429282718 0.8283799484854333 0
2.497333386262261 0.8539502226241051 0
2.551375935989215 0.8356248130211261 0
2.5054718499483 0.8867653612984698 0
2.474381343241804 0.879520496762777 0
0.9580205018999859 1.0035541707601 0
0.9356170534176513 1.016289522911916 0
0.933342166653846 1.041343878619412 0
0.9132136049353168 1.029024875063733 0
0.9534707283723751 1.053662882175092 0
0.9998538901032674 1.033447806201996 0
0.9766623092378213 1.043555344188544 0
0.9789371960016267 1.018500988481048 0
2.145441664769725 1.970281411206242 0
2.190202196872232 2.117087251040128 0
2.065434333877185 2.045428243607292 0
2.23496272897474 2.263893090874014 0
1.985427002984645 2.120575076008343 0
0.01361090860206993 0.5121542825174643 0
0.02722181720413985 0.5240648472271727 0
0.01361090860206993 0.5359754119368814 0
1.276762157924031 0.755787925527343 0
1.254893587361618 0.7459412392853766 0
1.273575126648491 0.7337424979198302 0
1.233025016799206 0.7360945530434102 0
1.27038809537295 0.7116970703123173 0
9.275195825619388 3.650414710606957 0
9.081936730825673 3.719750902559132 0
9.082062587843916 3.511616387906565 0
9.081810873807429 3.927885417211699 0
8.888677636031957 3.789087094511308 0
9.274944111582901 4.06668373991209 0
9.081685016789185 4.136019931864266 0
8.69541854123824 3.858423286463482 0
8.695544398256484 3.650288771810916 0
4.002496299958786 0.3561620252988531 0
3.937948761182787 0.2697549359688489 0
3.819538625596917 0.2802886039476853 0
3.873401222406788 0.1833478466388447 0
3.765676028787045 0.3772293612565258 0
2.436778159728467 0.09686170577319153 0
2.425179658304551 0.1134406165705579 0
2.412738999859838 0.09791392081060923 0
0.06533879353243677 1.039097431783174 0
0.06333810972885878 1.065003409237967 0
0.04289230108709852 1.052147256218827 0
7.394283005277668 1.945199131980066 0
7.656643465113339 1.934207989981096 0
7.751488864978382 1.780020528065578 0
7.919003924949009 1.923216847982127 0
7.583973805007757 1.636824208149029 0
0.7720716799277119 2.986709565648404 0
0.9386117289298124 3.050652336011402 0
0.8096519226274914 3.207167833887535 0
1.485361609767122 1.101887633343339 0
1.459378874489044 1.090108942819775 0
1.435757593169781 1.109830672864984 0
1.433396139210966 1.078330252296212 0
1.438119047128597 1.141331093433757 0
1.412136311850519 1.129552402910194 0
1.407413403932888 1.066551561772648 0
0.10224283841558 0.5194527635108908 0
0.08319244862573516 0.512091664429984 0
0.09289087305334398 0.4927573825518894 0
3.199582143448614 0.1633726644825568 0
3.144414558787064 0.1423672022004459 0
3.173459083677875 0.1019132888943339 0
2.453537938442767 0.7135136222962633 0
2.476407032320836 0.7221034941285864 0
2.459970307649096 0.7388973990548442 0
2.301454354761161 1.008712318470472 0
2.274070605847703 1.030661096595951 0
2.261351032778058 1.002550266913288 0
2.246686856934245 1.052609874721431 0
2.221247710794955 0.9963882153561054 0
2.454125211610313 0.9324831245534 0
2.42464114906711 0.9174454933547751 0
2.453035744384641 0.8972980042385166 0
2.39624655374958 0.9375929824710334 0
2.395157086523909 0.9024078621561502 0
2.397336020975251 0.9727781027859166 0
2.394067619298237 0.8672227418412668 0
2.122903318343857 0.9630800423052199 0
2.103083476579432 0.9788626264137479 0
2.109970110101 1.007802358428723 0
2.083263634815007 0.9946452105222758 0
2.136676585386992 1.020959506335171 0
2.116856743622566 1.036742090443699 0
2.063443793050583 1.010427794630804 0
1.132579916393418 1.004687732418615 0
1.110392222022694 1.019100419374602 0
1.110259195862862 1.043151813680766 0
1.08820452765197 1.033513106330588 0
1.132313864073755 1.052790521030944 0
0.5755508722947891 0.03675842870541679 0
0.5809798483086581 0.05379341204152777 0
0.5623394352423778 0.05648187407472172 0
2.872418925155529 0.7945243580185486 0
2.840390141137046 0.8280666193659822 0
2.904447709174011 0.7609820966711149 0
2.944660348855304 0.802581440641529 0
2.984872988536597 0.8441807846119431 0
2.63805291200202 0.8451620443627508 0
2.58959772739512 0.8426732948976139 0
2.686508096608919 0.8476507938278877 0
2.653322660387468 0.8777808003779106 0
2.734963281215819 0.8501395432930248 0
2.668592408772916 0.9103995563930702 0
2.620137224166016 0.9079108069279331 0
1.196830193939414 1.041717346626174 0
1.175413434757416 1.029374141890321 0
1.153863649415585 1.041082331460633 0
1.153996675575416 1.017030937154468 0
1.153730623255754 1.065133725766797 0
0.4860528363825383 0.9781918615004908 0
0.5070756380553139 0.9814461827897816 0
0.499652971353612 1.004238066456296 0
2.232554044197949 1.195815907717365 0
2.246293925720902 1.246295211208972 0
2.204019450051812 1.250894038143516 0
2.288568401389993 1.241696384274429 0
2.260033807243856 1.29677451470058 0
2.317102995536129 1.186618253848279 0
2.231499213097719 1.35185264512673 0
2.488954445175083 0.9546684543093611 0
2.460559849857553 0.9748159434256194 0
2.466994488104793 1.017148762297839 0
2.432165254540022 0.9949634325418777 0
2.501823721669564 1.0393340920538 0
2.473429126352033 1.059481581170058 0
2.403770659222491 1.015110921658136 0
1.846870120874288 1.039439663352904 0
1.823526977156117 1.030641622984084 0
1.8042140462737 1.046516592143917 0
1.800183833437945 1.021843582615265 0
1.808244259109455 1.07118960167257 0
1.784901115391284 1.06239156130375 0
1.776840689719775 1.013045542246445 0
1.94504220005228 0.9823684700834008 0
1.925676935741419 0.99814227020395 0
1.927075026793546 1.020041246576477 0
1.906311671430556 1.013916070324499 0
1.947838382156537 1.026166422828454 0
1.928473117845674 1.041940222949003 0
1.886946407119694 1.029689870445048 0
2.696613765857551 0.4420793474296598 0
2.674668348441966 0.4535133862789698 0
2.670835887163423 0.4290821810426912 0
0.3676025786775687 1.065930660402369 0
0.3731001561387517 1.099284535126685 0
0.3471806021027639 1.082986562234991 0
0.3825617880586591 1.258308764761911 0
0.3453400186953282 1.230676125837918 0
0.3774730314633032 1.212640424447509 0
2.850785581475641 0.8973421004122686 0
2.778544157775866 0.8892850177892884 0
2.923027005175417 0.9053991830352488 0
2.861181021814237 0.9666175814585549 0
2.995268428875193 0.9134562656582292 0
2.871576462152833 1.035893062504841 0
2.799335038453057 1.027835979881861 0
2.884409650082361 0.5539008466489443 0
2.848151531284123 0.5747497541601145 0
2.852102932427069 0.6187296357282221 0
2.811893412485884 0.5955986616712847 0
2.892312452368254 0.6418606097851596 0
8.67027221743944 0.8812971318144669 0
8.86226943584696 1.020990125250056 0
9.07394119290057 0.9622897215358883 0
9.05426665425448 1.160683118685645 0
9.093615731546659 0.7638963243861321 0
1.280455253064996 1.111456731719903 0
1.257711417612301 1.09532960996556 0
1.228811349585273 1.11226869761223 0
1.234967582159606 1.079202488211218 0
1.222655117010939 1.145334907013242 0
1.199911281558244 1.1292077852589 0
1.212223746706911 1.063075366456875 0
3.705392290338785 1.025219726869646 0
3.857905632995696 0.9998058035306818 0
3.796835751090798 1.14429732969001 0
1.388212154630007 1.144419028627533 0
1.385850700671191 1.11291860805876 0
1.359565089491864 1.096284813207327 0
1.383489246712376 1.081418187489988 0
1.335640932271352 1.111151438924666 0
0.7031394805870512 1.063196595055074 0
0.6814552780662364 1.077149128965408 0
0.6835750169202228 1.108446906888648 0
0.6597710755454225 1.091101662875741 0
0.7073789582950223 1.125792150901555 0
0.8530263591087852 1.168674674782891 0
0.8163617831205521 1.173826285087453 0
0.8132311411273943 1.206017472263795 0
0.779697207132318 1.178977895392015 0
0.8467650751224713 1.233057049135575 0
7.14756514726159 1.661681628522966 0
7.365769476134673 1.649252918335997 0
7.270924076269629 1.803440380251516 0
2.690401166632706 2.198600769059564 0
2.755767499591034 2.357122990333804 0
2.601966419397843 2.297091952566739 0
2.014862106625609 1.009969334843512 0
1.9915888044345 1.000769046590142 0
1.969713593295518 1.013467734709298 0
1.96831550224339 0.9915687583367712 0
1.971111684347646 1.035366711081824 0
8.959234155287682 0.4112983640501495 0
9.026424943417171 0.5875973442181408 0
8.814753186363561 0.6462977479323084 0
3.203410038731941 0.9816532483787912 0
3.102329770058569 0.9618237033404604 0
3.304490307405313 1.001482793417122 0
3.248625396554137 1.091239084484328 0
3.192760485702961 1.180995375551535 0
2.436758817012563 0.8316677268897874 0
2.444897280698602 0.8644828655641521 0
2.4154132181554 0.8494452343655272 0
1.814238350902381 1.093575790246624 0
1.83355738951371 1.128161726136399 0
1.858864412189051 1.134672945550619 0
1.852876428125038 1.162747662026173 0
1.864852396253065 1.106598229075066 0
2.665637684379598 0.2912897100118919 0
2.683168430406887 0.2790471633300813 0
2.690851077035817 0.2985640062616319 0
8.724592292687376 3.459877004173292 0
8.753640187118268 3.26946523653567 0
8.917851387481093 3.390540812221118 0
2.017872474981059 1.323301659876368 0
1.974364578526657 1.309183966490219 0
1.951997985017753 1.350606538430494 0
1.930856682072255 1.295066273104071 0
1.973139287963252 1.406146803756917 0
1.294500138801145 1.366746582759018 0
1.3455189995894 1.364983305558989 0
1.329736297886141 1.420499946975422 0
9.076091469402996 4.318912991626148 0
8.882958231627525 4.180114668925756 0
8.684231446465864 4.224209405987247 0
8.689824993852053 4.041316346225365 0
8.678637899079675 4.407102465749128 0
2.849979625030547 0.2672125282968172 0
2.886981798583532 0.275029290839965 0
2.86325055052233 0.3003046210984035 0
2.923983972136519 0.2828460533831127 0
2.876521476014114 0.3333967138999898 0
2.207561283897617 1.170491227089955 0
2.249835759566706 1.165892400155411 0
2.267117474935464 1.135968892593457 0
2.292110235235797 1.161293573220868 0
2.242124714635132 1.110644211966047 0
2.111959380659798 1.071565004948835 0
2.085252905373805 1.058407857042388 0
2.053649067125044 1.080073623641076 0
2.058546430087813 1.04525070913594 0
2.048751704162274 1.114896538146212 0
2.022045228876283 1.101739390239764 0
2.031839954801821 1.032093561229492 0
1.649529555443824 1.230846882952622 0
1.664792620816406 1.182998389693122 0
1.634266490071241 1.278695376212123 0
1.612468223799305 1.237918969728895 0
1.59066995752737 1.197142563245668 0
1.520139324785502 1.112678089979082 0
1.496518043466239 1.132399820024292 0
1.507674477165355 1.162912006705244 0
1.472896762146976 1.152121550069501 0
1.542452192183735 1.173702463340988 0
1.518830910864472 1.193424193386197 0
1.449275480827713 1.17184328011471 0
0.1581123467794932 1.987392638870669 0
0.2404814513929026 1.940631863895895 0
0.2338555889455769 2.045063541025595 0
0.9428878732414567 1.122903329807682 0
0.958339615001 1.152647859301787 0
0.9191281631147996 1.137344892238673 0
0.9737913567605432 1.182392388795891 0
0.8953684529881425 1.151786454669663 0
1.675274846945769 2.966753173015224 0
1.675302659640979 3.149933606717922 0
1.528229696940327 3.024922129410471 0
0.240863267135607 1.533243214700185 0
0.1880318796282081 1.577228957897144 0
0.2175695967342186 1.66262769026089 0
0.1352004921208092 1.621214701094104 0
0.2999387013476289 1.704040679427677 0
2.55894480518404 0.670366492721117 0
2.535689589305398 0.6799445233406149 0
2.53241111186151 0.655567616266076 0
2.761155380640527 0.3632562025028978 0
2.793416158548513 0.371585427181774 0
2.766302867052101 0.3928280348839968 0
2.8256769364565 0.3799146518606507 0
2.771450353463675 0.4223998672650957 0
1.756510768256775 1.030112620832705 0
1.76054098109253 1.054785630361358 0
1.736180846793776 1.047179699418966 0
1.764571193928285 1.079458639890011 0
1.715850925330776 1.064246778005227 0
0.03670780418767805 0.101145445493092 0
0.05408668377501691 0.0945672605221759 0
0.05603672878801724 0.1135845582794328 0
0.07146556336235577 0.08798907555125979 0
0.07536565338835732 0.1260236710657736 0
3.374424276896185 0.3566981429901155 0
3.466022553226253 0.392179524710734 0
3.376377489581399 0.4320774019067231 0
2.218031295609654 0.8998268981351374 0
2.240238262211108 0.9066760282615491 0
2.222265898515357 0.924926770690043 0
1.598898944215274 1.038258336691514 0
1.577362750989319 1.054952640164007 0
1.581134031214386 1.077822287447363 0
1.555826557763363 1.0716469436365 0
1.60644150466541 1.083997631258226 0
1.584905311439455 1.100691934730719 0
1.534290364537408 1.088341247108993 0
4.400330798784514 0.2203341138324579 0
4.457350579581114 0.3542611383349117 0
4.326195937970095 0.3067412031624621 0
2.152769443519135 1.220780822972955 0
2.109486517865299 1.204817715496203 0
2.146996642875023 1.184451627175156 0
2.071976392855575 1.225183803817249 0
2.066203592211462 1.188854608019451 0
2.077749193499687 1.261512999615047 0
2.06043079156735 1.152525412221652 0
1.671171289496636 1.069197454932522 0
1.647080507736182 1.058884415518852 0
1.626761006200796 1.071441023388539 0
1.622989725975728 1.048571376105183 0
1.630532286425864 1.094310670671895 0
0.09410353181749542 0.1125012211425922 0
0.0921534868044942 0.09348392338533529 0
0.1128414102466326 0.09897877121941079 0
0.1968028226784497 0.1910278950896895 0
0.2134172674290582 0.1821300051335495 0
0.218301122892024 0.2007141644395558 0
2.401379670609366 1.062384380411026 0
2.436208904174137 1.084569710166988 0
2.398988681996241 1.109657839163916 0
2.471038137738907 1.106755039922949 0
2.396597693383115 1.156931297916806 0
2.100603127046294 2.361356012026621 0
1.966243525117847 2.458818933179229 0
1.975835264051246 2.289697004593786 0
2.859707233199537 0.3964842743890307 0
2.832593941703125 0.4177268820912525 0
2.839510946949751 0.4555391123218548 0
2.805480650206713 0.4389694897934753 0
2.873541243692789 0.4721087348502344 0
2.90334575443961 0.3633872887188407 0
2.910262759686236 0.4011995189494426 0
2.960818286172934 0.4059147635098554 0
2.917179764932861 0.4390117491800449 0
3.004456807413006 0.372817777839666 0
3.011373812659632 0.4106300080702678 0
2.924096770179487 0.4768239794106468 0
1.3854268657961 1.967413713920829 0
1.296190955031043 1.956890759357097 0
1.24759485130819 2.074559059649125 0
1.206955044265986 1.946367804793365 0
1.288234658350394 2.202750314504885 0
1.198998747585337 2.192227359941153 0
1.117719133500929 1.935844850229633 0
2.319840871092913 0.8512110629616412 0
2.298799380031233 0.8619833892908475 0
2.296139676492472 0.8394646889514343 0
2.566645684374663 0.8682435690362857 0
2.581915432760111 0.9008623250514454 0
2.543693641354206 0.8938138431749576 0
2.597185181145559 0.933481081066605 0
2.520741598333748 0.9193841173136295 0
1.483508894913988 1.219296377616343 0
1.448186878963504 1.24516856184649 0
1.448731179895609 1.2085059209806 0
1.41286486301302 1.271040746076637 0
1.413953464877229 1.197715464344856 0
2.155242306313633 1.087528112425587 0
2.123638468064872 1.109193879024275 0
2.135317555469948 1.146822753099716 0
2.092034629816111 1.130859645622964 0
2.178600481123784 1.162785860576468 0
2.166509325042088 1.271260126464562 0
2.180249206565042 1.321739429956169 0
2.128999200032364 1.291626214785608 0
2.193989088087996 1.372218733447776 0
2.091489075022641 1.311992303106654 0
2.745358721554414 0.9194150243393109 0
2.75575416189301 0.9886905053855972 0
2.712173285332963 0.9495450308893338 0
0.0721962756590262 1.156819155091126 0
0.08305512539277249 1.18952336181555 0
0.05175046701726593 1.177168563745926 0
1.247337646643744 0.7031282178659282 0
1.228656107356871 0.7153269592314744 0
1.224287197914537 0.694559365419539 0
3.040483786697389 1.023042101763767 0
3.085699144519585 1.132627937869304 0
2.978637803336209 1.084260500187072 0
1.545446798236525 1.118853433789946 0
1.570754271687548 1.125028777600809 0
1.556603231935641 1.149365620470898 0
1.596061745138571 1.131204121411672 0
1.567759665634758 1.179877807151851 0
9.637534984300572 3.929274612629762 0
9.456239547941736 3.997979176270926 0
9.45636540495998 3.789844661618359 0
2.700139038886978 1.752018207527296 0
2.650270931881566 1.664378418630093 0
2.736676603870125 1.650088839673645 0
2.205006481090767 1.016793678525281 0
2.192286908021122 0.9886828488426187 0
2.217726054160412 1.044904508207944 0
2.188765251386579 1.037199141694457 0
2.230445627230057 1.073015337890606 0
2.172524021682391 1.057604604863633 0
2.159804448612746 1.029493775180971 0
2.44949552170843 1.19368221586721 0
2.486715743886326 1.168594086870281 0
2.502393350033744 1.230433133817614 0
1.742801849986756 1.101674072911123 0
1.721032506045227 1.123889505932234 0
1.718441715688002 1.094068141968731 0
1.699263162103699 1.146104938953346 0
1.694081581389248 1.086462211026338 0
2.00506738070007 1.079615163853784 0
1.988089532523858 1.057490937467804 0
2.00996474366284 1.044792249348648 0
2.991113223104663 0.1747315317213709 0
2.962991415845417 0.1986702991964275 0
2.950145804233868 0.1637086427432379 0
2.475293454130306 1.412851588684594 0
2.461050546225585 1.478352866178091 0
2.393861031658855 1.431178801160341 0
2.446807638320865 1.543854143671588 0
2.312428609187404 1.449506013636088 0
2.565398027986894 0.9687654180623366 0
2.533610874828229 1.004049755058068 0
2.527176236580988 0.9617169361858489 0
0.5179014932532766 3.897386736648639 0
0.49709871723784 4.094878567489348 0
0.3383334034970389 4.013140042453768 0
2.146031181569612 0.9716143111510194 0
2.169159044795367 0.9801485799968193 0
2.152917815091179 1.000554043165995 0
1.740959110702071 1.460589453979488 0
1.81845186157301 1.480651728915073 0
1.76362377956261 1.53379635706854 0
1.604820997279276 1.172805720375578 0
1.618972037031183 1.148468877505489 0
1.641882328923795 1.165733633599305 0
1.63312307678309 1.124132034635399 0
1.678943660568312 1.158661546823033 0
0.7241150924589892 1.071853306349737 0
0.7450907043309254 1.0805100176444 0
0.7262348313129738 1.103151084272978 0
1.184517728790747 1.107849765428199 0
1.169124176023251 1.086491745597498 0
1.190673961365081 1.074783556027186 0
0.3654084382894673 1.572035948336057 0
0.3326735698185486 1.638038313881867 0
0.3031358527125381 1.552639581518121 0
0.9978124824129173 1.871558271422014 0
0.9160775467252567 1.837906970319305 0
0.8368107026794505 1.901811646367446 0
0.8343426110375951 1.804255669216596 0
0.839278794321304 1.999367623518296 0
1.38646995374008 1.246109198071313 0
1.36007504446714 1.221177650065989 0
1.387014254672185 1.209446557205422 0
1.333680135194201 1.196246102060665 0
1.38755855560429 1.172783916339532 0
3.786021590863727 3.500899861288755 0
3.742118688707235 3.312369781498233 0
3.559660565055765 3.280576271181963 0
3.698215786550742 3.12383970170771 0
3.421105343560788 3.437312840656217 0
8.938682342120668 4.681503864343819 0
8.808660120600171 4.544303165046474 0
9.007386905761832 4.500208427984983 0
2.927077002500812 0.3381119584604022 0
2.950808250562015 0.3128366282019637 0
2.977632528987511 0.3428272030208146 0
2.184203109087466 1.095233478939074 0
2.213163911861299 1.10293884545256 0
2.195882196492541 1.132862353014514 0
3.575425600613513 3.829233865499279 0
3.498265472087151 3.633273353077748 0
3.68072359573862 3.665066863394017 0
0.2934743313886248 2.395380820814977 0
0.3597189362790001 2.51916642249899 0
0.217731089222541 2.459809919635719 0
2.296290951422175 1.53600521122433 0
2.363480465988905 1.58317927624208 0
2.280153293656945 1.622504408812572 0
1.676352870211087 1.128840182859529 0
1.653442578318475 1.111575426765712 0
1.673762079853861 1.099018818896025 0
1.079092096497326 2.127940781133534 0
0.9591854454093154 2.063654202325915 0
1.038452289455122 1.999749526277774 0
1.91370385427561 1.05820123527108 0
1.898934590705545 1.074462247593157 0
1.89294049891262 1.052076059019103 0
1.884165327135482 1.090723259915233 0
1.87217714354963 1.045950882767125 0
1.852864212667214 1.061825851926958 0
1.858858304460139 1.084212040501012 0
1.833551281784797 1.077700821086791 0
2.919554426714582 0.5265480306057999 0
2.923505827857529 0.5705279121739077 0
2.962602005632696 0.5871549776988711 0
2.927457229000475 0.6145077937420154 0
2.997746782264918 0.5598021616557267 0
3.006831469194728 0.4603540592654207 0
3.002289125729822 0.5100781104605736 0
2.963192947954655 0.4934510449356102 0
3.990141905461998 0.4772300244769463 0
3.97778751096521 0.5982980236550393 0
3.871731769876127 0.4877636924557827 0
1.361272944424963 1.156150121488099 0
1.334333734219918 1.167881214348665 0
1.334987333245635 1.139516326636666 0
1.307394524014874 1.179612307209232 0
1.308701722066308 1.122882531785233 0
1.27980165403928 1.139821619431902 0
1.279148055013563 1.168186507143902 0
1.250901586012251 1.156760707078572 0
1.598744951031422 2.066999041394182 0
1.443489804690908 2.134874677949534 0
1.492085908413761 2.017206377657506 0
0.9314492628811859 1.199280608909119 0
0.8891071690018286 1.216168829022347 0
0.8922378109949856 1.183977641846005 0
2.120372488046415 1.38352809021749 0
2.046755888004833 1.394837446987203 0
2.069122481513737 1.353414875046929 0
$EndNodes
$Elements
6 15464 1 15464
1 1 1 72
1 2 6 
2 6 7 
3 7 8 
4 8 9 
5 9 10 
6 10 11 
7 11 12 
8 12 13 
9 13 14 
10 14 15 
11 15 16 
12 16 17 
13 17 18 
14 18 19 
15 19 20 
16 20 21 
17 21 22 
18 22 23 
19 23 24 
20 24 25 
21 25 26 
22 26 27 
23 27 28 
24 28 29 
25 29 30 
26 30 31 
27 31 32 
28 32 33 
29 33 34 
30 34 35 
31 35 36 
32 36 37 
33 37 38 
34 38 39 
35 39 40 
36 40 41 
37 41 42 
38 42 43 
39 43 44 
40 44 45 
41 45 46 
42 46 47 
43 47 48 
44 48 49 
45 49 50 
46 50 51 
47 51 52 
48 52 53 
49 53 54 
50 54 55 
51 55 56 
52 56 57 
53 57 58 
54 58 59 
55 59 60 
56 60 61 
57 61 62 
58 62 63 
59 63 64 
60 64 65 
61 65 66 
62 66 67 
63 67 68 
64 68 69 
65 69 70 
66 70 71 
67 71 72 
68 72 73 
69 73 74 
70 74 75 
71 75 76 
72 76 1 
1 2 1 88
73 1 77 
74 77 78 
75 78 79 
76 79 80 
77 80 81 
78 81 82 
79 82 83 
80 83 84 
81 84 85 
82 85 86 
83 86 87 
84 87 88 
85 88 89 
86 89 90 
87 90 91 
88 91 92 
89 92 93 
90 93 94 
91 94 95 
92 95 96 
93 96 97 
94 97 98 
95 98 99 
96 99 100 
97 100 101 
98 101 102 
99 102 103 
100 103 104 
101 104 105 
102 105 106 
103 106 107 
104 107 108 
105 108 109 
106 109 110 
107 110 111 
108 111 112 
109 112 113 
110 113 114 
111 114 115 
112 115 116 
113 116 117 
114 117 118 
115 118 119 
116 119 120 
117 120 121 
118 121 122 
119 122 123 
120 123 124 
121 124 125 
122 125 126 
123 126 127 
124 127 128 
125 128 129 
126 129 130 
127 130 131 
128 131 132 
129 132 133 
130 133 134 
131 134 135 
132 135 136 
133 136 137 
134 137 138 
135 138 139 
136 139 140 
137 140 141 
138 141 142 
139 142 143 
140 143 144 
141 144 145 
142 145 146 
143 146 147 
144 147 148 
145 148 149 
146 149 150 
147 150 151 
148 151 152 
149 152 153 
150 153 154 
151 154 155 
152 155 156 
153 156 157 
154 157 158 
155 158 159 
156 159 160 
157 160 161 
158 161 162 
159 162 163 
160 163 3 
1 3 1 20
161 3 164 
162 164 165 
163 165 166 
164 166 167 
165 167 168 
166 168 169 
167 169 170 
168 170 171 
169 171 172 
170 172 173 
171 173 174 
172 174 175 
173 175 176 
174 176 177 
175 177 178 
176 178 179 
177 179 180 
178 180 181 
179 181 182 
180 182 4 
1 4 1 40
181 4 183 
182 183 184 
183 184 185 
184 185 186 
185 186 187 
186 187 188 
187 188 189 
188 189 190 
189 190 191 
190 191 192 
191 192 193 
192 193 194 
193 194 195 
194 195 196 
195 196 197 
196 197 198 
197 198 199 
198 199 200 
199 200 201 
200 201 202 
201 202 203 
202 203 204 
203 204 205 
204 205 206 
205 206 207 
206 207 208 
207 208 209 
208 209 210 
209 210 211 
210 211 212 
211 212 213 
212 213 214 
213 214 215 
214 215 216 
215 216 217 
216 217 218 
217 218 219 
218 219 220 
219 220 221 
220 221 5 
1 5 1 76
221 5 222 
222 222 223 
223 223 224 
224 224 225 
225 225 226 
226 226 227 
227 227 228 
228 228 229 
229 229 230 
230 230 231 
231 231 232 
232 232 233 
233 233 234 
234 234 235 
235 235 236 
236 236 237 
237 237 238 
238 238 239 
239 239 240 
240 240 241 
241 241 242 
242 242 243 
243 243 244 
244 244 245 
245 245 246 
246 246 247 
247 247 248 
248 248 249 
249 249 250 
250 250 251 
251 251 252 
252 252 253 
253 253 254 
254 254 255 
255 255 256 
256 256 257 
257 257 258 
258 258 259 
259 259 260 
260 260 261 
261 261 262 
262 262 263 
263 263 264 
264 264 265 
265 265 266 
266 266 267 
267 267 268 
268 268 269 
269 269 270 
270 270 271 
271 271 272 
272 272 273 
273 273 274 
274 274 275 
275 275 276 
276 276 277 
277 277 278 
278 278 279 
279 279 280 
280 280 281 
281 281 282 
282 282 283 
283 283 284 
284 284 285 
285 285 286 
286 286 287 
287 287 288 
288 288 289 
289 289 290 
290 290 291 
291 291 292 
292 292 293 
293 293 294 
294 294 295 
295 295 296 
296 296 2 
2 1 2 15168
297 426 2120 2122 
298 2120 2121 2122 
299 2120 735 2121 
300 2122 2121 737 
301 735 2123 2121 
302 2123 2124 2121 
303 2123 736 2124 
304 2121 2124 737 
305 735 2125 2123 
306 2125 2126 2123 
307 2125 660 2126 
308 2123 2126 736 
309 737 2124 2128 
310 2124 2127 2128 
311 2124 736 2127 
312 2128 2127 424 
313 495 2129 2131 
314 2129 2130 2131 
315 2129 738 2130 
316 2131 2130 740 
317 738 2132 2130 
318 2132 2133 2130 
319 2132 739 2133 
320 2130 2133 740 
321 738 2134 2132 
322 2134 2135 2132 
323 2134 578 2135 
324 2132 2135 739 
325 740 2133 2137 
326 2133 2136 2137 
327 2133 739 2136 
328 2137 2136 526 
329 521 2138 2140 
330 2138 2139 2140 
331 2138 741 2139 
332 2140 2139 743 
333 741 2141 2139 
334 2141 2142 2139 
335 2141 742 2142 
336 2139 2142 743 
337 741 2143 2141 
338 2143 2144 2141 
339 2143 523 2144 
340 2141 2144 742 
341 743 2142 2146 
342 2142 2145 2146 
343 2142 742 2145 
344 2146 2145 318 
345 547 2147 2149 
346 2147 2148 2149 
347 2147 744 2148 
348 2149 2148 746 
349 744 2150 2148 
350 2150 2151 2148 
351 2150 745 2151 
352 2148 2151 746 
353 744 2152 2150 
354 2152 2153 2150 
355 2152 548 2153 
356 2150 2153 745 
357 746 2151 2155 
358 2151 2154 2155 
359 2151 745 2154 
360 2155 2154 300 
361 353 2156 2158 
362 2156 2157 2158 
363 2156 747 2157 
364 2158 2157 749 
365 747 2159 2157 
366 2159 2160 2157 
367 2159 748 2160 
368 2157 2160 749 
369 747 2161 2159 
370 2161 2162 2159 
371 2161 549 2162 
372 2159 2162 748 
373 749 2160 2164 
374 2160 2163 2164 
375 2160 748 2163 
376 2164 2163 354 
377 451 2165 2167 
378 2165 2166 2167 
379 2165 750 2166 
380 2167 2166 752 
381 750 2168 2166 
382 2168 2169 2166 
383 2168 751 2169 
384 2166 2169 752 
385 750 2170 2168 
386 2170 2171 2168 
387 2170 702 2171 
388 2168 2171 751 
389 752 2169 2173 
390 2169 2172 2173 
391 2169 751 2172 
392 2173 2172 505 
393 512 2174 2176 
394 2174 2175 2176 
395 2174 753 2175 
396 2176 2175 755 
397 753 2177 2175 
398 2177 2178 2175 
399 2177 754 2178 
400 2175 2178 755 
401 753 2179 2177 
402 2179 2180 2177 
403 2179 648 2180 
404 2177 2180 754 
405 755 2178 2182 
406 2178 2181 2182 
407 2178 754 2181 
408 2182 2181 515 
409 318 2183 2146 
410 2183 2184 2146 
411 2183 756 2184 
412 2146 2184 743 
413 756 2185 2184 
414 2185 2186 2184 
415 2185 757 2186 
416 2184 2186 743 
417 756 2187 2185 
418 2187 2188 2185 
419 2187 525 2188 
420 2185 2188 757 
421 743 2186 2140 
422 2186 2189 2140 
423 2186 757 2189 
424 2140 2189 521 
425 544 2190 2192 
426 2190 2191 2192 
427 2190 758 2191 
428 2192 2191 760 
429 758 2193 2191 
430 2193 2194 2191 
431 2193 759 2194 
432 2191 2194 760 
433 758 2195 2193 
434 2195 2196 2193 
435 2195 677 2196 
436 2193 2196 759 
437 760 2194 2198 
438 2194 2197 2198 
439 2194 759 2197 
440 2198 2197 623 
441 314 2199 2201 
442 2199 2200 2201 
443 2199 761 2200 
444 2201 2200 763 
445 761 2202 2200 
446 2202 2203 2200 
447 2202 762 2203 
448 2200 2203 763 
449 761 2204 2202 
450 2204 2205 2202 
451 2204 622 2205 
452 2202 2205 762 
453 763 2203 2207 
454 2203 2206 2207 
455 2203 762 2206 
456 2207 2206 599 
457 406 2208 2210 
458 2208 2209 2210 
459 2208 764 2209 
460 2210 2209 765 
461 764 2211 2209 
462 2211 2212 2209 
463 2211 744 2212 
464 2209 2212 765 
465 764 2213 2211 
466 2213 2152 2211 
467 2213 548 2152 
468 2211 2152 744 
469 765 2212 2214 
470 2212 2147 2214 
471 2212 744 2147 
472 2214 2147 547 
473 198 2215 197 
474 2215 2216 197 
475 2215 766 2216 
476 197 2216 196 
477 766 2217 2216 
478 2217 2218 2216 
479 2217 767 2218 
480 2216 2218 196 
481 766 2219 2217 
482 2219 2220 2217 
483 2219 525 2220 
484 2217 2220 767 
485 196 2218 195 
486 2218 2221 195 
487 2218 767 2221 
488 195 2221 194 
489 406 2222 2208 
490 2222 2223 2208 
491 2222 768 2223 
492 2208 2223 764 
493 768 2224 2223 
494 2224 2225 2223 
495 2224 769 2225 
496 2223 2225 764 
497 768 2226 2224 
498 2226 2227 2224 
499 2226 549 2227 
500 2224 2227 769 
501 764 2225 2213 
502 2225 2228 2213 
503 2225 769 2228 
504 2213 2228 548 
505 509 2229 2231 
506 2229 2230 2231 
507 2229 770 2230 
508 2231 2230 772 
509 770 2232 2230 
510 2232 2233 2230 
511 2232 771 2233 
512 2230 2233 772 
513 770 2234 2232 
514 2234 2235 2232 
515 2234 606 2235 
516 2232 2235 771 
517 772 2233 2237 
518 2233 2236 2237 
519 2233 771 2236 
520 2237 2236 349 
521 194 2221 2239 
522 2221 2238 2239 
523 2221 767 2238 
524 2239 2238 773 
525 767 2240 2238 
526 2240 2241 2238 
527 2240 756 2241 
528 2238 2241 773 
529 767 2220 2240 
530 2220 2187 2240 
531 2220 525 2187 
532 2240 2187 756 
533 773 2241 2242 
534 2241 2183 2242 
535 2241 756 2183 
536 2242 2183 318 
537 519 2243 2245 
538 2243 2244 2245 
539 2243 774 2244 
540 2245 2244 776 
541 774 2246 2244 
542 2246 2247 2244 
543 2246 775 2247 
544 2244 2247 776 
545 774 2248 2246 
546 2248 2249 2246 
547 2248 655 2249 
548 2246 2249 775 
549 776 2247 2251 
550 2247 2250 2251 
551 2247 775 2250 
552 2251 2250 518 
553 546 2252 2254 
554 2252 2253 2254 
555 2252 777 2253 
556 2254 2253 778 
557 777 2255 2253 
558 2255 2256 2253 
559 2255 758 2256 
560 2253 2256 778 
561 777 2257 2255 
562 2257 2195 2255 
563 2257 677 2195 
564 2255 2195 758 
565 778 2256 2258 
566 2256 2190 2258 
567 2256 758 2190 
568 2258 2190 544 
569 477 2259 2261 
570 2259 2260 2261 
571 2259 779 2260 
572 2261 2260 780 
573 779 2262 2260 
574 2262 2263 2260 
575 2262 738 2263 
576 2260 2263 780 
577 779 2264 2262 
578 2264 2134 2262 
579 2264 578 2134 
580 2262 2134 738 
581 780 2263 2265 
582 2263 2129 2265 
583 2263 738 2129 
584 2265 2129 495 
585 507 2266 2268 
586 2266 2267 2268 
587 2266 781 2267 
588 2268 2267 783 
589 781 2269 2267 
590 2269 2270 2267 
591 2269 782 2270 
592 2267 2270 783 
593 781 2271 2269 
594 2271 2272 2269 
595 2271 625 2272 
596 2269 2272 782 
597 783 2270 2274 
598 2270 2273 2274 
599 2270 782 2273 
600 2274 2273 299 
601 546 2275 2277 
602 2275 2276 2277 
603 2275 784 2276 
604 2277 2276 785 
605 784 2278 2276 
606 2278 2279 2276 
607 2278 746 2279 
608 2276 2279 785 
609 784 2280 2278 
610 2280 2149 2278 
611 2280 547 2149 
612 2278 2149 746 
613 785 2279 2281 
614 2279 2155 2281 
615 2279 746 2155 
616 2281 2155 300 
617 615 2282 2284 
618 2282 2283 2284 
619 2282 786 2283 
620 2284 2283 788 
621 786 2285 2283 
622 2285 2286 2283 
623 2285 787 2286 
624 2283 2286 788 
625 786 2287 2285 
626 2287 2288 2285 
627 2287 664 2288 
628 2285 2288 787 
629 788 2286 2290 
630 2286 2289 2290 
631 2286 787 2289 
632 2290 2289 560 
633 501 2291 2293 
634 2291 2292 2293 
635 2291 789 2292 
636 2293 2292 791 
637 789 2294 2292 
638 2294 2295 2292 
639 2294 790 2295 
640 2292 2295 791 
641 789 2296 2294 
642 2296 2297 2294 
643 2296 647 2297 
644 2294 2297 790 
645 791 2295 2299 
646 2295 2298 2299 
647 2295 790 2298 
648 2299 2298 624 
649 311 2300 2302 
650 2300 2301 2302 
651 2300 792 2301 
652 2302 2301 794 
653 792 2303 2301 
654 2303 2304 2301 
655 2303 793 2304 
656 2301 2304 794 
657 792 2305 2303 
658 2305 2306 2303 
659 2305 603 2306 
660 2303 2306 793 
661 794 2304 2308 
662 2304 2307 2308 
663 2304 793 2307 
664 2308 2307 281 
665 599 2309 2207 
666 2309 2310 2207 
667 2309 795 2310 
668 2207 2310 763 
669 795 2311 2310 
670 2311 2312 2310 
671 2311 796 2312 
672 2310 2312 763 
673 795 2313 2311 
674 2313 2314 2311 
675 2313 673 2314 
676 2311 2314 796 
677 763 2312 2201 
678 2312 2315 2201 
679 2312 796 2315 
680 2201 2315 314 
681 509 2316 2318 
682 2316 2317 2318 
683 2316 797 2317 
684 2318 2317 798 
685 797 2319 2317 
686 2319 2320 2317 
687 2319 786 2320 
688 2317 2320 798 
689 797 2321 2319 
690 2321 2287 2319 
691 2321 664 2287 
692 2319 2287 786 
693 798 2320 2322 
694 2320 2282 2322 
695 2320 786 2282 
696 2322 2282 615 
697 281 2307 280 
698 2307 2323 280 
699 2307 793 2323 
700 280 2323 279 
701 793 2324 2323 
702 2324 2325 2323 
703 2324 799 2325 
704 2323 2325 279 
705 793 2306 2324 
706 2306 2326 2324 
707 2306 603 2326 
708 2324 2326 799 
709 279 2325 278 
710 2325 2327 278 
711 2325 799 2327 
712 278 2327 277 
713 518 2250 2329 
714 2250 2328 2329 
715 2250 775 2328 
716 2329 2328 801 
717 775 2330 2328 
718 2330 2331 2328 
719 2330 800 2331 
720 2328 2331 801 
721 775 2249 2330 
722 2249 2332 2330 
723 2249 655 2332 
724 2330 2332 800 
725 801 2331 2334 
726 2331 2333 2334 
727 2331 800 2333 
728 2334 2333 319 
729 508 2335 2337 
730 2335 2336 2337 
731 2335 802 2336 
732 2337 2336 803 
733 802 2338 2336 
734 2338 2339 2336 
735 2338 770 2339 
736 2336 2339 803 
737 802 2340 2338 
738 2340 2234 2338 
739 2340 606 2234 
740 2338 2234 770 
741 803 2339 2341 
742 2339 2229 2341 
743 2339 770 2229 
744 2341 2229 509 
745 515 2181 2343 
746 2181 2342 2343 
747 2181 754 2342 
748 2343 2342 805 
749 754 2344 2342 
750 2344 2345 2342 
751 2344 804 2345 
752 2342 2345 805 
753 754 2180 2344 
754 2180 2346 2344 
755 2180 648 2346 
756 2344 2346 804 
757 805 2345 2348 
758 2345 2347 2348 
759 2345 804 2347 
760 2348 2347 538 
761 598 2349 2351 
762 2349 2350 2351 
763 2349 806 2350 
764 2351 2350 808 
765 806 2352 2350 
766 2352 2353 2350 
767 2352 807 2353 
768 2350 2353 808 
769 806 2354 2352 
770 2354 2355 2352 
771 2354 692 2355 
772 2352 2355 807 
773 808 2353 2357 
774 2353 2356 2357 
775 2353 807 2356 
776 2357 2356 672 
777 316 2358 2360 
778 2358 2359 2360 
779 2358 809 2359 
780 2360 2359 811 
781 809 2361 2359 
782 2361 2362 2359 
783 2361 810 2362 
784 2359 2362 811 
785 809 2363 2361 
786 2363 2364 2361 
787 2363 581 2364 
788 2361 2364 810 
789 811 2362 2366 
790 2362 2365 2366 
791 2362 810 2365 
792 2366 2365 580 
793 429 2367 2369 
794 2367 2368 2369 
795 2367 812 2368 
796 2369 2368 814 
797 812 2370 2368 
798 2370 2371 2368 
799 2370 813 2371 
800 2368 2371 814 
801 812 2372 2370 
802 2372 2373 2370 
803 2372 695 2373 
804 2370 2373 813 
805 814 2371 2375 
806 2371 2374 2375 
807 2371 813 2374 
808 2375 2374 681 
809 633 2376 2378 
810 2376 2377 2378 
811 2376 815 2377 
812 2378 2377 817 
813 815 2379 2377 
814 2379 2380 2377 
815 2379 816 2380 
816 2377 2380 817 
817 815 2381 2379 
818 2381 2382 2379 
819 2381 634 2382 
820 2379 2382 816 
821 817 2380 2384 
822 2380 2383 2384 
823 2380 816 2383 
824 2384 2383 417 
825 672 2356 2386 
826 2356 2385 2386 
827 2356 807 2385 
828 2386 2385 819 
829 807 2387 2385 
830 2387 2388 2385 
831 2387 818 2388 
832 2385 2388 819 
833 807 2355 2387 
834 2355 2389 2387 
835 2355 692 2389 
836 2387 2389 818 
837 819 2388 2391 
838 2388 2390 2391 
839 2388 818 2390 
840 2391 2390 305 
841 423 2392 2394 
842 2392 2393 2394 
843 2392 820 2393 
844 2394 2393 822 
845 820 2395 2393 
846 2395 2396 2393 
847 2395 821 2396 
848 2393 2396 822 
849 820 2397 2395 
850 2397 2398 2395 
851 2397 648 2398 
852 2395 2398 821 
853 822 2396 2400 
854 2396 2399 2400 
855 2396 821 2399 
856 2400 2399 425 
857 501 2401 2403 
858 2401 2402 2403 
859 2401 823 2402 
860 2403 2402 824 
861 823 2404 2402 
862 2404 2405 2402 
863 2404 747 2405 
864 2402 2405 824 
865 823 2406 2404 
866 2406 2161 2404 
867 2406 549 2161 
868 2404 2161 747 
869 824 2405 2407 
870 2405 2156 2407 
871 2405 747 2156 
872 2407 2156 353 
873 354 2163 2409 
874 2163 2408 2409 
875 2163 748 2408 
876 2409 2408 825 
877 748 2410 2408 
878 2410 2411 2408 
879 2410 768 2411 
880 2408 2411 825 
881 748 2162 2410 
882 2162 2226 2410 
883 2162 549 2226 
884 2410 2226 768 
885 825 2411 2412 
886 2411 2222 2412 
887 2411 768 2222 
888 2412 2222 406 
889 548 2413 2415 
890 2413 2414 2415 
891 2413 826 2414 
892 2415 2414 828 
893 826 2416 2414 
894 2416 2417 2414 
895 2416 827 2417 
896 2414 2417 828 
897 826 2418 2416 
898 2418 2419 2416 
899 2418 706 2419 
900 2416 2419 827 
901 828 2417 2421 
902 2417 2420 2421 
903 2417 827 2420 
904 2421 2420 315 
905 523 2422 2144 
906 2422 2423 2144 
907 2422 829 2423 
908 2144 2423 742 
909 829 2424 2423 
910 2424 2425 2423 
911 2424 830 2425 
912 2423 2425 742 
913 829 2426 2424 
914 2426 2427 2424 
915 2426 524 2427 
916 2424 2427 830 
917 742 2425 2145 
918 2425 2428 2145 
919 2425 830 2428 
920 2145 2428 318 
921 634 2429 2382 
922 2429 2430 2382 
923 2429 831 2430 
924 2382 2430 816 
925 831 2431 2430 
926 2431 2432 2430 
927 2431 832 2432 
928 2430 2432 816 
929 831 2433 2431 
930 2433 2434 2431 
931 2433 635 2434 
932 2431 2434 832 
933 816 2432 2383 
934 2432 2435 2383 
935 2432 832 2435 
936 2383 2435 417 
937 532 2436 2438 
938 2436 2437 2438 
939 2436 833 2437 
940 2438 2437 834 
941 833 2439 2437 
942 2439 2440 2437 
943 2439 809 2440 
944 2437 2440 834 
945 833 2441 2439 
946 2441 2363 2439 
947 2441 581 2363 
948 2439 2363 809 
949 834 2440 2442 
950 2440 2358 2442 
951 2440 809 2358 
952 2442 2358 316 
953 427 2443 2445 
954 2443 2444 2445 
955 2443 835 2444 
956 2445 2444 837 
957 835 2446 2444 
958 2446 2447 2444 
959 2446 836 2447 
960 2444 2447 837 
961 835 2448 2446 
962 2448 2449 2446 
963 2448 671 2449 
964 2446 2449 836 
965 837 2447 2451 
966 2447 2450 2451 
967 2447 836 2450 
968 2451 2450 429 
969 429 2369 2453 
970 2369 2452 2453 
971 2369 814 2452 
972 2453 2452 839 
973 814 2454 2452 
974 2454 2455 2452 
975 2454 838 2455 
976 2452 2455 839 
977 814 2375 2454 
978 2375 2456 2454 
979 2375 681 2456 
980 2454 2456 838 
981 839 2455 2458 
982 2455 2457 2458 
983 2455 838 2457 
984 2458 2457 435 
985 624 2459 2299 
986 2459 2460 2299 
987 2459 840 2460 
988 2299 2460 791 
989 840 2461 2460 
990 2461 2462 2460 
991 2461 841 2462 
992 2460 2462 791 
993 840 2463 2461 
994 2463 2464 2461 
995 2463 706 2464 
996 2461 2464 841 
997 791 2462 2293 
998 2462 2465 2293 
999 2462 841 2465 
1000 2293 2465 501 
1001 478 2466 2468 
1002 2466 2467 2468 
1003 2466 842 2467 
1004 2468 2467 844 
1005 842 2469 2467 
1006 2469 2470 2467 
1007 2469 843 2470 
1008 2467 2470 844 
1009 842 2471 2469 
1010 2471 2472 2469 
1011 2471 489 2472 
1012 2469 2472 843 
1013 844 2470 2474 
1014 2470 2473 2474 
1015 2470 843 2473 
1016 2474 2473 436 
1017 426 2475 2120 
1018 2475 2476 2120 
1019 2475 845 2476 
1020 2120 2476 735 
1021 845 2477 2476 
1022 2477 2478 2476 
1023 2477 846 2478 
1024 2476 2478 735 
1025 845 2479 2477 
1026 2479 2480 2477 
1027 2479 720 2480 
1028 2477 2480 846 
1029 735 2478 2125 
1030 2478 2481 2125 
1031 2478 846 2481 
1032 2125 2481 660 
1033 602 2482 2484 
1034 2482 2483 2484 
1035 2482 847 2483 
1036 2484 2483 848 
1037 847 2485 2483 
1038 2485 2486 2483 
1039 2485 792 2486 
1040 2483 2486 848 
1041 847 2487 2485 
1042 2487 2305 2485 
1043 2487 603 2305 
1044 2485 2305 792 
1045 848 2486 2488 
1046 2486 2300 2488 
1047 2486 792 2300 
1048 2488 2300 311 
1049 643 2489 2491 
1050 2489 2490 2491 
1051 2489 849 2490 
1052 2491 2490 851 
1053 849 2492 2490 
1054 2492 2493 2490 
1055 2492 850 2493 
1056 2490 2493 851 
1057 849 2494 2492 
1058 2494 2495 2492 
1059 2494 714 2495 
1060 2492 2495 850 
1061 851 2493 2497 
1062 2493 2496 2497 
1063 2493 850 2496 
1064 2497 2496 310 
1065 299 2498 2274 
1066 2498 2499 2274 
1067 2498 852 2499 
1068 2274 2499 783 
1069 852 2500 2499 
1070 2500 2501 2499 
1071 2500 853 2501 
1072 2499 2501 783 
1073 852 2502 2500 
1074 2502 2503 2500 
1075 2502 698 2503 
1076 2500 2503 853 
1077 783 2501 2268 
1078 2501 2504 2268 
1079 2501 853 2504 
1080 2268 2504 507 
1081 667 2505 2507 
1082 2505 2506 2507 
1083 2505 854 2506 
1084 2507 2506 856 
1085 854 2508 2506 
1086 2508 2509 2506 
1087 2508 855 2509 
1088 2506 2509 856 
1089 854 2510 2508 
1090 2510 2511 2508 
1091 2510 687 2511 
1092 2508 2511 855 
1093 856 2509 2513 
1094 2509 2512 2513 
1095 2509 855 2512 
1096 2513 2512 341 
1097 506 2514 2516 
1098 2514 2515 2516 
1099 2514 857 2515 
1100 2516 2515 859 
1101 857 2517 2515 
1102 2517 2518 2515 
1103 2517 858 2518 
1104 2515 2518 859 
1105 857 2519 2517 
1106 2519 2520 2517 
1107 2519 714 2520 
1108 2517 2520 858 
1109 859 2518 2522 
1110 2518 2521 2522 
1111 2518 858 2521 
1112 2522 2521 513 
1113 437 2523 2525 
1114 2523 2524 2525 
1115 2523 860 2524 
1116 2525 2524 862 
1117 860 2526 2524 
1118 2526 2527 2524 
1119 2526 861 2527 
1120 2524 2527 862 
1121 860 2528 2526 
1122 2528 2529 2526 
1123 2528 707 2529 
1124 2526 2529 861 
1125 862 2527 2531 
1126 2527 2530 2531 
1127 2527 861 2530 
1128 2531 2530 531 
1129 500 2532 2534 
1130 2532 2533 2534 
1131 2532 863 2533 
1132 2534 2533 864 
1133 863 2535 2533 
1134 2535 2536 2533 
1135 2535 854 2536 
1136 2533 2536 864 
1137 863 2537 2535 
1138 2537 2510 2535 
1139 2537 687 2510 
1140 2535 2510 854 
1141 864 2536 2538 
1142 2536 2505 2538 
1143 2536 854 2505 
1144 2538 2505 667 
1145 631 2539 2541 
1146 2539 2540 2541 
1147 2539 865 2540 
1148 2541 2540 867 
1149 865 2542 2540 
1150 2542 2543 2540 
1151 2542 866 2543 
1152 2540 2543 867 
1153 865 2544 2542 
1154 2544 2545 2542 
1155 2544 632 2545 
1156 2542 2545 866 
1157 867 2543 2547 
1158 2543 2546 2547 
1159 2543 866 2546 
1160 2547 2546 555 
1161 425 2548 2550 
1162 2548 2549 2550 
1163 2548 868 2549 
1164 2550 2549 870 
1165 868 2551 2549 
1166 2551 2552 2549 
1167 2551 869 2552 
1168 2549 2552 870 
1169 868 2553 2551 
1170 2553 2554 2551 
1171 2553 727 2554 
1172 2551 2554 869 
1173 870 2552 2556 
1174 2552 2555 2556 
1175 2552 869 2555 
1176 2556 2555 427 
1177 549 2557 2227 
1178 2557 2558 2227 
1179 2557 871 2558 
1180 2227 2558 769 
1181 871 2559 2558 
1182 2559 2560 2558 
1183 2559 826 2560 
1184 2558 2560 769 
1185 871 2561 2559 
1186 2561 2418 2559 
1187 2561 706 2418 
1188 2559 2418 826 
1189 769 2560 2228 
1190 2560 2413 2228 
1191 2560 826 2413 
1192 2228 2413 548 
1193 505 2562 2173 
1194 2562 2563 2173 
1195 2562 872 2563 
1196 2173 2563 752 
1197 872 2564 2563 
1198 2564 2565 2563 
1199 2564 873 2565 
1200 2563 2565 752 
1201 872 2566 2564 
1202 2566 2567 2564 
1203 2566 506 2567 
1204 2564 2567 873 
1205 752 2565 2167 
1206 2565 2568 2167 
1207 2565 873 2568 
1208 2167 2568 451 
1209 611 2569 2571 
1210 2569 2570 2571 
1211 2569 874 2570 
1212 2571 2570 876 
1213 874 2572 2570 
1214 2572 2573 2570 
1215 2572 875 2573 
1216 2570 2573 876 
1217 874 2574 2572 
1218 2574 2575 2572 
1219 2574 674 2575 
1220 2572 2575 875 
1221 876 2573 2577 
1222 2573 2576 2577 
1223 2573 875 2576 
1224 2577 2576 670 
1225 630 2578 2580 
1226 2578 2579 2580 
1227 2578 877 2579 
1228 2580 2579 879 
1229 877 2581 2579 
1230 2581 2582 2579 
1231 2581 878 2582 
1232 2579 2582 879 
1233 877 2583 2581 
1234 2583 2584 2581 
1235 2583 659 2584 
1236 2581 2584 878 
1237 879 2582 2586 
1238 2582 2585 2586 
1239 2582 878 2585 
1240 2586 2585 565 
1241 496 2587 2589 
1242 2587 2588 2589 
1243 2587 880 2588 
1244 2589 2588 882 
1245 880 2590 2588 
1246 2590 2591 2588 
1247 2590 881 2591 
1248 2588 2591 882 
1249 880 2592 2590 
1250 2592 2593 2590 
1251 2592 733 2593 
1252 2590 2593 881 
1253 882 2591 2595 
1254 2591 2594 2595 
1255 2591 881 2594 
1256 2595 2594 494 
1257 630 2596 2578 
1258 2596 2597 2578 
1259 2596 883 2597 
1260 2578 2597 877 
1261 883 2598 2597 
1262 2598 2599 2597 
1263 2598 884 2599 
1264 2597 2599 877 
1265 883 2600 2598 
1266 2600 2601 2598 
1267 2600 731 2601 
1268 2598 2601 884 
1269 877 2599 2583 
1270 2599 2602 2583 
1271 2599 884 2602 
1272 2583 2602 659 
1273 443 2603 2605 
1274 2603 2604 2605 
1275 2603 885 2604 
1276 2605 2604 887 
1277 885 2606 2604 
1278 2606 2607 2604 
1279 2606 886 2607 
1280 2604 2607 887 
1281 885 2608 2606 
1282 2608 2609 2606 
1283 2608 650 2609 
1284 2606 2609 886 
1285 887 2607 2611 
1286 2607 2610 2611 
1287 2607 886 2610 
1288 2611 2610 478 
1289 345 2612 2614 
1290 2612 2613 2614 
1291 2612 888 2613 
1292 2614 2613 890 
1293 888 2615 2613 
1294 2615 2616 2613 
1295 2615 889 2616 
1296 2613 2616 890 
1297 888 2617 2615 
1298 2617 2618 2615 
1299 2617 651 2618 
1300 2615 2618 889 
1301 890 2616 2620 
1302 2616 2619 2620 
1303 2616 889 2619 
1304 2620 2619 515 
1305 525 2621 2623 
1306 2621 2622 2623 
1307 2621 891 2622 
1308 2623 2622 892 
1309 891 2624 2622 
1310 2624 2625 2622 
1311 2624 774 2625 
1312 2622 2625 892 
1313 891 2626 2624 
1314 2626 2248 2624 
1315 2626 655 2248 
1316 2624 2248 774 
1317 892 2625 2627 
1318 2625 2243 2627 
1319 2625 774 2243 
1320 2627 2243 519 
1321 341 2628 2630 
1322 2628 2629 2630 
1323 2628 893 2629 
1324 2630 2629 894 
1325 893 2631 2629 
1326 2631 2632 2629 
1327 2631 802 2632 
1328 2629 2632 894 
1329 893 2633 2631 
1330 2633 2340 2631 
1331 2633 606 2340 
1332 2631 2340 802 
1333 894 2632 2634 
1334 2632 2335 2634 
1335 2632 802 2335 
1336 2634 2335 508 
1337 611 2571 2636 
1338 2571 2635 2636 
1339 2571 876 2635 
1340 2636 2635 896 
1341 876 2637 2635 
1342 2637 2638 2635 
1343 2637 895 2638 
1344 2635 2638 896 
1345 876 2577 2637 
1346 2577 2639 2637 
1347 2577 670 2639 
1348 2637 2639 895 
1349 896 2638 2641 
1350 2638 2640 2641 
1351 2638 895 2640 
1352 2641 2640 669 
1353 507 2642 2266 
1354 2642 2643 2266 
1355 2642 897 2643 
1356 2266 2643 781 
1357 897 2644 2643 
1358 2644 2645 2643 
1359 2644 898 2645 
1360 2643 2645 781 
1361 897 2646 2644 
1362 2646 2647 2644 
1363 2646 652 2647 
1364 2644 2647 898 
1365 781 2645 2271 
1366 2645 2648 2271 
1367 2645 898 2648 
1368 2271 2648 625 
1369 435 2649 2651 
1370 2649 2650 2651 
1371 2649 899 2650 
1372 2651 2650 900 
1373 899 2652 2650 
1374 2652 2653 2650 
1375 2652 860 2653 
1376 2650 2653 900 
1377 899 2654 2652 
1378 2654 2528 2652 
1379 2654 707 2528 
1380 2652 2528 860 
1381 900 2653 2655 
1382 2653 2523 2655 
1383 2653 860 2523 
1384 2655 2523 437 
1385 450 2656 2658 
1386 2656 2657 2658 
1387 2656 901 2657 
1388 2658 2657 902 
1389 901 2659 2657 
1390 2659 2660 2657 
1391 2659 885 2660 
1392 2657 2660 902 
1393 901 2661 2659 
1394 2661 2608 2659 
1395 2661 650 2608 
1396 2659 2608 885 
1397 902 2660 2662 
1398 2660 2603 2662 
1399 2660 885 2603 
1400 2662 2603 443 
1401 325 2663 2665 
1402 2663 2664 2665 
1403 2663 903 2664 
1404 2665 2664 905 
1405 903 2666 2664 
1406 2666 2667 2664 
1407 2666 904 2667 
1408 2664 2667 905 
1409 903 2668 2666 
1410 2668 2669 2666 
1411 2668 422 2669 
1412 2666 2669 904 
1413 905 2667 2671 
1414 2667 2670 2671 
1415 2667 904 2670 
1416 2671 2670 324 
1417 198 2672 2215 
1418 2672 2673 2215 
1419 2672 906 2673 
1420 2215 2673 766 
1421 906 2674 2673 
1422 2674 2675 2673 
1423 2674 891 2675 
1424 2673 2675 766 
1425 906 2676 2674 
1426 2676 2626 2674 
1427 2676 655 2626 
1428 2674 2626 891 
1429 766 2675 2219 
1430 2675 2621 2219 
1431 2675 891 2621 
1432 2219 2621 525 
1433 301 2677 2679 
1434 2677 2678 2679 
1435 2677 907 2678 
1436 2679 2678 909 
1437 907 2680 2678 
1438 2680 2681 2678 
1439 2680 908 2681 
1440 2678 2681 909 
1441 907 2682 2680 
1442 2682 2683 2680 
1443 2682 326 2683 
1444 2680 2683 908 
1445 909 2681 2685 
1446 2681 2684 2685 
1447 2681 908 2684 
1448 2685 2684 325 
1449 537 2686 2688 
1450 2686 2687 2688 
1451 2686 910 2687 
1452 2688 2687 912 
1453 910 2689 2687 
1454 2689 2690 2687 
1455 2689 911 2690 
1456 2687 2690 912 
1457 910 2691 2689 
1458 2691 2692 2689 
1459 2691 725 2692 
1460 2689 2692 911 
1461 912 2690 2694 
1462 2690 2693 2694 
1463 2690 911 2693 
1464 2694 2693 325 
1465 469 2695 2697 
1466 2695 2696 2697 
1467 2695 913 2696 
1468 2697 2696 914 
1469 913 2698 2696 
1470 2698 2699 2696 
1471 2698 880 2699 
1472 2696 2699 914 
1473 913 2700 2698 
1474 2700 2592 2698 
1475 2700 733 2592 
1476 2698 2592 880 
1477 914 2699 2701 
1478 2699 2587 2701 
1479 2699 880 2587 
1480 2701 2587 496 
1481 555 2702 2547 
1482 2702 2703 2547 
1483 2702 915 2703 
1484 2547 2703 867 
1485 915 2704 2703 
1486 2704 2705 2703 
1487 2704 916 2705 
1488 2703 2705 867 
1489 915 2706 2704 
1490 2706 2707 2704 
1491 2706 683 2707 
1492 2704 2707 916 
1493 867 2705 2541 
1494 2705 2708 2541 
1495 2705 916 2708 
1496 2541 2708 631 
1497 513 2521 2710 
1498 2521 2709 2710 
1499 2521 858 2709 
1500 2710 2709 917 
1501 858 2711 2709 
1502 2711 2712 2709 
1503 2711 849 2712 
1504 2709 2712 917 
1505 858 2520 2711 
1506 2520 2494 2711 
1507 2520 714 2494 
1508 2711 2494 849 
1509 917 2712 2713 
1510 2712 2489 2713 
1511 2712 849 2489 
1512 2713 2489 643 
1513 326 2714 2716 
1514 2714 2715 2716 
1515 2714 918 2715 
1516 2716 2715 920 
1517 918 2717 2715 
1518 2717 2718 2715 
1519 2717 919 2718 
1520 2715 2718 920 
1521 918 2719 2717 
1522 2719 2720 2717 
1523 2719 328 2720 
1524 2717 2720 919 
1525 920 2718 2722 
1526 2718 2721 2722 
1527 2718 919 2721 
1528 2722 2721 327 
1529 315 2723 2421 
1530 2723 2724 2421 
1531 2723 921 2724 
1532 2421 2724 828 
1533 921 2725 2724 
1534 2725 2726 2724 
1535 2725 922 2726 
1536 2724 2726 828 
1537 921 2727 2725 
1538 2727 2728 2725 
1539 2727 691 2728 
1540 2725 2728 922 
1541 828 2726 2415 
1542 2726 2729 2415 
1543 2726 922 2729 
1544 2415 2729 548 
1545 532 2730 2732 
1546 2730 2731 2732 
1547 2730 923 2731 
1548 2732 2731 925 
1549 923 2733 2731 
1550 2733 2734 2731 
1551 2733 924 2734 
1552 2731 2734 925 
1553 923 2735 2733 
1554 2735 2736 2733 
1555 2735 641 2736 
1556 2733 2736 924 
1557 925 2734 2738 
1558 2734 2737 2738 
1559 2734 924 2737 
1560 2738 2737 502 
1561 624 2298 2740 
1562 2298 2739 2740 
1563 2298 790 2739 
1564 2740 2739 927 
1565 790 2741 2739 
1566 2741 2742 2739 
1567 2741 926 2742 
1568 2739 2742 927 
1569 790 2297 2741 
1570 2297 2743 2741 
1571 2297 647 2743 
1572 2741 2743 926 
1573 927 2742 2745 
1574 2742 2744 2745 
1575 2742 926 2744 
1576 2745 2744 303 
1577 529 2746 2748 
1578 2746 2747 2748 
1579 2746 928 2747 
1580 2748 2747 930 
1581 928 2749 2747 
1582 2749 2750 2747 
1583 2749 929 2750 
1584 2747 2750 930 
1585 928 2751 2749 
1586 2751 2752 2749 
1587 2751 530 2752 
1588 2749 2752 929 
1589 930 2750 2754 
1590 2750 2753 2754 
1591 2750 929 2753 
1592 2754 2753 528 
1593 508 2755 2634 
1594 2755 2756 2634 
1595 2755 931 2756 
1596 2634 2756 894 
1597 931 2757 2756 
1598 2757 2758 2756 
1599 2757 856 2758 
1600 2756 2758 894 
1601 931 2759 2757 
1602 2759 2507 2757 
1603 2759 667 2507 
1604 2757 2507 856 
1605 894 2758 2630 
1606 2758 2513 2630 
1607 2758 856 2513 
1608 2630 2513 341 
1609 497 2760 2762 
1610 2760 2761 2762 
1611 2760 932 2761 
1612 2762 2761 934 
1613 932 2763 2761 
1614 2763 2764 2761 
1615 2763 933 2764 
1616 2761 2764 934 
1617 932 2765 2763 
1618 2765 2766 2763 
1619 2765 715 2766 
1620 2763 2766 933 
1621 934 2764 2768 
1622 2764 2767 2768 
1623 2764 933 2767 
1624 2768 2767 528 
1625 427 2555 2770 
1626 2555 2769 2770 
1627 2555 869 2769 
1628 2770 2769 936 
1629 869 2771 2769 
1630 2771 2772 2769 
1631 2771 935 2772 
1632 2769 2772 936 
1633 869 2554 2771 
1634 2554 2773 2771 
1635 2554 727 2773 
1636 2771 2773 935 
1637 936 2772 2775 
1638 2772 2774 2775 
1639 2772 935 2774 
1640 2775 2774 670 
1641 456 2776 2778 
1642 2776 2777 2778 
1643 2776 937 2777 
1644 2778 2777 939 
1645 937 2779 2777 
1646 2779 2780 2777 
1647 2779 938 2780 
1648 2777 2780 939 
1649 937 2781 2779 
1650 2781 2782 2779 
1651 2781 457 2782 
1652 2779 2782 938 
1653 939 2780 2784 
1654 2780 2783 2784 
1655 2780 938 2783 
1656 2784 2783 454 
1657 349 2785 2237 
1658 2785 2786 2237 
1659 2785 940 2786 
1660 2237 2786 772 
1661 940 2787 2786 
1662 2787 2788 2786 
1663 2787 797 2788 
1664 2786 2788 772 
1665 940 2789 2787 
1666 2789 2321 2787 
1667 2789 664 2321 
1668 2787 2321 797 
1669 772 2788 2231 
1670 2788 2316 2231 
1671 2788 797 2316 
1672 2231 2316 509 
1673 492 2790 2792 
1674 2790 2791 2792 
1675 2790 941 2791 
1676 2792 2791 943 
1677 941 2793 2791 
1678 2793 2794 2791 
1679 2793 942 2794 
1680 2791 2794 943 
1681 941 2795 2793 
1682 2795 2796 2793 
1683 2795 518 2796 
1684 2793 2796 942 
1685 943 2794 2798 
1686 2794 2797 2798 
1687 2794 942 2797 
1688 2798 2797 491 
1689 580 2799 2366 
1690 2799 2800 2366 
1691 2799 944 2800 
1692 2366 2800 811 
1693 944 2801 2800 
1694 2801 2802 2800 
1695 2801 945 2802 
1696 2800 2802 811 
1697 944 2803 2801 
1698 2803 2804 2801 
1699 2803 653 2804 
1700 2801 2804 945 
1701 811 2802 2360 
1702 2802 2805 2360 
1703 2802 945 2805 
1704 2360 2805 316 
1705 457 2806 2782 
1706 2806 2807 2782 
1707 2806 946 2807 
1708 2782 2807 938 
1709 946 2808 2807 
1710 2808 2809 2807 
1711 2808 947 2809 
1712 2807 2809 938 
1713 946 2810 2808 
1714 2810 2811 2808 
1715 2810 533 2811 
1716 2808 2811 947 
1717 938 2809 2783 
1718 2809 2812 2783 
1719 2809 947 2812 
1720 2783 2812 454 
1721 396 2813 2815 
1722 2813 2814 2815 
1723 2813 948 2814 
1724 2815 2814 950 
1725 948 2816 2814 
1726 2816 2817 2814 
1727 2816 949 2817 
1728 2814 2817 950 
1729 948 2818 2816 
1730 2818 2819 2816 
1731 2818 640 2819 
1732 2816 2819 949 
1733 950 2817 2821 
1734 2817 2820 2821 
1735 2817 949 2820 
1736 2821 2820 526 
1737 136 2822 135 
1738 2822 2823 135 
1739 2822 951 2823 
1740 135 2823 134 
1741 951 2824 2823 
1742 2824 2825 2823 
1743 2824 952 2825 
1744 2823 2825 134 
1745 951 2826 2824 
1746 2826 2827 2824 
1747 2826 529 2827 
1748 2824 2827 952 
1749 134 2825 133 
1750 2825 2828 133 
1751 2825 952 2828 
1752 133 2828 132 
1753 311 2829 2488 
1754 2829 2830 2488 
1755 2829 953 2830 
1756 2488 2830 848 
1757 953 2831 2830 
1758 2831 2832 2830 
1759 2831 954 2832 
1760 2830 2832 848 
1761 953 2833 2831 
1762 2833 2834 2831 
1763 2833 644 2834 
1764 2831 2834 954 
1765 848 2832 2484 
1766 2832 2835 2484 
1767 2832 954 2835 
1768 2484 2835 602 
1769 636 2836 2838 
1770 2836 2837 2838 
1771 2836 955 2837 
1772 2838 2837 957 
1773 955 2839 2837 
1774 2839 2840 2837 
1775 2839 956 2840 
1776 2837 2840 957 
1777 955 2841 2839 
1778 2841 2842 2839 
1779 2841 720 2842 
1780 2839 2842 956 
1781 957 2840 2844 
1782 2840 2843 2844 
1783 2840 956 2843 
1784 2844 2843 489 
1785 326 2716 2683 
1786 2716 2845 2683 
1787 2716 920 2845 
1788 2683 2845 908 
1789 920 2846 2845 
1790 2846 2847 2845 
1791 2846 958 2847 
1792 2845 2847 908 
1793 920 2722 2846 
1794 2722 2848 2846 
1795 2722 327 2848 
1796 2846 2848 958 
1797 908 2847 2684 
1798 2847 2849 2684 
1799 2847 958 2849 
1800 2684 2849 325 
1801 458 2850 2852 
1802 2850 2851 2852 
1803 2850 959 2851 
1804 2852 2851 961 
1805 959 2853 2851 
1806 2853 2854 2851 
1807 2853 960 2854 
1808 2851 2854 961 
1809 959 2855 2853 
1810 2855 2856 2853 
1811 2855 459 2856 
1812 2853 2856 960 
1813 961 2854 2858 
1814 2854 2857 2858 
1815 2854 960 2857 
1816 2858 2857 457 
1817 301 2859 2677 
1818 2859 2860 2677 
1819 2859 962 2860 
1820 2677 2860 907 
1821 962 2861 2860 
1822 2861 2862 2860 
1823 2861 963 2862 
1824 2860 2862 907 
1825 962 2863 2861 
1826 2863 2864 2861 
1827 2863 639 2864 
1828 2861 2864 963 
1829 907 2862 2682 
1830 2862 2865 2682 
1831 2862 963 2865 
1832 2682 2865 326 
1833 517 2866 2868 
1834 2866 2867 2868 
1835 2866 964 2867 
1836 2868 2867 966 
1837 964 2869 2867 
1838 2869 2870 2867 
1839 2869 965 2870 
1840 2867 2870 966 
1841 964 2871 2869 
1842 2871 2872 2869 
1843 2871 527 2872 
1844 2869 2872 965 
1845 966 2870 2874 
1846 2870 2873 2874 
1847 2870 965 2873 
1848 2874 2873 302 
1849 417 2875 2384 
1850 2875 2876 2384 
1851 2875 967 2876 
1852 2384 2876 817 
1853 967 2877 2876 
1854 2877 2878 2876 
1855 2877 968 2878 
1856 2876 2878 817 
1857 967 2879 2877 
1858 2879 2880 2877 
1859 2879 663 2880 
1860 2877 2880 968 
1861 817 2878 2378 
1862 2878 2881 2378 
1863 2878 968 2881 
1864 2378 2881 633 
1865 449 2882 2884 
1866 2882 2883 2884 
1867 2882 969 2883 
1868 2884 2883 971 
1869 969 2885 2883 
1870 2885 2886 2883 
1871 2885 970 2886 
1872 2883 2886 971 
1873 969 2887 2885 
1874 2887 2888 2885 
1875 2887 453 2888 
1876 2885 2888 970 
1877 971 2886 2890 
1878 2886 2889 2890 
1879 2886 970 2889 
1880 2890 2889 446 
1881 515 2343 2620 
1882 2343 2891 2620 
1883 2343 805 2891 
1884 2620 2891 890 
1885 805 2892 2891 
1886 2892 2893 2891 
1887 2892 972 2893 
1888 2891 2893 890 
1889 805 2348 2892 
1890 2348 2894 2892 
1891 2348 538 2894 
1892 2892 2894 972 
1893 890 2893 2614 
1894 2893 2895 2614 
1895 2893 972 2895 
1896 2614 2895 345 
1897 675 2896 2898 
1898 2896 2897 2898 
1899 2896 973 2897 
1900 2898 2897 975 
1901 973 2899 2897 
1902 2899 2900 2897 
1903 2899 974 2900 
1904 2897 2900 975 
1905 973 2901 2899 
1906 2901 2902 2899 
1907 2901 685 2902 
1908 2899 2902 974 
1909 975 2900 2904 
1910 2900 2903 2904 
1911 2900 974 2903 
1912 2904 2903 570 
1913 422 2905 2907 
1914 2905 2906 2907 
1915 2905 976 2906 
1916 2907 2906 978 
1917 976 2908 2906 
1918 2908 2909 2906 
1919 2908 977 2909 
1920 2906 2909 978 
1921 976 2910 2908 
1922 2910 2911 2908 
1923 2910 725 2911 
1924 2908 2911 977 
1925 978 2909 2913 
1926 2909 2912 2913 
1927 2909 977 2912 
1928 2913 2912 304 
1929 454 2812 2915 
1930 2812 2914 2915 
1931 2812 947 2914 
1932 2915 2914 980 
1933 947 2916 2914 
1934 2916 2917 2914 
1935 2916 979 2917 
1936 2914 2917 980 
1937 947 2811 2916 
1938 2811 2918 2916 
1939 2811 533 2918 
1940 2916 2918 979 
1941 980 2917 2920 
1942 2917 2919 2920 
1943 2917 979 2919 
1944 2920 2919 453 
1945 437 2921 2923 
1946 2921 2922 2923 
1947 2921 981 2922 
1948 2923 2922 983 
1949 981 2924 2922 
1950 2924 2925 2922 
1951 2924 982 2925 
1952 2922 2925 983 
1953 981 2926 2924 
1954 2926 2927 2924 
1955 2926 722 2927 
1956 2924 2927 982 
1957 983 2925 2929 
1958 2925 2928 2929 
1959 2925 982 2928 
1960 2929 2928 444 
1961 526 2136 2821 
1962 2136 2930 2821 
1963 2136 739 2930 
1964 2821 2930 950 
1965 739 2931 2930 
1966 2931 2932 2930 
1967 2931 984 2932 
1968 2930 2932 950 
1969 739 2135 2931 
1970 2135 2933 2931 
1971 2135 578 2933 
1972 2931 2933 984 
1973 950 2932 2815 
1974 2932 2934 2815 
1975 2932 984 2934 
1976 2815 2934 396 
1977 518 2935 2796 
1978 2935 2936 2796 
1979 2935 985 2936 
1980 2796 2936 942 
1981 985 2937 2936 
1982 2937 2938 2936 
1983 2937 986 2938 
1984 2936 2938 942 
1985 985 2939 2937 
1986 2939 2940 2937 
1987 2939 697 2940 
1988 2937 2940 986 
1989 942 2938 2797 
1990 2938 2941 2797 
1991 2938 986 2941 
1992 2797 2941 491 
1993 456 2942 2776 
1994 2942 2943 2776 
1995 2942 987 2943 
1996 2776 2943 937 
1997 987 2944 2943 
1998 2944 2945 2943 
1999 2944 961 2945 
2000 2943 2945 937 
2001 987 2946 2944 
2002 2946 2852 2944 
2003 2946 458 2852 
2004 2944 2852 961 
2005 937 2945 2781 
2006 2945 2858 2781 
2007 2945 961 2858 
2008 2781 2858 457 
2009 639 2947 2864 
2010 2947 2948 2864 
2011 2947 988 2948 
2012 2864 2948 963 
2013 988 2949 2948 
2014 2949 2950 2948 
2015 2949 989 2950 
2016 2948 2950 963 
2017 988 2951 2949 
2018 2951 2952 2949 
2019 2951 657 2952 
2020 2949 2952 989 
2021 963 2950 2865 
2022 2950 2953 2865 
2023 2950 989 2953 
2024 2865 2953 326 
2025 532 2954 2730 
2026 2954 2955 2730 
2027 2954 990 2955 
2028 2730 2955 923 
2029 990 2956 2955 
2030 2956 2957 2955 
2031 2956 991 2957 
2032 2955 2957 923 
2033 990 2958 2956 
2034 2958 2959 2956 
2035 2958 693 2959 
2036 2956 2959 991 
2037 923 2957 2735 
2038 2957 2960 2735 
2039 2957 991 2960 
2040 2735 2960 641 
2041 314 2315 2962 
2042 2315 2961 2962 
2043 2315 796 2961 
2044 2962 2961 993 
2045 796 2963 2961 
2046 2963 2964 2961 
2047 2963 992 2964 
2048 2961 2964 993 
2049 796 2314 2963 
2050 2314 2965 2963 
2051 2314 673 2965 
2052 2963 2965 992 
2053 993 2964 2967 
2054 2964 2966 2967 
2055 2964 992 2966 
2056 2967 2966 626 
2057 317 2968 2970 
2058 2968 2969 2970 
2059 2968 994 2969 
2060 2970 2969 995 
2061 994 2971 2969 
2062 2971 2972 2969 
2063 2971 988 2972 
2064 2969 2972 995 
2065 994 2973 2971 
2066 2973 2951 2971 
2067 2973 657 2951 
2068 2971 2951 988 
2069 995 2972 2974 
2070 2972 2947 2974 
2071 2972 988 2947 
2072 2974 2947 639 
2073 459 2975 2856 
2074 2975 2976 2856 
2075 2975 996 2976 
2076 2856 2976 960 
2077 996 2977 2976 
2078 2977 2978 2976 
2079 2977 997 2978 
2080 2976 2978 960 
2081 996 2979 2977 
2082 2979 2980 2977 
2083 2979 539 2980 
2084 2977 2980 997 
2085 960 2978 2857 
2086 2978 2981 2857 
2087 2978 997 2981 
2088 2857 2981 457 
2089 505 2982 2562 
2090 2982 2983 2562 
2091 2982 998 2983 
2092 2562 2983 872 
2093 998 2984 2983 
2094 2984 2985 2983 
2095 2984 999 2985 
2096 2983 2985 872 
2097 998 2986 2984 
2098 2986 2987 2984 
2099 2986 530 2987 
2100 2984 2987 999 
2101 872 2985 2566 
2102 2985 2988 2566 
2103 2985 999 2988 
2104 2566 2988 506 
2105 312 2989 2991 
2106 2989 2990 2991 
2107 2989 1000 2990 
2108 2991 2990 1002 
2109 1000 2992 2990 
2110 2992 2993 2990 
2111 2992 1001 2993 
2112 2990 2993 1002 
2113 1000 2994 2992 
2114 2994 2995 2992 
2115 2994 699 2995 
2116 2992 2995 1001 
2117 1002 2993 2997 
2118 2993 2996 2997 
2119 2993 1001 2996 
2120 2997 2996 513 
2121 533 2998 2918 
2122 2998 2999 2918 
2123 2998 1003 2999 
2124 2918 2999 979 
2125 1003 3000 2999 
2126 3000 3001 2999 
2127 3000 1004 3001 
2128 2999 3001 979 
2129 1003 3002 3000 
2130 3002 3003 3000 
2131 3002 534 3003 
2132 3000 3003 1004 
2133 979 3001 2919 
2134 3001 3004 2919 
2135 3001 1004 3004 
2136 2919 3004 453 
2137 486 3005 3007 
2138 3005 3006 3007 
2139 3005 1005 3006 
2140 3007 3006 1006 
2141 1005 3008 3006 
2142 3008 3009 3006 
2143 3008 996 3009 
2144 3006 3009 1006 
2145 1005 3010 3008 
2146 3010 2979 3008 
2147 3010 539 2979 
2148 3008 2979 996 
2149 1006 3009 3011 
2150 3009 2975 3011 
2151 3009 996 2975 
2152 3011 2975 459 
2153 453 3012 2888 
2154 3012 3013 2888 
2155 3012 1007 3013 
2156 2888 3013 970 
2157 1007 3014 3013 
2158 3014 3015 3013 
2159 3014 1008 3015 
2160 3013 3015 970 
2161 1007 3016 3014 
2162 3016 3017 3014 
2163 3016 540 3017 
2164 3014 3017 1008 
2165 970 3015 2889 
2166 3015 3018 2889 
2167 3015 1008 3018 
2168 2889 3018 446 
2169 449 3019 2882 
2170 3019 3020 2882 
2171 3019 1009 3020 
2172 2882 3020 969 
2173 1009 3021 3020 
2174 3021 3022 3020 
2175 3021 980 3022 
2176 3020 3022 969 
2177 1009 3023 3021 
2178 3023 2915 3021 
2179 3023 454 2915 
2180 3021 2915 980 
2181 969 3022 2887 
2182 3022 2920 2887 
2183 3022 980 2920 
2184 2887 2920 453 
2185 496 3024 2701 
2186 3024 3025 2701 
2187 3024 1010 3025 
2188 2701 3025 914 
2189 1010 3026 3025 
2190 3026 3027 3025 
2191 3026 1011 3027 
2192 3025 3027 914 
2193 1010 3028 3026 
2194 3028 3029 3026 
2195 3028 702 3029 
2196 3026 3029 1011 
2197 914 3027 2697 
2198 3027 3030 2697 
2199 3027 1011 3030 
2200 2697 3030 469 
2201 328 3031 2720 
2202 3031 3032 2720 
2203 3031 1012 3032 
2204 2720 3032 919 
2205 1012 3033 3032 
2206 3033 3034 3032 
2207 3033 1013 3034 
2208 3032 3034 919 
2209 1012 3035 3033 
2210 3035 3036 3033 
2211 3035 329 3036 
2212 3033 3036 1013 
2213 919 3034 2721 
2214 3034 3037 2721 
2215 3034 1013 3037 
2216 2721 3037 327 
2217 522 3038 3040 
2218 3038 3039 3040 
2219 3038 1014 3039 
2220 3040 3039 1016 
2221 1014 3041 3039 
2222 3041 3042 3039 
2223 3041 1015 3042 
2224 3039 3042 1016 
2225 1014 3043 3041 
2226 3043 3044 3041 
2227 3043 630 3044 
2228 3041 3044 1015 
2229 1016 3042 3046 
2230 3042 3045 3046 
2231 3042 1015 3045 
2232 3046 3045 523 
2233 534 3047 3003 
2234 3047 3048 3003 
2235 3047 1017 3048 
2236 3003 3048 1004 
2237 1017 3049 3048 
2238 3049 3050 3048 
2239 3049 1007 3050 
2240 3048 3050 1004 
2241 1017 3051 3049 
2242 3051 3016 3049 
2243 3051 540 3016 
2244 3049 3016 1007 
2245 1004 3050 3004 
2246 3050 3012 3004 
2247 3050 1007 3012 
2248 3004 3012 453 
2249 457 2981 2806 
2250 2981 3052 2806 
2251 2981 997 3052 
2252 2806 3052 946 
2253 997 3053 3052 
2254 3053 3054 3052 
2255 3053 1018 3054 
2256 3052 3054 946 
2257 997 2980 3053 
2258 2980 3055 3053 
2259 2980 539 3055 
2260 3053 3055 1018 
2261 946 3054 2810 
2262 3054 3056 2810 
2263 3054 1018 3056 
2264 2810 3056 533 
2265 325 2693 2663 
2266 2693 3057 2663 
2267 2693 911 3057 
2268 2663 3057 903 
2269 911 3058 3057 
2270 3058 3059 3057 
2271 3058 976 3059 
2272 3057 3059 903 
2273 911 2692 3058 
2274 2692 2910 3058 
2275 2692 725 2910 
2276 3058 2910 976 
2277 903 3059 2668 
2278 3059 2905 2668 
2279 3059 976 2905 
2280 2668 2905 422 
2281 458 3060 2850 
2282 3060 3061 2850 
2283 3060 1019 3061 
2284 2850 3061 959 
2285 1019 3062 3061 
2286 3062 3063 3061 
2287 3062 1020 3063 
2288 3061 3063 959 
2289 1019 3064 3062 
2290 3064 3065 3062 
2291 3064 460 3065 
2292 3062 3065 1020 
2293 959 3063 2855 
2294 3063 3066 2855 
2295 3063 1020 3066 
2296 2855 3066 459 
2297 516 3067 3069 
2298 3067 3068 3069 
2299 3067 1021 3068 
2300 3069 3068 1022 
2301 1021 3070 3068 
2302 3070 3071 3068 
2303 3070 753 3071 
2304 3068 3071 1022 
2305 1021 3072 3070 
2306 3072 2179 3070 
2307 3072 648 2179 
2308 3070 2179 753 
2309 1022 3071 3073 
2310 3071 2174 3073 
2311 3071 753 2174 
2312 3073 2174 512 
2313 536 3074 3076 
2314 3074 3075 3076 
2315 3074 1023 3075 
2316 3076 3075 1025 
2317 1023 3077 3075 
2318 3077 3078 3075 
2319 3077 1024 3078 
2320 3075 3078 1025 
2321 1023 3079 3077 
2322 3079 3080 3077 
2323 3079 635 3080 
2324 3077 3080 1024 
2325 1025 3078 3082 
2326 3078 3081 3082 
2327 3078 1024 3081 
2328 3082 3081 298 
2329 245 3083 3085 
2330 3083 3084 3085 
2331 3083 1026 3084 
2332 3085 3084 1027 
2333 1026 3086 3084 
2334 3086 3087 3084 
2335 3086 978 3087 
2336 3084 3087 1027 
2337 1026 3088 3086 
2338 3088 2907 3086 
2339 3088 422 2907 
2340 3086 2907 978 
2341 1027 3087 3089 
2342 3087 2913 3089 
2343 3087 978 2913 
2344 3089 2913 304 
2345 534 3090 3047 
2346 3090 3091 3047 
2347 3090 1028 3091 
2348 3047 3091 1017 
2349 1028 3092 3091 
2350 3092 3093 3091 
2351 3092 1029 3093 
2352 3091 3093 1017 
2353 1028 3094 3092 
2354 3094 3095 3092 
2355 3094 629 3095 
2356 3092 3095 1029 
2357 1017 3093 3051 
2358 3093 3096 3051 
2359 3093 1029 3096 
2360 3051 3096 540 
2361 486 3097 3099 
2362 3097 3098 3099 
2363 3097 1030 3098 
2364 3099 3098 1031 
2365 1030 3100 3098 
2366 3100 3101 3098 
2367 3100 973 3101 
2368 3098 3101 1031 
2369 1030 3102 3100 
2370 3102 2901 3100 
2371 3102 685 2901 
2372 3100 2901 973 
2373 1031 3101 3103 
2374 3101 2896 3103 
2375 3101 973 2896 
2376 3103 2896 675 
2377 319 3104 2334 
2378 3104 3105 2334 
2379 3104 1032 3105 
2380 2334 3105 801 
2381 1032 3106 3105 
2382 3106 3107 3105 
2383 3106 985 3107 
2384 3105 3107 801 
2385 1032 3108 3106 
2386 3108 2939 3106 
2387 3108 697 2939 
2388 3106 2939 985 
2389 801 3107 2329 
2390 3107 2935 2329 
2391 3107 985 2935 
2392 2329 2935 518 
2393 473 3109 3111 
2394 3109 3110 3111 
2395 3109 1033 3110 
2396 3111 3110 1035 
2397 1033 3112 3110 
2398 3112 3113 3110 
2399 3112 1034 3113 
2400 3110 3113 1035 
2401 1033 3114 3112 
2402 3114 3115 3112 
2403 3114 541 3115 
2404 3112 3115 1034 
2405 1035 3113 3117 
2406 3113 3116 3117 
2407 3113 1034 3116 
2408 3117 3116 503 
2409 148 3118 147 
2410 3118 3119 147 
2411 3118 1036 3119 
2412 147 3119 146 
2413 1036 3120 3119 
2414 3120 3121 3119 
2415 3120 1037 3121 
2416 3119 3121 146 
2417 1036 3122 3120 
2418 3122 3123 3120 
2419 3122 312 3123 
2420 3120 3123 1037 
2421 146 3121 145 
2422 3121 3124 145 
2423 3121 1037 3124 
2424 145 3124 144 
2425 323 3125 3127 
2426 3125 3126 3127 
2427 3125 1038 3126 
2428 3127 3126 1040 
2429 1038 3128 3126 
2430 3128 3129 3126 
2431 3128 1039 3129 
2432 3126 3129 1040 
2433 1038 3130 3128 
2434 3130 3131 3128 
2435 3130 716 3131 
2436 3128 3131 1039 
2437 1040 3129 3133 
2438 3129 3132 3133 
2439 3129 1039 3132 
2440 3133 3132 628 
2441 328 3134 3031 
2442 3134 3135 3031 
2443 3134 1041 3135 
2444 3031 3135 1012 
2445 1041 3136 3135 
2446 3136 3137 3135 
2447 3136 1042 3137 
2448 3135 3137 1012 
2449 1041 3138 3136 
2450 3138 3139 3136 
2451 3138 330 3139 
2452 3136 3139 1042 
2453 1012 3137 3035 
2454 3137 3140 3035 
2455 3137 1042 3140 
2456 3035 3140 329 
2457 404 3141 3143 
2458 3141 3142 3143 
2459 3141 1043 3142 
2460 3143 3142 1045 
2461 1043 3144 3142 
2462 3144 3145 3142 
2463 3144 1044 3145 
2464 3142 3145 1045 
2465 1043 3146 3144 
2466 3146 3147 3144 
2467 3146 724 3147 
2468 3144 3147 1044 
2469 1045 3145 3149 
2470 3145 3148 3149 
2471 3145 1044 3148 
2472 3149 3148 536 
2473 460 3150 3065 
2474 3150 3151 3065 
2475 3150 1046 3151 
2476 3065 3151 1020 
2477 1046 3152 3151 
2478 3152 3153 3151 
2479 3152 1047 3153 
2480 3151 3153 1020 
2481 1046 3154 3152 
2482 3154 3155 3152 
2483 3154 462 3155 
2484 3152 3155 1047 
2485 1020 3153 3066 
2486 3153 3156 3066 
2487 3153 1047 3156 
2488 3066 3156 459 
2489 446 3018 3158 
2490 3018 3157 3158 
2491 3018 1008 3157 
2492 3158 3157 1049 
2493 1008 3159 3157 
2494 3159 3160 3157 
2495 3159 1048 3160 
2496 3157 3160 1049 
2497 1008 3017 3159 
2498 3017 3161 3159 
2499 3017 540 3161 
2500 3159 3161 1048 
2501 1049 3160 3163 
2502 3160 3162 3163 
2503 3160 1048 3162 
2504 3163 3162 440 
2505 440 3162 3165 
2506 3162 3164 3165 
2507 3162 1048 3164 
2508 3165 3164 1051 
2509 1048 3166 3164 
2510 3166 3167 3164 
2511 3166 1050 3167 
2512 3164 3167 1051 
2513 1048 3161 3166 
2514 3161 3168 3166 
2515 3161 540 3168 
2516 3166 3168 1050 
2517 1051 3167 3170 
2518 3167 3169 3170 
2519 3167 1050 3169 
2520 3170 3169 490 
2521 330 3171 3139 
2522 3171 3172 3139 
2523 3171 1052 3172 
2524 3139 3172 1042 
2525 1052 3173 3172 
2526 3173 3174 3172 
2527 3173 1053 3174 
2528 3172 3174 1042 
2529 1052 3175 3173 
2530 3175 3176 3173 
2531 3175 331 3176 
2532 3173 3176 1053 
2533 1042 3174 3140 
2534 3174 3177 3140 
2535 3174 1053 3177 
2536 3140 3177 329 
2537 328 3178 3134 
2538 3178 3179 3134 
2539 3178 1054 3179 
2540 3134 3179 1041 
2541 1054 3180 3179 
2542 3180 3181 3179 
2543 3180 1055 3181 
2544 3179 3181 1041 
2545 1054 3182 3180 
2546 3182 3183 3180 
2547 3182 411 3183 
2548 3180 3183 1055 
2549 1041 3181 3138 
2550 3181 3184 3138 
2551 3181 1055 3184 
2552 3138 3184 330 
2553 462 3185 3155 
2554 3185 3186 3155 
2555 3185 1056 3186 
2556 3155 3186 1047 
2557 1056 3187 3186 
2558 3187 3188 3186 
2559 3187 1006 3188 
2560 3186 3188 1047 
2561 1056 3189 3187 
2562 3189 3007 3187 
2563 3189 486 3007 
2564 3187 3007 1006 
2565 1047 3188 3156 
2566 3188 3011 3156 
2567 3188 1006 3011 
2568 3156 3011 459 
2569 460 3190 3150 
2570 3190 3191 3150 
2571 3190 1057 3191 
2572 3150 3191 1046 
2573 1057 3192 3191 
2574 3192 3193 3191 
2575 3192 1058 3193 
2576 3191 3193 1046 
2577 1057 3194 3192 
2578 3194 3195 3192 
2579 3194 463 3195 
2580 3192 3195 1058 
2581 1046 3193 3154 
2582 3193 3196 3154 
2583 3193 1058 3196 
2584 3154 3196 462 
2585 330 3197 3171 
2586 3197 3198 3171 
2587 3197 1059 3198 
2588 3171 3198 1052 
2589 1059 3199 3198 
2590 3199 3200 3198 
2591 3199 1060 3200 
2592 3198 3200 1052 
2593 1059 3201 3199 
2594 3201 3202 3199 
2595 3201 332 3202 
2596 3199 3202 1060 
2597 1052 3200 3175 
2598 3200 3203 3175 
2599 3200 1060 3203 
2600 3175 3203 331 
2601 463 3204 3195 
2602 3204 3205 3195 
2603 3204 1061 3205 
2604 3195 3205 1058 
2605 1061 3206 3205 
2606 3206 3207 3205 
2607 3206 1062 3207 
2608 3205 3207 1058 
2609 1061 3208 3206 
2610 3208 3209 3206 
2611 3208 464 3209 
2612 3206 3209 1062 
2613 1058 3207 3196 
2614 3207 3210 3196 
2615 3207 1062 3210 
2616 3196 3210 462 
2617 377 3211 3213 
2618 3211 3212 3213 
2619 3211 1063 3212 
2620 3213 3212 1065 
2621 1063 3214 3212 
2622 3214 3215 3212 
2623 3214 1064 3215 
2624 3212 3215 1065 
2625 1063 3216 3214 
2626 3216 3217 3214 
2627 3216 542 3217 
2628 3214 3217 1064 
2629 1065 3215 3219 
2630 3215 3218 3219 
2631 3215 1064 3218 
2632 3219 3218 431 
2633 332 3220 3202 
2634 3220 3221 3202 
2635 3220 1066 3221 
2636 3202 3221 1060 
2637 1066 3222 3221 
2638 3222 3223 3221 
2639 3222 1067 3223 
2640 3221 3223 1060 
2641 1066 3224 3222 
2642 3224 3225 3222 
2643 3224 333 3225 
2644 3222 3225 1067 
2645 1060 3223 3203 
2646 3223 3226 3203 
2647 3223 1067 3226 
2648 3203 3226 331 
2649 541 3227 3229 
2650 3227 3228 3229 
2651 3227 1068 3228 
2652 3229 3228 1070 
2653 1068 3230 3228 
2654 3230 3231 3228 
2655 3230 1069 3231 
2656 3228 3231 1070 
2657 1068 3232 3230 
2658 3232 3233 3230 
2659 3232 616 3233 
2660 3230 3233 1069 
2661 1070 3231 3235 
2662 3231 3234 3235 
2663 3231 1069 3234 
2664 3235 3234 441 
2665 463 3236 3204 
2666 3236 3237 3204 
2667 3236 1071 3237 
2668 3204 3237 1061 
2669 1071 3238 3237 
2670 3238 3239 3237 
2671 3238 1072 3239 
2672 3237 3239 1061 
2673 1071 3240 3238 
2674 3240 3241 3238 
2675 3240 465 3241 
2676 3238 3241 1072 
2677 1061 3239 3208 
2678 3239 3242 3208 
2679 3239 1072 3242 
2680 3208 3242 464 
2681 542 3243 3245 
2682 3243 3244 3245 
2683 3243 1073 3244 
2684 3245 3244 1074 
2685 1073 3246 3244 
2686 3246 3247 3244 
2687 3246 1068 3247 
2688 3244 3247 1074 
2689 1073 3248 3246 
2690 3248 3232 3246 
2691 3248 616 3232 
2692 3246 3232 1068 
2693 1074 3247 3249 
2694 3247 3227 3249 
2695 3247 1068 3227 
2696 3249 3227 541 
2697 377 3250 3211 
2698 3250 3251 3211 
2699 3250 1075 3251 
2700 3211 3251 1063 
2701 1075 3252 3251 
2702 3252 3253 3251 
2703 3252 1076 3253 
2704 3251 3253 1063 
2705 1075 3254 3252 
2706 3254 3255 3252 
2707 3254 569 3255 
2708 3252 3255 1076 
2709 1063 3253 3216 
2710 3253 3256 3216 
2711 3253 1076 3256 
2712 3216 3256 542 
2713 431 3218 3258 
2714 3218 3257 3258 
2715 3218 1064 3257 
2716 3258 3257 1078 
2717 1064 3259 3257 
2718 3259 3260 3257 
2719 3259 1077 3260 
2720 3257 3260 1078 
2721 1064 3217 3259 
2722 3217 3261 3259 
2723 3217 542 3261 
2724 3259 3261 1077 
2725 1078 3260 3263 
2726 3260 3262 3263 
2727 3260 1077 3262 
2728 3263 3262 473 
2729 332 3264 3220 
2730 3264 3265 3220 
2731 3264 1079 3265 
2732 3220 3265 1066 
2733 1079 3266 3265 
2734 3266 3267 3265 
2735 3266 1080 3267 
2736 3265 3267 1066 
2737 1079 3268 3266 
2738 3268 3269 3266 
2739 3268 335 3269 
2740 3266 3269 1080 
2741 1066 3267 3224 
2742 3267 3270 3224 
2743 3267 1080 3270 
2744 3224 3270 333 
2745 333 3271 3225 
2746 3271 3272 3225 
2747 3271 1081 3272 
2748 3225 3272 1067 
2749 1081 3273 3272 
2750 3273 3274 3272 
2751 3273 1082 3274 
2752 3272 3274 1067 
2753 1081 3275 3273 
2754 3275 3276 3273 
2755 3275 334 3276 
2756 3273 3276 1082 
2757 1067 3274 3226 
2758 3274 3277 3226 
2759 3274 1082 3277 
2760 3226 3277 331 
2761 463 3278 3236 
2762 3278 3279 3236 
2763 3278 1083 3279 
2764 3236 3279 1071 
2765 1083 3280 3279 
2766 3280 3281 3279 
2767 3280 1084 3281 
2768 3279 3281 1071 
2769 1083 3282 3280 
2770 3282 3283 3280 
2771 3282 466 3283 
2772 3280 3283 1084 
2773 1071 3281 3240 
2774 3281 3284 3240 
2775 3281 1084 3284 
2776 3240 3284 465 
2777 613 3285 3287 
2778 3285 3286 3287 
2779 3285 1085 3286 
2780 3287 3286 1087 
2781 1085 3288 3286 
2782 3288 3289 3286 
2783 3288 1086 3289 
2784 3286 3289 1087 
2785 1085 3290 3288 
2786 3290 3291 3288 
2787 3290 614 3291 
2788 3288 3291 1086 
2789 1087 3289 3293 
2790 3289 3292 3293 
2791 3289 1086 3292 
2792 3293 3292 605 
2793 335 3294 3269 
2794 3294 3295 3269 
2795 3294 1088 3295 
2796 3269 3295 1080 
2797 1088 3296 3295 
2798 3296 3297 3295 
2799 3296 1089 3297 
2800 3295 3297 1080 
2801 1088 3298 3296 
2802 3298 3299 3296 
2803 3298 336 3299 
2804 3296 3299 1089 
2805 1080 3297 3270 
2806 3297 3300 3270 
2807 3297 1089 3300 
2808 3270 3300 333 
2809 332 3301 3264 
2810 3301 3302 3264 
2811 3301 1090 3302 
2812 3264 3302 1079 
2813 1090 3303 3302 
2814 3303 3304 3302 
2815 3303 1091 3304 
2816 3302 3304 1079 
2817 1090 3305 3303 
2818 3305 3306 3303 
2819 3305 346 3306 
2820 3303 3306 1091 
2821 1079 3304 3268 
2822 3304 3307 3268 
2823 3304 1091 3307 
2824 3268 3307 335 
2825 466 3308 3283 
2826 3308 3309 3283 
2827 3308 1092 3309 
2828 3283 3309 1084 
2829 1092 3310 3309 
2830 3310 3311 3309 
2831 3310 1093 3311 
2832 3309 3311 1084 
2833 1092 3312 3310 
2834 3312 3313 3310 
2835 3312 467 3313 
2836 3310 3313 1093 
2837 1084 3311 3284 
2838 3311 3314 3284 
2839 3311 1093 3314 
2840 3284 3314 465 
2841 335 3315 3294 
2842 3315 3316 3294 
2843 3315 1094 3316 
2844 3294 3316 1088 
2845 1094 3317 3316 
2846 3317 3318 3316 
2847 3317 1095 3318 
2848 3316 3318 1088 
2849 1094 3319 3317 
2850 3319 3320 3317 
2851 3319 337 3320 
2852 3317 3320 1095 
2853 1088 3318 3298 
2854 3318 3321 3298 
2855 3318 1095 3321 
2856 3298 3321 336 
2857 467 3322 3313 
2858 3322 3323 3313 
2859 3322 1096 3323 
2860 3313 3323 1093 
2861 1096 3324 3323 
2862 3324 3325 3323 
2863 3324 1097 3325 
2864 3323 3325 1093 
2865 1096 3326 3324 
2866 3326 3327 3324 
2867 3326 468 3327 
2868 3324 3327 1097 
2869 1093 3325 3314 
2870 3325 3328 3314 
2871 3325 1097 3328 
2872 3314 3328 465 
2873 337 3329 3320 
2874 3329 3330 3320 
2875 3329 1098 3330 
2876 3320 3330 1095 
2877 1098 3331 3330 
2878 3331 3332 3330 
2879 3331 1099 3332 
2880 3330 3332 1095 
2881 1098 3333 3331 
2882 3333 3334 3331 
2883 3333 338 3334 
2884 3331 3334 1099 
2885 1095 3332 3321 
2886 3332 3335 3321 
2887 3332 1099 3335 
2888 3321 3335 336 
2889 467 3336 3322 
2890 3336 3337 3322 
2891 3336 1100 3337 
2892 3322 3337 1096 
2893 1100 3338 3337 
2894 3338 3339 3337 
2895 3338 1101 3339 
2896 3337 3339 1096 
2897 1100 3340 3338 
2898 3340 3341 3338 
2899 3340 479 3341 
2900 3338 3341 1101 
2901 1096 3339 3326 
2902 3339 3342 3326 
2903 3339 1101 3342 
2904 3326 3342 468 
2905 337 3343 3329 
2906 3343 3344 3329 
2907 3343 1102 3344 
2908 3329 3344 1098 
2909 1102 3345 3344 
2910 3345 3346 3344 
2911 3345 1103 3346 
2912 3344 3346 1098 
2913 1102 3347 3345 
2914 3347 3348 3345 
2915 3347 339 3348 
2916 3345 3348 1103 
2917 1098 3346 3333 
2918 3346 3349 3333 
2919 3346 1103 3349 
2920 3333 3349 338 
2921 467 3350 3336 
2922 3350 3351 3336 
2923 3350 1104 3351 
2924 3336 3351 1100 
2925 1104 3352 3351 
2926 3352 3353 3351 
2927 3352 1105 3353 
2928 3351 3353 1100 
2929 1104 3354 3352 
2930 3354 3355 3352 
2931 3354 483 3355 
2932 3352 3355 1105 
2933 1100 3353 3340 
2934 3353 3356 3340 
2935 3353 1105 3356 
2936 3340 3356 479 
2937 479 3357 3341 
2938 3357 3358 3341 
2939 3357 1106 3358 
2940 3341 3358 1101 
2941 1106 3359 3358 
2942 3359 3360 3358 
2943 3359 1107 3360 
2944 3358 3360 1101 
2945 1106 3361 3359 
2946 3361 3362 3359 
2947 3361 508 3362 
2948 3359 3362 1107 
2949 1101 3360 3342 
2950 3360 3363 3342 
2951 3360 1107 3363 
2952 3342 3363 468 
2953 607 3364 3366 
2954 3364 3365 3366 
2955 3364 1108 3365 
2956 3366 3365 1110 
2957 1108 3367 3365 
2958 3367 3368 3365 
2959 3367 1109 3368 
2960 3365 3368 1110 
2961 1108 3369 3367 
2962 3369 3370 3367 
2963 3369 608 3370 
2964 3367 3370 1109 
2965 1110 3368 3372 
2966 3368 3371 3372 
2967 3368 1109 3371 
2968 3372 3371 585 
2969 339 3373 3348 
2970 3373 3374 3348 
2971 3373 1111 3374 
2972 3348 3374 1103 
2973 1111 3375 3374 
2974 3375 3376 3374 
2975 3375 1112 3376 
2976 3374 3376 1103 
2977 1111 3377 3375 
2978 3377 3378 3375 
2979 3377 340 3378 
2980 3375 3378 1112 
2981 1103 3376 3349 
2982 3376 3379 3349 
2983 3376 1112 3379 
2984 3349 3379 338 
2985 337 3380 3343 
2986 3380 3381 3343 
2987 3380 1113 3381 
2988 3343 3381 1102 
2989 1113 3382 3381 
2990 3382 3383 3381 
2991 3382 1114 3383 
2992 3381 3383 1102 
2993 1113 3384 3382 
2994 3384 3385 3382 
2995 3384 342 3385 
2996 3382 3385 1114 
2997 1102 3383 3347 
2998 3383 3386 3347 
2999 3383 1114 3386 
3000 3347 3386 339 
3001 379 3387 3389 
3002 3387 3388 3389 
3003 3387 1115 3388 
3004 3389 3388 1117 
3005 1115 3390 3388 
3006 3390 3391 3388 
3007 3390 1116 3391 
3008 3388 3391 1117 
3009 1115 3392 3390 
3010 3392 3393 3390 
3011 3392 569 3393 
3012 3390 3393 1116 
3013 1117 3391 3395 
3014 3391 3394 3395 
3015 3391 1116 3394 
3016 3395 3394 376 
3017 483 3396 3355 
3018 3396 3397 3355 
3019 3396 1118 3397 
3020 3355 3397 1105 
3021 1118 3398 3397 
3022 3398 3399 3397 
3023 3398 1119 3399 
3024 3397 3399 1105 
3025 1118 3400 3398 
3026 3400 3401 3398 
3027 3400 484 3401 
3028 3398 3401 1119 
3029 1105 3399 3356 
3030 3399 3402 3356 
3031 3399 1119 3402 
3032 3356 3402 479 
3033 508 2337 3362 
3034 2337 3403 3362 
3035 2337 803 3403 
3036 3362 3403 1107 
3037 803 3404 3403 
3038 3404 3405 3403 
3039 3404 1120 3405 
3040 3403 3405 1107 
3041 803 2341 3404 
3042 2341 3406 3404 
3043 2341 509 3406 
3044 3404 3406 1120 
3045 1107 3405 3363 
3046 3405 3407 3363 
3047 3405 1120 3407 
3048 3363 3407 468 
3049 382 3408 3410 
3050 3408 3409 3410 
3051 3408 1121 3409 
3052 3410 3409 1122 
3053 1121 3411 3409 
3054 3411 3412 3409 
3055 3411 1115 3412 
3056 3409 3412 1122 
3057 1121 3413 3411 
3058 3413 3392 3411 
3059 3413 569 3392 
3060 3411 3392 1115 
3061 1122 3412 3414 
3062 3412 3387 3414 
3063 3412 1115 3387 
3064 3414 3387 379 
3065 376 3394 3416 
3066 3394 3415 3416 
3067 3394 1116 3415 
3068 3416 3415 1123 
3069 1116 3417 3415 
3070 3417 3418 3415 
3071 3417 1075 3418 
3072 3415 3418 1123 
3073 1116 3393 3417 
3074 3393 3254 3417 
3075 3393 569 3254 
3076 3417 3254 1075 
3077 1123 3418 3419 
3078 3418 3250 3419 
3079 3418 1075 3250 
3080 3419 3250 377 
3081 473 3262 3109 
3082 3262 3420 3109 
3083 3262 1077 3420 
3084 3109 3420 1033 
3085 1077 3421 3420 
3086 3421 3422 3420 
3087 3421 1074 3422 
3088 3420 3422 1033 
3089 1077 3261 3421 
3090 3261 3245 3421 
3091 3261 542 3245 
3092 3421 3245 1074 
3093 1033 3422 3114 
3094 3422 3249 3114 
3095 3422 1074 3249 
3096 3114 3249 541 
3097 339 3423 3373 
3098 3423 3424 3373 
3099 3423 1124 3424 
3100 3373 3424 1111 
3101 1124 3425 3424 
3102 3425 3426 3424 
3103 3425 1125 3426 
3104 3424 3426 1111 
3105 1124 3427 3425 
3106 3427 3428 3425 
3107 3427 343 3428 
3108 3425 3428 1125 
3109 1111 3426 3377 
3110 3426 3429 3377 
3111 3426 1125 3429 
3112 3377 3429 340 
3113 340 3430 3378 
3114 3430 3431 3378 
3115 3430 1126 3431 
3116 3378 3431 1112 
3117 1126 3432 3431 
3118 3432 3433 3431 
3119 3432 1127 3433 
3120 3431 3433 1112 
3121 1126 3434 3432 
3122 3434 3435 3432 
3123 3434 341 3435 
3124 3432 3435 1127 
3125 1112 3433 3379 
3126 3433 3436 3379 
3127 3433 1127 3436 
3128 3379 3436 338 
3129 483 3437 3396 
3130 3437 3438 3396 
3131 3437 1128 3438 
3132 3396 3438 1118 
3133 1128 3439 3438 
3134 3439 3440 3438 
3135 3439 1129 3440 
3136 3438 3440 1118 
3137 1128 3441 3439 
3138 3441 3442 3439 
3139 3441 485 3442 
3140 3439 3442 1129 
3141 1118 3440 3400 
3142 3440 3443 3400 
3143 3440 1129 3443 
3144 3400 3443 484 
3145 343 3444 3428 
3146 3444 3445 3428 
3147 3444 1130 3445 
3148 3428 3445 1125 
3149 1130 3446 3445 
3150 3446 3447 3445 
3151 3446 1131 3447 
3152 3445 3447 1125 
3153 1130 3448 3446 
3154 3448 3449 3446 
3155 3448 344 3449 
3156 3446 3449 1131 
3157 1125 3447 3429 
3158 3447 3450 3429 
3159 3447 1131 3450 
3160 3429 3450 340 
3161 485 3451 3442 
3162 3451 3452 3442 
3163 3451 1132 3452 
3164 3442 3452 1129 
3165 1132 3453 3452 
3166 3453 3454 3452 
3167 3453 1133 3454 
3168 3452 3454 1129 
3169 1132 3455 3453 
3170 3455 3456 3453 
3171 3455 487 3456 
3172 3453 3456 1133 
3173 1129 3454 3443 
3174 3454 3457 3443 
3175 3454 1133 3457 
3176 3443 3457 484 
3177 343 3458 3444 
3178 3458 3459 3444 
3179 3458 1134 3459 
3180 3444 3459 1130 
3181 1134 3460 3459 
3182 3460 3461 3459 
3183 3460 1135 3461 
3184 3459 3461 1130 
3185 1134 3462 3460 
3186 3462 3463 3460 
3187 3462 347 3463 
3188 3460 3463 1135 
3189 1130 3461 3448 
3190 3461 3464 3448 
3191 3461 1135 3464 
3192 3448 3464 344 
3193 487 3465 3456 
3194 3465 3466 3456 
3195 3465 1136 3466 
3196 3456 3466 1133 
3197 1136 3467 3466 
3198 3467 3468 3466 
3199 3467 1137 3468 
3200 3466 3468 1133 
3201 1136 3469 3467 
3202 3469 3470 3467 
3203 3469 500 3470 
3204 3467 3470 1137 
3205 1133 3468 3457 
3206 3468 3471 3457 
3207 3468 1137 3471 
3208 3457 3471 484 
3209 347 3472 3463 
3210 3472 3473 3463 
3211 3472 1138 3473 
3212 3463 3473 1135 
3213 1138 3474 3473 
3214 3474 3475 3473 
3215 3474 1139 3475 
3216 3473 3475 1135 
3217 1138 3476 3474 
3218 3476 3477 3474 
3219 3476 348 3477 
3220 3474 3477 1139 
3221 1135 3475 3464 
3222 3475 3478 3464 
3223 3475 1139 3478 
3224 3464 3478 344 
3225 343 3479 3458 
3226 3479 3480 3458 
3227 3479 1140 3480 
3228 3458 3480 1134 
3229 1140 3481 3480 
3230 3481 3482 3480 
3231 3481 1141 3482 
3232 3480 3482 1134 
3233 1140 3483 3481 
3234 3483 3484 3481 
3235 3483 350 3484 
3236 3481 3484 1141 
3237 1134 3482 3462 
3238 3482 3485 3462 
3239 3482 1141 3485 
3240 3462 3485 347 
3241 347 3486 3472 
3242 3486 3487 3472 
3243 3486 1142 3487 
3244 3472 3487 1138 
3245 1142 3488 3487 
3246 3488 3489 3487 
3247 3488 1143 3489 
3248 3487 3489 1138 
3249 1142 3490 3488 
3250 3490 3491 3488 
3251 3490 351 3491 
3252 3488 3491 1143 
3253 1138 3489 3476 
3254 3489 3492 3476 
3255 3489 1143 3492 
3256 3476 3492 348 
3257 348 3493 3477 
3258 3493 3494 3477 
3259 3493 1144 3494 
3260 3477 3494 1139 
3261 1144 3495 3494 
3262 3495 3496 3494 
3263 3495 1145 3496 
3264 3494 3496 1139 
3265 1144 3497 3495 
3266 3497 3498 3495 
3267 3497 349 3498 
3268 3495 3498 1145 
3269 1139 3496 3478 
3270 3496 3499 3478 
3271 3496 1145 3499 
3272 3478 3499 344 
3273 351 3500 3491 
3274 3500 3501 3491 
3275 3500 1146 3501 
3276 3491 3501 1143 
3277 1146 3502 3501 
3278 3502 3503 3501 
3279 3502 1147 3503 
3280 3501 3503 1143 
3281 1146 3504 3502 
3282 3504 3505 3502 
3283 3504 352 3505 
3284 3502 3505 1147 
3285 1143 3503 3492 
3286 3503 3506 3492 
3287 3503 1147 3506 
3288 3492 3506 348 
3289 351 3507 3500 
3290 3507 3508 3500 
3291 3507 1148 3508 
3292 3500 3508 1146 
3293 1148 3509 3508 
3294 3509 3510 3508 
3295 3509 1149 3510 
3296 3508 3510 1146 
3297 1148 3511 3509 
3298 3511 3512 3509 
3299 3511 353 3512 
3300 3509 3512 1149 
3301 1146 3510 3504 
3302 3510 3513 3504 
3303 3510 1149 3513 
3304 3504 3513 352 
3305 351 3514 3507 
3306 3514 3515 3507 
3307 3514 1150 3515 
3308 3507 3515 1148 
3309 1150 3516 3515 
3310 3516 3517 3515 
3311 3516 1151 3517 
3312 3515 3517 1148 
3313 1150 3518 3516 
3314 3518 3519 3516 
3315 3518 410 3519 
3316 3516 3519 1151 
3317 1148 3517 3511 
3318 3517 3520 3511 
3319 3517 1151 3520 
3320 3511 3520 353 
3321 353 2158 3512 
3322 2158 3521 3512 
3323 2158 749 3521 
3324 3512 3521 1149 
3325 749 3522 3521 
3326 3522 3523 3521 
3327 3522 1152 3523 
3328 3521 3523 1149 
3329 749 2164 3522 
3330 2164 3524 3522 
3331 2164 354 3524 
3332 3522 3524 1152 
3333 1149 3523 3513 
3334 3523 3525 3513 
3335 3523 1152 3525 
3336 3513 3525 352 
3337 391 3526 3528 
3338 3526 3527 3528 
3339 3526 1153 3527 
3340 3528 3527 1155 
3341 1153 3529 3527 
3342 3529 3530 3527 
3343 3529 1154 3530 
3344 3527 3530 1155 
3345 1153 3531 3529 
3346 3531 3532 3529 
3347 3531 568 3532 
3348 3529 3532 1154 
3349 1155 3530 3534 
3350 3530 3533 3534 
3351 3530 1154 3533 
3352 3534 3533 545 
3353 547 3535 2214 
3354 3535 3536 2214 
3355 3535 1156 3536 
3356 2214 3536 765 
3357 1156 3537 3536 
3358 3537 3538 3536 
3359 3537 1157 3538 
3360 3536 3538 765 
3361 1156 3539 3537 
3362 3539 3540 3537 
3363 3539 568 3540 
3364 3537 3540 1157 
3365 765 3538 2210 
3366 3538 3541 2210 
3367 3538 1157 3541 
3368 2210 3541 406 
3369 545 3533 3543 
3370 3533 3542 3543 
3371 3533 1154 3542 
3372 3543 3542 1158 
3373 1154 3544 3542 
3374 3544 3545 3542 
3375 3544 1156 3545 
3376 3542 3545 1158 
3377 1154 3532 3544 
3378 3532 3539 3544 
3379 3532 568 3539 
3380 3544 3539 1156 
3381 1158 3545 3546 
3382 3545 3535 3546 
3383 3545 1156 3535 
3384 3546 3535 547 
3385 391 3528 3548 
3386 3528 3547 3548 
3387 3528 1155 3547 
3388 3548 3547 1160 
3389 1155 3549 3547 
3390 3549 3550 3547 
3391 3549 1159 3550 
3392 3547 3550 1160 
3393 1155 3534 3549 
3394 3534 3551 3549 
3395 3534 545 3551 
3396 3549 3551 1159 
3397 1160 3550 3553 
3398 3550 3552 3553 
3399 3550 1159 3552 
3400 3553 3552 543 
3401 543 3554 3553 
3402 3554 3555 3553 
3403 3554 1161 3555 
3404 3553 3555 1160 
3405 1161 3556 3555 
3406 3556 3557 3555 
3407 3556 1162 3557 
3408 3555 3557 1160 
3409 1161 3558 3556 
3410 3558 3559 3556 
3411 3558 550 3559 
3412 3556 3559 1162 
3413 1160 3557 3548 
3414 3557 3560 3548 
3415 3557 1162 3560 
3416 3548 3560 391 
3417 502 3561 3563 
3418 3561 3562 3563 
3419 3561 1163 3562 
3420 3563 3562 1165 
3421 1163 3564 3562 
3422 3564 3565 3562 
3423 3564 1164 3565 
3424 3562 3565 1165 
3425 1163 3566 3564 
3426 3566 3567 3564 
3427 3566 556 3567 
3428 3564 3567 1164 
3429 1165 3565 3569 
3430 3565 3568 3569 
3431 3565 1164 3568 
3432 3569 3568 407 
3433 372 3570 3572 
3434 3570 3571 3572 
3435 3570 1166 3571 
3436 3572 3571 1168 
3437 1166 3573 3571 
3438 3573 3574 3571 
3439 3573 1167 3574 
3440 3571 3574 1168 
3441 1166 3575 3573 
3442 3575 3576 3573 
3443 3575 572 3576 
3444 3573 3576 1167 
3445 1168 3574 3578 
3446 3574 3577 3578 
3447 3574 1167 3577 
3448 3578 3577 374 
3449 419 3579 3581 
3450 3579 3580 3581 
3451 3579 1169 3580 
3452 3581 3580 1171 
3453 1169 3582 3580 
3454 3582 3583 3580 
3455 3582 1170 3583 
3456 3580 3583 1171 
3457 1169 3584 3582 
3458 3584 3585 3582 
3459 3584 575 3585 
3460 3582 3585 1170 
3461 1171 3583 3587 
3462 3583 3586 3587 
3463 3583 1170 3586 
3464 3587 3586 571 
3465 418 3588 3590 
3466 3588 3589 3590 
3467 3588 1172 3589 
3468 3590 3589 1173 
3469 1172 3591 3589 
3470 3591 3592 3589 
3471 3591 1161 3592 
3472 3589 3592 1173 
3473 1172 3593 3591 
3474 3593 3558 3591 
3475 3593 550 3558 
3476 3591 3558 1161 
3477 1173 3592 3594 
3478 3592 3554 3594 
3479 3592 1161 3554 
3480 3594 3554 543 
3481 374 3577 3596 
3482 3577 3595 3596 
3483 3577 1167 3595 
3484 3596 3595 1175 
3485 1167 3597 3595 
3486 3597 3598 3595 
3487 3597 1174 3598 
3488 3595 3598 1175 
3489 1167 3576 3597 
3490 3576 3599 3597 
3491 3576 572 3599 
3492 3597 3599 1174 
3493 1175 3598 3601 
3494 3598 3600 3601 
3495 3598 1174 3600 
3496 3601 3600 378 
3497 409 3602 3604 
3498 3602 3603 3604 
3499 3602 1176 3603 
3500 3604 3603 1178 
3501 1176 3605 3603 
3502 3605 3606 3603 
3503 3605 1177 3606 
3504 3603 3606 1178 
3505 1176 3607 3605 
3506 3607 3608 3605 
3507 3607 554 3608 
3508 3605 3608 1177 
3509 1178 3606 3610 
3510 3606 3609 3610 
3511 3606 1177 3609 
3512 3610 3609 552 
3513 552 3611 3610 
3514 3611 3612 3610 
3515 3611 1179 3612 
3516 3610 3612 1178 
3517 1179 3613 3612 
3518 3613 3614 3612 
3519 3613 1180 3614 
3520 3612 3614 1178 
3521 1179 3615 3613 
3522 3615 3616 3613 
3523 3615 561 3616 
3524 3613 3616 1180 
3525 1178 3614 3604 
3526 3614 3617 3604 
3527 3614 1180 3617 
3528 3604 3617 409 
3529 407 3568 3619 
3530 3568 3618 3619 
3531 3568 1164 3618 
3532 3619 3618 1182 
3533 1164 3620 3618 
3534 3620 3621 3618 
3535 3620 1181 3621 
3536 3618 3621 1182 
3537 1164 3567 3620 
3538 3567 3622 3620 
3539 3567 556 3622 
3540 3620 3622 1181 
3541 1182 3621 3624 
3542 3621 3623 3624 
3543 3621 1181 3623 
3544 3624 3623 409 
3545 418 3625 3588 
3546 3625 3626 3588 
3547 3625 1183 3626 
3548 3588 3626 1172 
3549 1183 3627 3626 
3550 3627 3628 3626 
3551 3627 1184 3628 
3552 3626 3628 1172 
3553 1183 3629 3627 
3554 3629 3630 3627 
3555 3629 551 3630 
3556 3627 3630 1184 
3557 1172 3628 3593 
3558 3628 3631 3593 
3559 3628 1184 3631 
3560 3593 3631 550 
3561 409 3623 3602 
3562 3623 3632 3602 
3563 3623 1181 3632 
3564 3602 3632 1176 
3565 1181 3633 3632 
3566 3633 3634 3632 
3567 3633 1185 3634 
3568 3632 3634 1176 
3569 1181 3622 3633 
3570 3622 3635 3633 
3571 3622 556 3635 
3572 3633 3635 1185 
3573 1176 3634 3607 
3574 3634 3636 3607 
3575 3634 1185 3636 
3576 3607 3636 554 
3577 366 3637 3639 
3578 3637 3638 3639 
3579 3637 1186 3638 
3580 3639 3638 1188 
3581 1186 3640 3638 
3582 3640 3641 3638 
3583 3640 1187 3641 
3584 3638 3641 1188 
3585 1186 3642 3640 
3586 3642 3643 3640 
3587 3642 557 3643 
3588 3640 3643 1187 
3589 1188 3641 3645 
3590 3641 3644 3645 
3591 3641 1187 3644 
3592 3645 3644 371 
3593 596 3646 3648 
3594 3646 3647 3648 
3595 3646 1189 3647 
3596 3648 3647 1191 
3597 1189 3649 3647 
3598 3649 3650 3647 
3599 3649 1190 3650 
3600 3647 3650 1191 
3601 1189 3651 3649 
3602 3651 3652 3649 
3603 3651 601 3652 
3604 3649 3652 1190 
3605 1191 3650 3654 
3606 3650 3653 3654 
3607 3650 1190 3653 
3608 3654 3653 600 
3609 596 3648 3656 
3610 3648 3655 3656 
3611 3648 1191 3655 
3612 3656 3655 1193 
3613 1191 3657 3655 
3614 3657 3658 3655 
3615 3657 1192 3658 
3616 3655 3658 1193 
3617 1191 3654 3657 
3618 3654 3659 3657 
3619 3654 600 3659 
3620 3657 3659 1192 
3621 1193 3658 3661 
3622 3658 3660 3661 
3623 3658 1192 3660 
3624 3661 3660 592 
3625 364 3662 3664 
3626 3662 3663 3664 
3627 3662 1194 3663 
3628 3664 3663 1195 
3629 1194 3665 3663 
3630 3665 3666 3663 
3631 3665 1186 3666 
3632 3663 3666 1195 
3633 1194 3667 3665 
3634 3667 3642 3665 
3635 3667 557 3642 
3636 3665 3642 1186 
3637 1195 3666 3668 
3638 3666 3637 3668 
3639 3666 1186 3637 
3640 3668 3637 366 
3641 410 3669 3519 
3642 3669 3670 3519 
3643 3669 1196 3670 
3644 3519 3670 1151 
3645 1196 3671 3670 
3646 3671 3672 3670 
3647 3671 824 3672 
3648 3670 3672 1151 
3649 1196 3673 3671 
3650 3673 2403 3671 
3651 3673 501 2403 
3652 3671 2403 824 
3653 1151 3672 3520 
3654 3672 2407 3520 
3655 3672 824 2407 
3656 3520 2407 353 
3657 368 3674 3676 
3658 3674 3675 3676 
3659 3674 1197 3675 
3660 3676 3675 1199 
3661 1197 3677 3675 
3662 3677 3678 3675 
3663 3677 1198 3678 
3664 3675 3678 1199 
3665 1197 3679 3677 
3666 3679 3680 3677 
3667 3679 564 3680 
3668 3677 3680 1198 
3669 1199 3678 3682 
3670 3678 3681 3682 
3671 3678 1198 3681 
3672 3682 3681 367 
3673 354 3683 3524 
3674 3683 3684 3524 
3675 3683 1200 3684 
3676 3524 3684 1152 
3677 1200 3685 3684 
3678 3685 3686 3684 
3679 3685 1201 3686 
3680 3684 3686 1152 
3681 1200 3687 3685 
3682 3687 3688 3685 
3683 3687 355 3688 
3684 3685 3688 1201 
3685 1152 3686 3525 
3686 3686 3689 3525 
3687 3686 1201 3689 
3688 3525 3689 352 
3689 408 3690 3692 
3690 3690 3691 3692 
3691 3690 1202 3691 
3692 3692 3691 1203 
3693 1202 3693 3691 
3694 3693 3694 3691 
3695 3693 1183 3694 
3696 3691 3694 1203 
3697 1202 3695 3693 
3698 3695 3629 3693 
3699 3695 551 3629 
3700 3693 3629 1183 
3701 1203 3694 3696 
3702 3694 3625 3696 
3703 3694 1183 3625 
3704 3696 3625 418 
3705 357 3697 3699 
3706 3697 3698 3699 
3707 3697 1204 3698 
3708 3699 3698 1206 
3709 1204 3700 3698 
3710 3700 3701 3698 
3711 3700 1205 3701 
3712 3698 3701 1206 
3713 1204 3702 3700 
3714 3702 3703 3700 
3715 3702 562 3703 
3716 3700 3703 1205 
3717 1206 3701 3705 
3718 3701 3704 3705 
3719 3701 1205 3704 
3720 3705 3704 355 
3721 387 3706 3708 
3722 3706 3707 3708 
3723 3706 1207 3707 
3724 3708 3707 1208 
3725 1207 3709 3707 
3726 3709 3710 3707 
3727 3709 1179 3710 
3728 3707 3710 1208 
3729 1207 3711 3709 
3730 3711 3615 3709 
3731 3711 561 3615 
3732 3709 3615 1179 
3733 1208 3710 3712 
3734 3710 3611 3712 
3735 3710 1179 3611 
3736 3712 3611 552 
3737 590 3713 3715 
3738 3713 3714 3715 
3739 3713 1209 3714 
3740 3715 3714 1211 
3741 1209 3716 3714 
3742 3716 3717 3714 
3743 3716 1210 3717 
3744 3714 3717 1211 
3745 1209 3718 3716 
3746 3718 3719 3716 
3747 3718 600 3719 
3748 3716 3719 1210 
3749 1211 3717 3721 
3750 3717 3720 3721 
3751 3717 1210 3720 
3752 3721 3720 599 
3753 550 3631 3723 
3754 3631 3722 3723 
3755 3631 1184 3722 
3756 3723 3722 1213 
3757 1184 3724 3722 
3758 3724 3725 3722 
3759 3724 1212 3725 
3760 3722 3725 1213 
3761 1184 3630 3724 
3762 3630 3726 3724 
3763 3630 551 3726 
3764 3724 3726 1212 
3765 1213 3725 3728 
3766 3725 3727 3728 
3767 3725 1212 3727 
3768 3728 3727 362 
3769 373 3729 3731 
3770 3729 3730 3731 
3771 3729 1214 3730 
3772 3731 3730 1215 
3773 1214 3732 3730 
3774 3732 3733 3730 
3775 3732 1197 3733 
3776 3730 3733 1215 
3777 1214 3734 3732 
3778 3734 3679 3732 
3779 3734 564 3679 
3780 3732 3679 1197 
3781 1215 3733 3735 
3782 3733 3674 3735 
3783 3733 1197 3674 
3784 3735 3674 368 
3785 362 3727 3737 
3786 3727 3736 3737 
3787 3727 1212 3736 
3788 3737 3736 1217 
3789 1212 3738 3736 
3790 3738 3739 3736 
3791 3738 1216 3739 
3792 3736 3739 1217 
3793 1212 3726 3738 
3794 3726 3740 3738 
3795 3726 551 3740 
3796 3738 3740 1216 
3797 1217 3739 3742 
3798 3739 3741 3742 
3799 3739 1216 3741 
3800 3742 3741 364 
3801 490 3743 3745 
3802 3743 3744 3745 
3803 3743 1218 3744 
3804 3745 3744 1220 
3805 1218 3746 3744 
3806 3746 3747 3744 
3807 3746 1219 3747 
3808 3744 3747 1220 
3809 1218 3748 3746 
3810 3748 3749 3746 
3811 3748 564 3749 
3812 3746 3749 1219 
3813 1220 3747 3751 
3814 3747 3750 3751 
3815 3747 1219 3750 
3816 3751 3750 563 
3817 360 3752 3754 
3818 3752 3753 3754 
3819 3752 1221 3753 
3820 3754 3753 1222 
3821 1221 3755 3753 
3822 3755 3756 3753 
3823 3755 1213 3756 
3824 3753 3756 1222 
3825 1221 3757 3755 
3826 3757 3723 3755 
3827 3757 550 3723 
3828 3755 3723 1213 
3829 1222 3756 3758 
3830 3756 3728 3758 
3831 3756 1213 3728 
3832 3758 3728 362 
3833 356 3759 3761 
3834 3759 3760 3761 
3835 3759 1223 3760 
3836 3761 3760 1225 
3837 1223 3762 3760 
3838 3762 3763 3760 
3839 3762 1224 3763 
3840 3760 3763 1225 
3841 1223 3764 3762 
3842 3764 3765 3762 
3843 3764 568 3765 
3844 3762 3765 1224 
3845 1225 3763 3767 
3846 3763 3766 3767 
3847 3763 1224 3766 
3848 3767 3766 358 
3849 490 3745 3769 
3850 3745 3768 3769 
3851 3745 1220 3768 
3852 3769 3768 1227 
3853 1220 3770 3768 
3854 3770 3771 3768 
3855 3770 1226 3771 
3856 3768 3771 1227 
3857 1220 3751 3770 
3858 3751 3772 3770 
3859 3751 563 3772 
3860 3770 3772 1226 
3861 1227 3771 3774 
3862 3771 3773 3774 
3863 3771 1226 3773 
3864 3774 3773 438 
3865 416 3775 3777 
3866 3775 3776 3777 
3867 3775 1228 3776 
3868 3777 3776 1230 
3869 1228 3778 3776 
3870 3778 3779 3776 
3871 3778 1229 3779 
3872 3776 3779 1230 
3873 1228 3780 3778 
3874 3780 3781 3778 
3875 3780 576 3781 
3876 3778 3781 1229 
3877 1230 3779 3783 
3878 3779 3782 3783 
3879 3779 1229 3782 
3880 3783 3782 574 
3881 371 3644 3785 
3882 3644 3784 3785 
3883 3644 1187 3784 
3884 3785 3784 1232 
3885 1187 3786 3784 
3886 3786 3787 3784 
3887 3786 1231 3787 
3888 3784 3787 1232 
3889 1187 3643 3786 
3890 3643 3788 3786 
3891 3643 557 3788 
3892 3786 3788 1231 
3893 1232 3787 3790 
3894 3787 3789 3790 
3895 3787 1231 3789 
3896 3790 3789 390 
3897 551 3791 3740 
3898 3791 3792 3740 
3899 3791 1233 3792 
3900 3740 3792 1216 
3901 1233 3793 3792 
3902 3793 3794 3792 
3903 3793 1194 3794 
3904 3792 3794 1216 
3905 1233 3795 3793 
3906 3795 3667 3793 
3907 3795 557 3667 
3908 3793 3667 1194 
3909 1216 3794 3741 
3910 3794 3662 3741 
3911 3794 1194 3662 
3912 3741 3662 364 
3913 397 3796 3798 
3914 3796 3797 3798 
3915 3796 1234 3797 
3916 3798 3797 1235 
3917 1234 3799 3797 
3918 3799 3800 3797 
3919 3799 1228 3800 
3920 3797 3800 1235 
3921 1234 3801 3799 
3922 3801 3780 3799 
3923 3801 576 3780 
3924 3799 3780 1228 
3925 1235 3800 3802 
3926 3800 3775 3802 
3927 3800 1228 3775 
3928 3802 3775 416 
3929 563 3750 3804 
3930 3750 3803 3804 
3931 3750 1219 3803 
3932 3804 3803 1236 
3933 1219 3805 3803 
3934 3805 3806 3803 
3935 3805 1214 3806 
3936 3803 3806 1236 
3937 1219 3749 3805 
3938 3749 3734 3805 
3939 3749 564 3734 
3940 3805 3734 1214 
3941 1236 3806 3807 
3942 3806 3729 3807 
3943 3806 1214 3729 
3944 3807 3729 373 
3945 409 3617 3809 
3946 3617 3808 3809 
3947 3617 1180 3808 
3948 3809 3808 1238 
3949 1180 3810 3808 
3950 3810 3811 3808 
3951 3810 1237 3811 
3952 3808 3811 1238 
3953 1180 3616 3810 
3954 3616 3812 3810 
3955 3616 561 3812 
3956 3810 3812 1237 
3957 1238 3811 3814 
3958 3811 3813 3814 
3959 3811 1237 3813 
3960 3814 3813 399 
3961 571 3586 3816 
3962 3586 3815 3816 
3963 3586 1170 3815 
3964 3816 3815 1240 
3965 1170 3817 3815 
3966 3817 3818 3815 
3967 3817 1239 3818 
3968 3815 3818 1240 
3969 1170 3585 3817 
3970 3585 3819 3817 
3971 3585 575 3819 
3972 3817 3819 1239 
3973 1240 3818 3821 
3974 3818 3820 3821 
3975 3818 1239 3820 
3976 3821 3820 400 
3977 369 3822 3824 
3978 3822 3823 3824 
3979 3822 1241 3823 
3980 3824 3823 1242 
3981 1241 3825 3823 
3982 3825 3826 3823 
3983 3825 1204 3826 
3984 3823 3826 1242 
3985 1241 3827 3825 
3986 3827 3702 3825 
3987 3827 562 3702 
3988 3825 3702 1204 
3989 1242 3826 3828 
3990 3826 3697 3828 
3991 3826 1204 3697 
3992 3828 3697 357 
3993 359 3829 3831 
3994 3829 3830 3831 
3995 3829 1243 3830 
3996 3831 3830 1245 
3997 1243 3832 3830 
3998 3832 3833 3830 
3999 3832 1244 3833 
4000 3830 3833 1245 
4001 1243 3834 3832 
4002 3834 3835 3832 
4003 3834 558 3835 
4004 3832 3835 1244 
4005 1245 3833 3837 
4006 3833 3836 3837 
4007 3833 1244 3836 
4008 3837 3836 369 
4009 558 3838 3835 
4010 3838 3839 3835 
4011 3838 1246 3839 
4012 3835 3839 1244 
4013 1246 3840 3839 
4014 3840 3841 3839 
4015 3840 1247 3841 
4016 3839 3841 1244 
4017 1246 3842 3840 
4018 3842 3843 3840 
4019 3842 559 3843 
4020 3840 3843 1247 
4021 1244 3841 3836 
4022 3841 3844 3836 
4023 3841 1247 3844 
4024 3836 3844 369 
4025 386 3845 3847 
4026 3845 3846 3847 
4027 3845 1248 3846 
4028 3847 3846 1250 
4029 1248 3848 3846 
4030 3848 3849 3846 
4031 3848 1249 3849 
4032 3846 3849 1250 
4033 1248 3850 3848 
4034 3850 3851 3848 
4035 3850 567 3851 
4036 3848 3851 1249 
4037 1250 3849 3853 
4038 3849 3852 3853 
4039 3849 1249 3852 
4040 3853 3852 470 
4041 358 3766 3855 
4042 3766 3854 3855 
4043 3766 1224 3854 
4044 3855 3854 1251 
4045 1224 3856 3854 
4046 3856 3857 3854 
4047 3856 1153 3857 
4048 3854 3857 1251 
4049 1224 3765 3856 
4050 3765 3531 3856 
4051 3765 568 3531 
4052 3856 3531 1153 
4053 1251 3857 3858 
4054 3857 3526 3858 
4055 3857 1153 3526 
4056 3858 3526 391 
4057 354 3859 3683 
4058 3859 3860 3683 
4059 3859 1252 3860 
4060 3683 3860 1200 
4061 1252 3861 3860 
4062 3861 3862 3860 
4063 3861 1253 3862 
4064 3860 3862 1200 
4065 1252 3863 3861 
4066 3863 3864 3861 
4067 3863 356 3864 
4068 3861 3864 1253 
4069 1200 3862 3687 
4070 3862 3865 3687 
4071 3862 1253 3865 
4072 3687 3865 355 
4073 420 3866 3868 
4074 3866 3867 3868 
4075 3866 1254 3867 
4076 3868 3867 1255 
4077 1254 3869 3867 
4078 3869 3870 3867 
4079 3869 1169 3870 
4080 3867 3870 1255 
4081 1254 3871 3869 
4082 3871 3584 3869 
4083 3871 575 3584 
4084 3869 3584 1169 
4085 1255 3870 3872 
4086 3870 3579 3872 
4087 3870 1169 3579 
4088 3872 3579 419 
4089 383 3873 3875 
4090 3873 3874 3875 
4091 3873 1256 3874 
4092 3875 3874 1257 
4093 1256 3876 3874 
4094 3876 3877 3874 
4095 3876 1207 3877 
4096 3874 3877 1257 
4097 1256 3878 3876 
4098 3878 3711 3876 
4099 3878 561 3711 
4100 3876 3711 1207 
4101 1257 3877 3879 
4102 3877 3706 3879 
4103 3877 1207 3706 
4104 3879 3706 387 
4105 594 3880 3882 
4106 3880 3881 3882 
4107 3880 1258 3881 
4108 3882 3881 1259 
4109 1258 3883 3881 
4110 3883 3884 3881 
4111 3883 1193 3884 
4112 3881 3884 1259 
4113 1258 3885 3883 
4114 3885 3656 3883 
4115 3885 596 3656 
4116 3883 3656 1193 
4117 1259 3884 3886 
4118 3884 3661 3886 
4119 3884 1193 3661 
4120 3886 3661 592 
4121 375 3887 3889 
4122 3887 3888 3889 
4123 3887 1260 3888 
4124 3889 3888 1261 
4125 1260 3890 3888 
4126 3890 3891 3888 
4127 3890 1236 3891 
4128 3888 3891 1261 
4129 1260 3892 3890 
4130 3892 3804 3890 
4131 3892 563 3804 
4132 3890 3804 1236 
4133 1261 3891 3893 
4134 3891 3807 3893 
4135 3891 1236 3807 
4136 3893 3807 373 
4137 559 3894 3843 
4138 3894 3895 3843 
4139 3894 1262 3895 
4140 3843 3895 1247 
4141 1262 3896 3895 
4142 3896 3897 3895 
4143 3896 1263 3897 
4144 3895 3897 1247 
4145 1262 3898 3896 
4146 3898 3899 3896 
4147 3898 560 3899 
4148 3896 3899 1263 
4149 1247 3897 3844 
4150 3897 3900 3844 
4151 3897 1263 3900 
4152 3844 3900 369 
4153 356 3901 3864 
4154 3901 3902 3864 
4155 3901 1264 3902 
4156 3864 3902 1253 
4157 1264 3903 3902 
4158 3903 3904 3902 
4159 3903 1206 3904 
4160 3902 3904 1253 
4161 1264 3905 3903 
4162 3905 3699 3903 
4163 3905 357 3699 
4164 3903 3699 1206 
4165 1253 3904 3865 
4166 3904 3705 3865 
4167 3904 1206 3705 
4168 3865 3705 355 
4169 408 3906 3690 
4170 3906 3907 3690 
4171 3906 1265 3907 
4172 3690 3907 1202 
4173 1265 3908 3907 
4174 3908 3909 3907 
4175 3908 1233 3909 
4176 3907 3909 1202 
4177 1265 3910 3908 
4178 3910 3795 3908 
4179 3910 557 3795 
4180 3908 3795 1233 
4181 1202 3909 3695 
4182 3909 3791 3695 
4183 3909 1233 3791 
4184 3695 3791 551 
4185 381 3911 3913 
4186 3911 3912 3913 
4187 3911 1266 3912 
4188 3913 3912 1267 
4189 1266 3914 3912 
4190 3914 3915 3912 
4191 3914 1256 3915 
4192 3912 3915 1267 
4193 1266 3916 3914 
4194 3916 3878 3914 
4195 3916 561 3878 
4196 3914 3878 1256 
4197 1267 3915 3917 
4198 3915 3873 3917 
4199 3915 1256 3873 
4200 3917 3873 383 
4201 386 3918 3920 
4202 3918 3919 3920 
4203 3918 1268 3919 
4204 3920 3919 1270 
4205 1268 3921 3919 
4206 3921 3922 3919 
4207 3921 1269 3922 
4208 3919 3922 1270 
4209 1268 3923 3921 
4210 3923 3924 3921 
4211 3923 441 3924 
4212 3921 3924 1269 
4213 1270 3922 3926 
4214 3922 3925 3926 
4215 3922 1269 3925 
4216 3926 3925 384 
4217 418 3927 3929 
4218 3927 3928 3929 
4219 3927 1271 3928 
4220 3929 3928 1273 
4221 1271 3930 3928 
4222 3930 3931 3928 
4223 3930 1272 3931 
4224 3928 3931 1273 
4225 1271 3932 3930 
4226 3932 3933 3930 
4227 3932 421 3933 
4228 3930 3933 1272 
4229 1273 3931 3935 
4230 3931 3934 3935 
4231 3931 1272 3934 
4232 3935 3934 414 
4233 363 3936 3938 
4234 3936 3937 3938 
4235 3936 1274 3937 
4236 3938 3937 1276 
4237 1274 3939 3937 
4238 3939 3940 3937 
4239 3939 1275 3940 
4240 3937 3940 1276 
4241 1274 3941 3939 
4242 3941 3942 3939 
4243 3941 570 3942 
4244 3939 3942 1275 
4245 1276 3940 3944 
4246 3940 3943 3944 
4247 3940 1275 3943 
4248 3944 3943 361 
4249 371 3785 3946 
4250 3785 3945 3946 
4251 3785 1232 3945 
4252 3946 3945 1278 
4253 1232 3947 3945 
4254 3947 3948 3945 
4255 3947 1277 3948 
4256 3945 3948 1278 
4257 1232 3790 3947 
4258 3790 3949 3947 
4259 3790 390 3949 
4260 3947 3949 1277 
4261 1278 3948 3951 
4262 3948 3950 3951 
4263 3948 1277 3950 
4264 3951 3950 389 
4265 390 3952 3954 
4266 3952 3953 3954 
4267 3952 1279 3953 
4268 3954 3953 1281 
4269 1279 3955 3953 
4270 3955 3956 3953 
4271 3955 1280 3956 
4272 3953 3956 1281 
4273 1279 3957 3955 
4274 3957 3958 3955 
4275 3957 408 3958 
4276 3955 3958 1280 
4277 1281 3956 3960 
4278 3956 3959 3960 
4279 3956 1280 3959 
4280 3960 3959 402 
4281 361 3943 3962 
4282 3943 3961 3962 
4283 3943 1275 3961 
4284 3962 3961 1283 
4285 1275 3963 3961 
4286 3963 3964 3961 
4287 3963 1282 3964 
4288 3961 3964 1283 
4289 1275 3942 3963 
4290 3942 3965 3963 
4291 3942 570 3965 
4292 3963 3965 1282 
4293 1283 3964 3967 
4294 3964 3966 3967 
4295 3964 1282 3966 
4296 3967 3966 558 
4297 391 3560 3969 
4298 3560 3968 3969 
4299 3560 1162 3968 
4300 3969 3968 1284 
4301 1162 3970 3968 
4302 3970 3971 3968 
4303 3970 1221 3971 
4304 3968 3971 1284 
4305 1162 3559 3970 
4306 3559 3757 3970 
4307 3559 550 3757 
4308 3970 3757 1221 
4309 1284 3971 3972 
4310 3971 3752 3972 
4311 3971 1221 3752 
4312 3972 3752 360 
4313 383 3973 3975 
4314 3973 3974 3975 
4315 3973 1285 3974 
4316 3975 3974 1287 
4317 1285 3976 3974 
4318 3976 3977 3974 
4319 3976 1286 3977 
4320 3974 3977 1287 
4321 1285 3978 3976 
4322 3978 3979 3976 
4323 3978 385 3979 
4324 3976 3979 1286 
4325 1287 3977 3981 
4326 3977 3980 3981 
4327 3977 1286 3980 
4328 3981 3980 384 
4329 381 3913 3983 
4330 3913 3982 3983 
4331 3913 1267 3982 
4332 3983 3982 1289 
4333 1267 3984 3982 
4334 3984 3985 3982 
4335 3984 1288 3985 
4336 3982 3985 1289 
4337 1267 3917 3984 
4338 3917 3986 3984 
4339 3917 383 3986 
4340 3984 3986 1288 
4341 1289 3985 3988 
4342 3985 3987 3988 
4343 3985 1288 3987 
4344 3988 3987 382 
4345 371 3946 3990 
4346 3946 3989 3990 
4347 3946 1278 3989 
4348 3990 3989 1291 
4349 1278 3991 3989 
4350 3991 3992 3989 
4351 3991 1290 3992 
4352 3989 3992 1291 
4353 1278 3951 3991 
4354 3951 3993 3991 
4355 3951 389 3993 
4356 3991 3993 1290 
4357 1291 3992 3995 
4358 3992 3994 3995 
4359 3992 1290 3994 
4360 3995 3994 372 
4361 356 3761 3901 
4362 3761 3996 3901 
4363 3761 1225 3996 
4364 3901 3996 1264 
4365 1225 3997 3996 
4366 3997 3998 3996 
4367 3997 1292 3998 
4368 3996 3998 1264 
4369 1225 3767 3997 
4370 3767 3999 3997 
4371 3767 358 3999 
4372 3997 3999 1292 
4373 1264 3998 3905 
4374 3998 4000 3905 
4375 3998 1292 4000 
4376 3905 4000 357 
4377 378 4001 4003 
4378 4001 4002 4003 
4379 4001 1293 4002 
4380 4003 4002 1294 
4381 1293 4004 4002 
4382 4004 4005 4002 
4383 4004 1117 4005 
4384 4002 4005 1294 
4385 1293 4006 4004 
4386 4006 3389 4004 
4387 4006 379 3389 
4388 4004 3389 1117 
4389 1294 4005 4007 
4390 4005 3395 4007 
4391 4005 1117 3395 
4392 4007 3395 376 
4393 399 3813 4009 
4394 3813 4008 4009 
4395 3813 1237 4008 
4396 4009 4008 1295 
4397 1237 4010 4008 
4398 4010 4011 4008 
4399 4010 1266 4011 
4400 4008 4011 1295 
4401 1237 3812 4010 
4402 3812 3916 4010 
4403 3812 561 3916 
4404 4010 3916 1266 
4405 1295 4011 4012 
4406 4011 3911 4012 
4407 4011 1266 3911 
4408 4012 3911 381 
4409 387 3708 4014 
4410 3708 4013 4014 
4411 3708 1208 4013 
4412 4014 4013 1297 
4413 1208 4015 4013 
4414 4015 4016 4013 
4415 4015 1296 4016 
4416 4013 4016 1297 
4417 1208 3712 4015 
4418 3712 4017 4015 
4419 3712 552 4017 
4420 4015 4017 1296 
4421 1297 4016 4019 
4422 4016 4018 4019 
4423 4016 1296 4018 
4424 4019 4018 392 
4425 431 4020 4022 
4426 4020 4021 4022 
4427 4020 1298 4021 
4428 4022 4021 1300 
4429 1298 4023 4021 
4430 4023 4024 4021 
4431 4023 1299 4024 
4432 4021 4024 1300 
4433 1298 4025 4023 
4434 4025 4026 4023 
4435 4025 433 4026 
4436 4023 4026 1299 
4437 1300 4024 4028 
4438 4024 4027 4028 
4439 4024 1299 4027 
4440 4028 4027 432 
4441 386 4029 3918 
4442 4029 4030 3918 
4443 4029 1301 4030 
4444 3918 4030 1268 
4445 1301 4031 4030 
4446 4031 4032 4030 
4447 4031 1302 4032 
4448 4030 4032 1268 
4449 1301 4033 4031 
4450 4033 4034 4031 
4451 4033 442 4034 
4452 4031 4034 1302 
4453 1268 4032 3923 
4454 4032 4035 3923 
4455 4032 1302 4035 
4456 3923 4035 441 
4457 360 4036 4038 
4458 4036 4037 4038 
4459 4036 1303 4037 
4460 4038 4037 1305 
4461 1303 4039 4037 
4462 4039 4040 4037 
4463 4039 1304 4040 
4464 4037 4040 1305 
4465 1303 4041 4039 
4466 4041 4042 4039 
4467 4041 361 4042 
4468 4039 4042 1304 
4469 1305 4040 4044 
4470 4040 4043 4044 
4471 4040 1304 4043 
4472 4044 4043 359 
4473 406 3541 4046 
4474 3541 4045 4046 
4475 3541 1157 4045 
4476 4046 4045 1306 
4477 1157 4047 4045 
4478 4047 4048 4045 
4479 4047 1223 4048 
4480 4045 4048 1306 
4481 1157 3540 4047 
4482 3540 3764 4047 
4483 3540 568 3764 
4484 4047 3764 1223 
4485 1306 4048 4049 
4486 4048 3759 4049 
4487 4048 1223 3759 
4488 4049 3759 356 
4489 552 3609 4051 
4490 3609 4050 4051 
4491 3609 1177 4050 
4492 4051 4050 1308 
4493 1177 4052 4050 
4494 4052 4053 4050 
4495 4052 1307 4053 
4496 4050 4053 1308 
4497 1177 3608 4052 
4498 3608 4054 4052 
4499 3608 554 4054 
4500 4052 4054 1307 
4501 1308 4053 4056 
4502 4053 4055 4056 
4503 4053 1307 4055 
4504 4056 4055 553 
4505 383 3975 3986 
4506 3975 4057 3986 
4507 3975 1287 4057 
4508 3986 4057 1288 
4509 1287 4058 4057 
4510 4058 4059 4057 
4511 4058 1309 4059 
4512 4057 4059 1288 
4513 1287 3981 4058 
4514 3981 4060 4058 
4515 3981 384 4060 
4516 4058 4060 1309 
4517 1288 4059 3987 
4518 4059 4061 3987 
4519 4059 1309 4061 
4520 3987 4061 382 
4521 397 4062 4064 
4522 4062 4063 4064 
4523 4062 1310 4063 
4524 4064 4063 1312 
4525 1310 4065 4063 
4526 4065 4066 4063 
4527 4065 1311 4066 
4528 4063 4066 1312 
4529 1310 4067 4065 
4530 4067 4068 4065 
4531 4067 403 4068 
4532 4065 4068 1311 
4533 1312 4066 4070 
4534 4066 4069 4070 
4535 4066 1311 4069 
4536 4070 4069 398 
4537 400 4071 4073 
4538 4071 4072 4073 
4539 4071 1313 4072 
4540 4073 4072 1315 
4541 1313 4074 4072 
4542 4074 4075 4072 
4543 4074 1314 4075 
4544 4072 4075 1315 
4545 1313 4076 4074 
4546 4076 4077 4074 
4547 4076 415 4077 
4548 4074 4077 1314 
4549 1315 4075 4079 
4550 4075 4078 4079 
4551 4075 1314 4078 
4552 4079 4078 407 
4553 361 3962 4042 
4554 3962 4080 4042 
4555 3962 1283 4080 
4556 4042 4080 1304 
4557 1283 4081 4080 
4558 4081 4082 4080 
4559 4081 1243 4082 
4560 4080 4082 1304 
4561 1283 3967 4081 
4562 3967 3834 4081 
4563 3967 558 3834 
4564 4081 3834 1243 
4565 1304 4082 4043 
4566 4082 3829 4043 
4567 4082 1243 3829 
4568 4043 3829 359 
4569 393 4083 4085 
4570 4083 4084 4085 
4571 4083 1316 4084 
4572 4085 4084 1318 
4573 1316 4086 4084 
4574 4086 4087 4084 
4575 4086 1317 4087 
4576 4084 4087 1318 
4577 1316 4088 4086 
4578 4088 4089 4086 
4579 4088 397 4089 
4580 4086 4089 1317 
4581 1318 4087 4091 
4582 4087 4090 4091 
4583 4087 1317 4090 
4584 4091 4090 395 
4585 371 3990 4093 
4586 3990 4092 4093 
4587 3990 1291 4092 
4588 4093 4092 1320 
4589 1291 4094 4092 
4590 4094 4095 4092 
4591 4094 1319 4095 
4592 4092 4095 1320 
4593 1291 3995 4094 
4594 3995 4096 4094 
4595 3995 372 4096 
4596 4094 4096 1319 
4597 1320 4095 4098 
4598 4095 4097 4098 
4599 4095 1319 4097 
4600 4098 4097 368 
4601 376 3416 4100 
4602 3416 4099 4100 
4603 3416 1123 4099 
4604 4100 4099 1322 
4605 1123 4101 4099 
4606 4101 4102 4099 
4607 4101 1321 4102 
4608 4099 4102 1322 
4609 1123 3419 4101 
4610 3419 4103 4101 
4611 3419 377 4103 
4612 4101 4103 1321 
4613 1322 4102 4105 
4614 4102 4104 4105 
4615 4102 1321 4104 
4616 4105 4104 375 
4617 401 4106 4108 
4618 4106 4107 4108 
4619 4106 1323 4107 
4620 4108 4107 1325 
4621 1323 4109 4107 
4622 4109 4110 4107 
4623 4109 1324 4110 
4624 4107 4110 1325 
4625 1323 4111 4109 
4626 4111 4112 4109 
4627 4111 419 4112 
4628 4109 4112 1324 
4629 1325 4110 4114 
4630 4110 4113 4114 
4631 4110 1324 4113 
4632 4114 4113 389 
4633 439 4115 4117 
4634 4115 4116 4117 
4635 4115 1326 4116 
4636 4117 4116 1328 
4637 1326 4118 4116 
4638 4118 4119 4116 
4639 4118 1327 4119 
4640 4116 4119 1328 
4641 1326 4120 4118 
4642 4120 4121 4118 
4643 4120 440 4121 
4644 4118 4121 1327 
4645 1328 4119 4123 
4646 4119 4122 4123 
4647 4119 1327 4122 
4648 4123 4122 438 
4649 359 3831 4125 
4650 3831 4124 4125 
4651 3831 1245 4124 
4652 4125 4124 1329 
4653 1245 4126 4124 
4654 4126 4127 4124 
4655 4126 1242 4127 
4656 4124 4127 1329 
4657 1245 3837 4126 
4658 3837 3824 4126 
4659 3837 369 3824 
4660 4126 3824 1242 
4661 1329 4127 4128 
4662 4127 3828 4128 
4663 4127 1242 3828 
4664 4128 3828 357 
4665 358 4129 4131 
4666 4129 4130 4131 
4667 4129 1330 4130 
4668 4131 4130 1331 
4669 1330 4132 4130 
4670 4132 4133 4130 
4671 4132 1305 4133 
4672 4130 4133 1331 
4673 1330 4134 4132 
4674 4134 4038 4132 
4675 4134 360 4038 
4676 4132 4038 1305 
4677 1331 4133 4135 
4678 4133 4044 4135 
4679 4133 1305 4044 
4680 4135 4044 359 
4681 354 2409 3859 
4682 2409 4136 3859 
4683 2409 825 4136 
4684 3859 4136 1252 
4685 825 4137 4136 
4686 4137 4138 4136 
4687 4137 1306 4138 
4688 4136 4138 1252 
4689 825 2412 4137 
4690 2412 4046 4137 
4691 2412 406 4046 
4692 4137 4046 1306 
4693 1252 4138 3863 
4694 4138 4049 3863 
4695 4138 1306 4049 
4696 3863 4049 356 
4697 431 4022 4140 
4698 4022 4139 4140 
4699 4022 1300 4139 
4700 4140 4139 1333 
4701 1300 4141 4139 
4702 4141 4142 4139 
4703 4141 1332 4142 
4704 4139 4142 1333 
4705 1300 4028 4141 
4706 4028 4143 4141 
4707 4028 432 4143 
4708 4141 4143 1332 
4709 1333 4142 4145 
4710 4142 4144 4145 
4711 4142 1332 4144 
4712 4145 4144 430 
4713 431 3258 4020 
4714 3258 4146 4020 
4715 3258 1078 4146 
4716 4020 4146 1298 
4717 1078 4147 4146 
4718 4147 4148 4146 
4719 4147 1334 4148 
4720 4146 4148 1298 
4721 1078 3263 4147 
4722 3263 4149 4147 
4723 3263 473 4149 
4724 4147 4149 1334 
4725 1298 4148 4025 
4726 4148 4150 4025 
4727 4148 1334 4150 
4728 4025 4150 433 
4729 206 4151 4153 
4730 4151 4152 4153 
4731 4151 1335 4152 
4732 4153 4152 1337 
4733 1335 4154 4152 
4734 4154 4155 4152 
4735 4154 1336 4155 
4736 4152 4155 1337 
4737 1335 4156 4154 
4738 4156 4157 4154 
4739 4156 566 4157 
4740 4154 4157 1336 
4741 1337 4155 4159 
4742 4155 4158 4159 
4743 4155 1336 4158 
4744 4159 4158 319 
4745 365 4160 4162 
4746 4160 4161 4162 
4747 4160 1338 4161 
4748 4162 4161 1340 
4749 1338 4163 4161 
4750 4163 4164 4161 
4751 4163 1339 4164 
4752 4161 4164 1340 
4753 1338 4165 4163 
4754 4165 4166 4163 
4755 4165 370 4166 
4756 4163 4166 1339 
4757 1340 4164 4168 
4758 4164 4167 4168 
4759 4164 1339 4167 
4760 4168 4167 363 
4761 374 4169 4171 
4762 4169 4170 4171 
4763 4169 1341 4170 
4764 4171 4170 1342 
4765 1341 4172 4170 
4766 4172 4173 4170 
4767 4172 1261 4173 
4768 4170 4173 1342 
4769 1341 4174 4172 
4770 4174 3889 4172 
4771 4174 375 3889 
4772 4172 3889 1261 
4773 1342 4173 4175 
4774 4173 3893 4175 
4775 4173 1261 3893 
4776 4175 3893 373 
4777 362 3737 4177 
4778 3737 4176 4177 
4779 3737 1217 4176 
4780 4177 4176 1344 
4781 1217 4178 4176 
4782 4178 4179 4176 
4783 4178 1343 4179 
4784 4176 4179 1344 
4785 1217 3742 4178 
4786 3742 4180 4178 
4787 3742 364 4180 
4788 4178 4180 1343 
4789 1344 4179 4182 
4790 4179 4181 4182 
4791 4179 1343 4181 
4792 4182 4181 363 
4793 194 2239 193 
4794 2239 4183 193 
4795 2239 773 4183 
4796 193 4183 192 
4797 773 4184 4183 
4798 4184 4185 4183 
4799 4184 1345 4185 
4800 4183 4185 192 
4801 773 2242 4184 
4802 2242 4186 4184 
4803 2242 318 4186 
4804 4184 4186 1345 
4805 192 4185 191 
4806 4185 4187 191 
4807 4185 1345 4187 
4808 191 4187 190 
4809 206 4153 205 
4810 4153 4188 205 
4811 4153 1337 4188 
4812 205 4188 204 
4813 1337 4189 4188 
4814 4189 4190 4188 
4815 4189 1346 4190 
4816 4188 4190 204 
4817 1337 4159 4189 
4818 4159 4191 4189 
4819 4159 319 4191 
4820 4189 4191 1346 
4821 204 4190 203 
4822 4190 4192 203 
4823 4190 1346 4192 
4824 203 4192 202 
4825 210 4193 209 
4826 4193 4194 209 
4827 4193 1347 4194 
4828 209 4194 208 
4829 1347 4195 4194 
4830 4195 4196 4194 
4831 4195 1335 4196 
4832 4194 4196 208 
4833 1347 4197 4195 
4834 4197 4156 4195 
4835 4197 566 4156 
4836 4195 4156 1335 
4837 208 4196 207 
4838 4196 4151 207 
4839 4196 1335 4151 
4840 207 4151 206 
4841 214 4198 213 
4842 4198 4199 213 
4843 4198 1348 4199 
4844 213 4199 212 
4845 1348 4200 4199 
4846 4200 4201 4199 
4847 4200 1349 4201 
4848 4199 4201 212 
4849 1348 4202 4200 
4850 4202 4203 4200 
4851 4202 308 4203 
4852 4200 4203 1349 
4853 212 4201 211 
4854 4201 4204 211 
4855 4201 1349 4204 
4856 211 4204 210 
4857 308 4205 4203 
4858 4205 4206 4203 
4859 4205 1350 4206 
4860 4203 4206 1349 
4861 1350 4207 4206 
4862 4207 4208 4206 
4863 4207 1347 4208 
4864 4206 4208 1349 
4865 1350 4209 4207 
4866 4209 4197 4207 
4867 4209 566 4197 
4868 4207 4197 1347 
4869 1349 4208 4204 
4870 4208 4193 4204 
4871 4208 1347 4193 
4872 4204 4193 210 
4873 386 3847 4029 
4874 3847 4210 4029 
4875 3847 1250 4210 
4876 4029 4210 1301 
4877 1250 4211 4210 
4878 4211 4212 4210 
4879 4211 1351 4212 
4880 4210 4212 1301 
4881 1250 3853 4211 
4882 3853 4213 4211 
4883 3853 470 4213 
4884 4211 4213 1351 
4885 1301 4212 4033 
4886 4212 4214 4033 
4887 4212 1351 4214 
4888 4033 4214 442 
4889 366 4215 4217 
4890 4215 4216 4217 
4891 4215 1352 4216 
4892 4217 4216 1353 
4893 1352 4218 4216 
4894 4218 4219 4216 
4895 4218 1199 4219 
4896 4216 4219 1353 
4897 1352 4220 4218 
4898 4220 3676 4218 
4899 4220 368 3676 
4900 4218 3676 1199 
4901 1353 4219 4221 
4902 4219 3682 4221 
4903 4219 1199 3682 
4904 4221 3682 367 
4905 374 4222 4169 
4906 4222 4223 4169 
4907 4222 1354 4223 
4908 4169 4223 1341 
4909 1354 4224 4223 
4910 4224 4225 4223 
4911 4224 1322 4225 
4912 4223 4225 1341 
4913 1354 4226 4224 
4914 4226 4100 4224 
4915 4226 376 4100 
4916 4224 4100 1322 
4917 1341 4225 4174 
4918 4225 4105 4174 
4919 4225 1322 4105 
4920 4174 4105 375 
4921 377 4227 4103 
4922 4227 4228 4103 
4923 4227 1355 4228 
4924 4103 4228 1321 
4925 1355 4229 4228 
4926 4229 4230 4228 
4927 4229 1356 4230 
4928 4228 4230 1321 
4929 1355 4231 4229 
4930 4231 4232 4229 
4931 4231 430 4232 
4932 4229 4232 1356 
4933 1321 4230 4104 
4934 4230 4233 4104 
4935 4230 1356 4233 
4936 4104 4233 375 
4937 543 3552 4235 
4938 3552 4234 4235 
4939 3552 1159 4234 
4940 4235 4234 1358 
4941 1159 4236 4234 
4942 4236 4237 4234 
4943 4236 1357 4237 
4944 4234 4237 1358 
4945 1159 3551 4236 
4946 3551 4238 4236 
4947 3551 545 4238 
4948 4236 4238 1357 
4949 1358 4237 4240 
4950 4237 4239 4240 
4951 4237 1357 4239 
4952 4240 4239 544 
4953 545 4241 4238 
4954 4241 4242 4238 
4955 4241 1359 4242 
4956 4238 4242 1357 
4957 1359 4243 4242 
4958 4243 4244 4242 
4959 4243 778 4244 
4960 4242 4244 1357 
4961 1359 4245 4243 
4962 4245 2254 4243 
4963 4245 546 2254 
4964 4243 2254 778 
4965 1357 4244 4239 
4966 4244 2258 4239 
4967 4244 778 2258 
4968 4239 2258 544 
4969 591 4246 4248 
4970 4246 4247 4248 
4971 4246 1360 4247 
4972 4248 4247 1362 
4973 1360 4249 4247 
4974 4249 4250 4247 
4975 4249 1361 4250 
4976 4247 4250 1362 
4977 1360 4251 4249 
4978 4251 4252 4249 
4979 4251 593 4252 
4980 4249 4252 1361 
4981 1362 4250 4254 
4982 4250 4253 4254 
4983 4250 1361 4253 
4984 4254 4253 592 
4985 560 4255 3899 
4986 4255 4256 3899 
4987 4255 1363 4256 
4988 3899 4256 1263 
4989 1363 4257 4256 
4990 4257 4258 4256 
4991 4257 1241 4258 
4992 4256 4258 1263 
4993 1363 4259 4257 
4994 4259 3827 4257 
4995 4259 562 3827 
4996 4257 3827 1241 
4997 1263 4258 3900 
4998 4258 3822 3900 
4999 4258 1241 3822 
5000 3900 3822 369 
5001 377 3213 4227 
5002 3213 4260 4227 
5003 3213 1065 4260 
5004 4227 4260 1355 
5005 1065 4261 4260 
5006 4261 4262 4260 
5007 4261 1333 4262 
5008 4260 4262 1355 
5009 1065 3219 4261 
5010 3219 4140 4261 
5011 3219 431 4140 
5012 4261 4140 1333 
5013 1355 4262 4231 
5014 4262 4145 4231 
5015 4262 1333 4145 
5016 4231 4145 430 
5017 387 4014 4264 
5018 4014 4263 4264 
5019 4014 1297 4263 
5020 4264 4263 1365 
5021 1297 4265 4263 
5022 4265 4266 4263 
5023 4265 1364 4266 
5024 4263 4266 1365 
5025 1297 4019 4265 
5026 4019 4267 4265 
5027 4019 392 4267 
5028 4265 4267 1364 
5029 1365 4266 4269 
5030 4266 4268 4269 
5031 4266 1364 4268 
5032 4269 4268 388 
5033 372 3572 4271 
5034 3572 4270 4271 
5035 3572 1168 4270 
5036 4271 4270 1366 
5037 1168 4272 4270 
5038 4272 4273 4270 
5039 4272 1342 4273 
5040 4270 4273 1366 
5041 1168 3578 4272 
5042 3578 4171 4272 
5043 3578 374 4171 
5044 4272 4171 1342 
5045 1366 4273 4274 
5046 4273 4175 4274 
5047 4273 1342 4175 
5048 4274 4175 373 
5049 397 3798 4062 
5050 3798 4275 4062 
5051 3798 1235 4275 
5052 4062 4275 1310 
5053 1235 4276 4275 
5054 4276 4277 4275 
5055 4276 1367 4277 
5056 4275 4277 1310 
5057 1235 3802 4276 
5058 3802 4278 4276 
5059 3802 416 4278 
5060 4276 4278 1367 
5061 1310 4277 4067 
5062 4277 4279 4067 
5063 4277 1367 4279 
5064 4067 4279 403 
5065 360 3754 4036 
5066 3754 4280 4036 
5067 3754 1222 4280 
5068 4036 4280 1303 
5069 1222 4281 4280 
5070 4281 4282 4280 
5071 4281 1368 4282 
5072 4280 4282 1303 
5073 1222 3758 4281 
5074 3758 4283 4281 
5075 3758 362 4283 
5076 4281 4283 1368 
5077 1303 4282 4041 
5078 4282 4284 4041 
5079 4282 1368 4284 
5080 4041 4284 361 
5081 364 3664 4286 
5082 3664 4285 4286 
5083 3664 1195 4285 
5084 4286 4285 1370 
5085 1195 4287 4285 
5086 4287 4288 4285 
5087 4287 1369 4288 
5088 4285 4288 1370 
5089 1195 3668 4287 
5090 3668 4289 4287 
5091 3668 366 4289 
5092 4287 4289 1369 
5093 1370 4288 4291 
5094 4288 4290 4291 
5095 4288 1369 4290 
5096 4291 4290 365 
5097 418 3590 3927 
5098 3590 4292 3927 
5099 3590 1173 4292 
5100 3927 4292 1271 
5101 1173 4293 4292 
5102 4293 4294 4292 
5103 4293 1371 4294 
5104 4292 4294 1271 
5105 1173 3594 4293 
5106 3594 4295 4293 
5107 3594 543 4295 
5108 4293 4295 1371 
5109 1271 4294 3932 
5110 4294 4296 3932 
5111 4294 1371 4296 
5112 3932 4296 421 
5113 432 4297 4143 
5114 4297 4298 4143 
5115 4297 1372 4298 
5116 4143 4298 1332 
5117 1372 4299 4298 
5118 4299 4300 4298 
5119 4299 1373 4300 
5120 4298 4300 1332 
5121 1372 4301 4299 
5122 4301 4302 4299 
5123 4301 438 4302 
5124 4299 4302 1373 
5125 1332 4300 4144 
5126 4300 4303 4144 
5127 4300 1373 4303 
5128 4144 4303 430 
5129 439 4304 4115 
5130 4304 4305 4115 
5131 4304 1374 4305 
5132 4115 4305 1326 
5133 1374 4306 4305 
5134 4306 4307 4305 
5135 4306 1375 4307 
5136 4305 4307 1326 
5137 1374 4308 4306 
5138 4308 4309 4306 
5139 4308 445 4309 
5140 4306 4309 1375 
5141 1326 4307 4120 
5142 4307 4310 4120 
5143 4307 1375 4310 
5144 4120 4310 440 
5145 591 4248 4312 
5146 4248 4311 4312 
5147 4248 1362 4311 
5148 4312 4311 1377 
5149 1362 4313 4311 
5150 4313 4314 4311 
5151 4313 1376 4314 
5152 4311 4314 1377 
5153 1362 4254 4313 
5154 4254 4315 4313 
5155 4254 592 4315 
5156 4313 4315 1376 
5157 1377 4314 4317 
5158 4314 4316 4317 
5159 4314 1376 4316 
5160 4317 4316 590 
5161 383 3875 3973 
5162 3875 4318 3973 
5163 3875 1257 4318 
5164 3973 4318 1285 
5165 1257 4319 4318 
5166 4319 4320 4318 
5167 4319 1378 4320 
5168 4318 4320 1285 
5169 1257 3879 4319 
5170 3879 4321 4319 
5171 3879 387 4321 
5172 4319 4321 1378 
5173 1285 4320 3978 
5174 4320 4322 3978 
5175 4320 1378 4322 
5176 3978 4322 385 
5177 440 3165 4121 
5178 3165 4323 4121 
5179 3165 1051 4323 
5180 4121 4323 1327 
5181 1051 4324 4323 
5182 4324 4325 4323 
5183 4324 1227 4325 
5184 4323 4325 1327 
5185 1051 3170 4324 
5186 3170 3769 4324 
5187 3170 490 3769 
5188 4324 3769 1227 
5189 1327 4325 4122 
5190 4325 3774 4122 
5191 4325 1227 3774 
5192 4122 3774 438 
5193 358 4131 3999 
5194 4131 4326 3999 
5195 4131 1331 4326 
5196 3999 4326 1292 
5197 1331 4327 4326 
5198 4327 4328 4326 
5199 4327 1329 4328 
5200 4326 4328 1292 
5201 1331 4135 4327 
5202 4135 4125 4327 
5203 4135 359 4125 
5204 4327 4125 1329 
5205 1292 4328 4000 
5206 4328 4128 4000 
5207 4328 1329 4128 
5208 4000 4128 357 
5209 358 3855 4129 
5210 3855 4329 4129 
5211 3855 1251 4329 
5212 4129 4329 1330 
5213 1251 4330 4329 
5214 4330 4331 4329 
5215 4330 1284 4331 
5216 4329 4331 1330 
5217 1251 3858 4330 
5218 3858 3969 4330 
5219 3858 391 3969 
5220 4330 3969 1284 
5221 1330 4331 4134 
5222 4331 3972 4134 
5223 4331 1284 3972 
5224 4134 3972 360 
5225 364 4286 4180 
5226 4286 4332 4180 
5227 4286 1370 4332 
5228 4180 4332 1343 
5229 1370 4333 4332 
5230 4333 4334 4332 
5231 4333 1340 4334 
5232 4332 4334 1343 
5233 1370 4291 4333 
5234 4291 4162 4333 
5235 4291 365 4162 
5236 4333 4162 1340 
5237 1343 4334 4181 
5238 4334 4168 4181 
5239 4334 1340 4168 
5240 4181 4168 363 
5241 389 4335 3993 
5242 4335 4336 3993 
5243 4335 1379 4336 
5244 3993 4336 1290 
5245 1379 4337 4336 
5246 4337 4338 4336 
5247 4337 1166 4338 
5248 4336 4338 1290 
5249 1379 4339 4337 
5250 4339 3575 4337 
5251 4339 572 3575 
5252 4337 3575 1166 
5253 1290 4338 3994 
5254 4338 3570 3994 
5255 4338 1166 3570 
5256 3994 3570 372 
5257 171 4340 170 
5258 4340 4341 170 
5259 4340 1380 4341 
5260 170 4341 169 
5261 1380 4342 4341 
5262 4342 4343 4341 
5263 4342 1381 4343 
5264 4341 4343 169 
5265 1380 4344 4342 
5266 4344 4345 4342 
5267 4344 565 4345 
5268 4342 4345 1381 
5269 169 4343 168 
5270 4343 4346 168 
5271 4343 1381 4346 
5272 168 4346 167 
5273 175 4347 174 
5274 4347 4348 174 
5275 4347 1382 4348 
5276 174 4348 173 
5277 1382 4349 4348 
5278 4349 4350 4348 
5279 4349 1383 4350 
5280 4348 4350 173 
5281 1382 4351 4349 
5282 4351 4352 4349 
5283 4351 321 4352 
5284 4349 4352 1383 
5285 173 4350 172 
5286 4350 4353 172 
5287 4350 1383 4353 
5288 172 4353 171 
5289 321 4354 4352 
5290 4354 4355 4352 
5291 4354 1384 4355 
5292 4352 4355 1383 
5293 1384 4356 4355 
5294 4356 4357 4355 
5295 4356 1380 4357 
5296 4355 4357 1383 
5297 1384 4358 4356 
5298 4358 4344 4356 
5299 4358 565 4344 
5300 4356 4344 1380 
5301 1383 4357 4353 
5302 4357 4340 4353 
5303 4357 1380 4340 
5304 4353 4340 171 
5305 554 4359 4054 
5306 4359 4360 4054 
5307 4359 1385 4360 
5308 4054 4360 1307 
5309 1385 4361 4360 
5310 4361 4362 4360 
5311 4361 1386 4362 
5312 4360 4362 1307 
5313 1385 4363 4361 
5314 4363 4364 4361 
5315 4363 555 4364 
5316 4361 4364 1386 
5317 1307 4362 4055 
5318 4362 4365 4055 
5319 4362 1386 4365 
5320 4055 4365 553 
5321 378 4366 4001 
5322 4366 4367 4001 
5323 4366 1387 4367 
5324 4001 4367 1293 
5325 1387 4368 4367 
5326 4368 4369 4367 
5327 4368 1388 4369 
5328 4367 4369 1293 
5329 1387 4370 4368 
5330 4370 4371 4368 
5331 4370 380 4371 
5332 4368 4371 1388 
5333 1293 4369 4006 
5334 4369 4372 4006 
5335 4369 1388 4372 
5336 4006 4372 379 
5337 380 4373 4375 
5338 4373 4374 4375 
5339 4373 1389 4374 
5340 4375 4374 1391 
5341 1389 4376 4374 
5342 4376 4377 4374 
5343 4376 1390 4377 
5344 4374 4377 1391 
5345 1389 4378 4376 
5346 4378 4379 4376 
5347 4378 400 4379 
5348 4376 4379 1390 
5349 1391 4377 4381 
5350 4377 4380 4381 
5351 4377 1390 4380 
5352 4381 4380 399 
5353 414 4382 4384 
5354 4382 4383 4384 
5355 4382 1392 4383 
5356 4384 4383 1394 
5357 1392 4385 4383 
5358 4385 4386 4383 
5359 4385 1393 4386 
5360 4383 4386 1394 
5361 1392 4387 4385 
5362 4387 4388 4385 
5363 4387 507 4388 
5364 4385 4388 1393 
5365 1394 4386 4390 
5366 4386 4389 4390 
5367 4386 1393 4389 
5368 4390 4389 402 
5369 593 4391 4252 
5370 4391 4392 4252 
5371 4391 1395 4392 
5372 4252 4392 1361 
5373 1395 4393 4392 
5374 4393 4394 4392 
5375 4393 1259 4394 
5376 4392 4394 1361 
5377 1395 4395 4393 
5378 4395 3882 4393 
5379 4395 594 3882 
5380 4393 3882 1259 
5381 1361 4394 4253 
5382 4394 3886 4253 
5383 4394 1259 3886 
5384 4253 3886 592 
5385 400 4073 4379 
5386 4073 4396 4379 
5387 4073 1315 4396 
5388 4379 4396 1390 
5389 1315 4397 4396 
5390 4397 4398 4396 
5391 4397 1396 4398 
5392 4396 4398 1390 
5393 1315 4079 4397 
5394 4079 4399 4397 
5395 4079 407 4399 
5396 4397 4399 1396 
5397 1390 4398 4380 
5398 4398 4400 4380 
5399 4398 1396 4400 
5400 4380 4400 399 
5401 381 3983 4402 
5402 3983 4401 4402 
5403 3983 1289 4401 
5404 4402 4401 1397 
5405 1289 4403 4401 
5406 4403 4404 4401 
5407 4403 1122 4404 
5408 4401 4404 1397 
5409 1289 3988 4403 
5410 3988 3410 4403 
5411 3988 382 3410 
5412 4403 3410 1122 
5413 1397 4404 4405 
5414 4404 3414 4405 
5415 4404 1122 3414 
5416 4405 3414 379 
5417 390 3954 4407 
5418 3954 4406 4407 
5419 3954 1281 4406 
5420 4407 4406 1399 
5421 1281 4408 4406 
5422 4408 4409 4406 
5423 4408 1398 4409 
5424 4406 4409 1399 
5425 1281 3960 4408 
5426 3960 4410 4408 
5427 3960 402 4410 
5428 4408 4410 1398 
5429 1399 4409 4412 
5430 4409 4411 4412 
5431 4409 1398 4411 
5432 4412 4411 401 
5433 390 4407 3949 
5434 4407 4413 3949 
5435 4407 1399 4413 
5436 3949 4413 1277 
5437 1399 4414 4413 
5438 4414 4415 4413 
5439 4414 1325 4415 
5440 4413 4415 1277 
5441 1399 4412 4414 
5442 4412 4108 4414 
5443 4412 401 4108 
5444 4414 4108 1325 
5445 1277 4415 3950 
5446 4415 4114 3950 
5447 4415 1325 4114 
5448 3950 4114 389 
5449 372 4271 4096 
5450 4271 4416 4096 
5451 4271 1366 4416 
5452 4096 4416 1319 
5453 1366 4417 4416 
5454 4417 4418 4416 
5455 4417 1215 4418 
5456 4416 4418 1319 
5457 1366 4274 4417 
5458 4274 3731 4417 
5459 4274 373 3731 
5460 4417 3731 1215 
5461 1319 4418 4097 
5462 4418 3735 4097 
5463 4418 1215 3735 
5464 4097 3735 368 
5465 374 3596 4222 
5466 3596 4419 4222 
5467 3596 1175 4419 
5468 4222 4419 1354 
5469 1175 4420 4419 
5470 4420 4421 4419 
5471 4420 1294 4421 
5472 4419 4421 1354 
5473 1175 3601 4420 
5474 3601 4003 4420 
5475 3601 378 4003 
5476 4420 4003 1294 
5477 1354 4421 4226 
5478 4421 4007 4226 
5479 4421 1294 4007 
5480 4226 4007 376 
5481 432 4422 4297 
5482 4422 4423 4297 
5483 4422 1400 4423 
5484 4297 4423 1372 
5485 1400 4424 4423 
5486 4424 4425 4423 
5487 4424 1328 4425 
5488 4423 4425 1372 
5489 1400 4426 4424 
5490 4426 4117 4424 
5491 4426 439 4117 
5492 4424 4117 1328 
5493 1372 4425 4301 
5494 4425 4123 4301 
5495 4425 1328 4123 
5496 4301 4123 438 
5497 408 3692 4428 
5498 3692 4427 4428 
5499 3692 1203 4427 
5500 4428 4427 1401 
5501 1203 4429 4427 
5502 4429 4430 4427 
5503 4429 1273 4430 
5504 4427 4430 1401 
5505 1203 3696 4429 
5506 3696 3929 4429 
5507 3696 418 3929 
5508 4429 3929 1273 
5509 1401 4430 4431 
5510 4430 3935 4431 
5511 4430 1273 3935 
5512 4431 3935 414 
5513 385 4432 3979 
5514 4432 4433 3979 
5515 4432 1402 4433 
5516 3979 4433 1286 
5517 1402 4434 4433 
5518 4434 4435 4433 
5519 4434 1270 4435 
5520 4433 4435 1286 
5521 1402 4436 4434 
5522 4436 3920 4434 
5523 4436 386 3920 
5524 4434 3920 1270 
5525 1286 4435 3980 
5526 4435 3926 3980 
5527 4435 1270 3926 
5528 3980 3926 384 
5529 393 4437 4439 
5530 4437 4438 4439 
5531 4437 1403 4438 
5532 4439 4438 1405 
5533 1403 4440 4438 
5534 4440 4441 4438 
5535 4440 1404 4441 
5536 4438 4441 1405 
5537 1403 4442 4440 
5538 4442 4443 4440 
5539 4442 394 4443 
5540 4440 4443 1404 
5541 1405 4441 4445 
5542 4441 4444 4445 
5543 4441 1404 4444 
5544 4445 4444 388 
5545 366 4217 4289 
5546 4217 4446 4289 
5547 4217 1353 4446 
5548 4289 4446 1369 
5549 1353 4447 4446 
5550 4447 4448 4446 
5551 4447 1406 4448 
5552 4446 4448 1369 
5553 1353 4221 4447 
5554 4221 4449 4447 
5555 4221 367 4449 
5556 4447 4449 1406 
5557 1369 4448 4290 
5558 4448 4450 4290 
5559 4448 1406 4450 
5560 4290 4450 365 
5561 366 3639 4215 
5562 3639 4451 4215 
5563 3639 1188 4451 
5564 4215 4451 1352 
5565 1188 4452 4451 
5566 4452 4453 4451 
5567 4452 1320 4453 
5568 4451 4453 1352 
5569 1188 3645 4452 
5570 3645 4093 4452 
5571 3645 371 4093 
5572 4452 4093 1320 
5573 1352 4453 4220 
5574 4453 4098 4220 
5575 4453 1320 4098 
5576 4220 4098 368 
5577 380 4375 4455 
5578 4375 4454 4455 
5579 4375 1391 4454 
5580 4455 4454 1407 
5581 1391 4456 4454 
5582 4456 4457 4454 
5583 4456 1295 4457 
5584 4454 4457 1407 
5585 1391 4381 4456 
5586 4381 4009 4456 
5587 4381 399 4009 
5588 4456 4009 1295 
5589 1407 4457 4458 
5590 4457 4012 4458 
5591 4457 1295 4012 
5592 4458 4012 381 
5593 387 4264 4321 
5594 4264 4459 4321 
5595 4264 1365 4459 
5596 4321 4459 1378 
5597 1365 4460 4459 
5598 4460 4461 4459 
5599 4460 1408 4461 
5600 4459 4461 1378 
5601 1365 4269 4460 
5602 4269 4462 4460 
5603 4269 388 4462 
5604 4460 4462 1408 
5605 1378 4461 4322 
5606 4461 4463 4322 
5607 4461 1408 4463 
5608 4322 4463 385 
5609 392 4464 4267 
5610 4464 4465 4267 
5611 4464 1409 4465 
5612 4267 4465 1364 
5613 1409 4466 4465 
5614 4466 4467 4465 
5615 4466 1405 4467 
5616 4465 4467 1364 
5617 1409 4468 4466 
5618 4468 4439 4466 
5619 4468 393 4439 
5620 4466 4439 1405 
5621 1364 4467 4268 
5622 4467 4445 4268 
5623 4467 1405 4445 
5624 4268 4445 388 
5625 407 3619 4399 
5626 3619 4469 4399 
5627 3619 1182 4469 
5628 4399 4469 1396 
5629 1182 4470 4469 
5630 4470 4471 4469 
5631 4470 1238 4471 
5632 4469 4471 1396 
5633 1182 3624 4470 
5634 3624 3809 4470 
5635 3624 409 3809 
5636 4470 3809 1238 
5637 1396 4471 4400 
5638 4471 3814 4400 
5639 4471 1238 3814 
5640 4400 3814 399 
5641 543 4235 4295 
5642 4235 4472 4295 
5643 4235 1358 4472 
5644 4295 4472 1371 
5645 1358 4473 4472 
5646 4473 4474 4472 
5647 4473 1410 4474 
5648 4472 4474 1371 
5649 1358 4240 4473 
5650 4240 4475 4473 
5651 4240 544 4475 
5652 4473 4475 1410 
5653 1371 4474 4296 
5654 4474 4476 4296 
5655 4474 1410 4476 
5656 4296 4476 421 
5657 592 3660 4315 
5658 3660 4477 4315 
5659 3660 1192 4477 
5660 4315 4477 1376 
5661 1192 4478 4477 
5662 4478 4479 4477 
5663 4478 1209 4479 
5664 4477 4479 1376 
5665 1192 3659 4478 
5666 3659 3718 4478 
5667 3659 600 3718 
5668 4478 3718 1209 
5669 1376 4479 4316 
5670 4479 3713 4316 
5671 4479 1209 3713 
5672 4316 3713 590 
5673 362 4177 4283 
5674 4177 4480 4283 
5675 4177 1344 4480 
5676 4283 4480 1368 
5677 1344 4481 4480 
5678 4481 4482 4480 
5679 4481 1276 4482 
5680 4480 4482 1368 
5681 1344 4182 4481 
5682 4182 3938 4481 
5683 4182 363 3938 
5684 4481 3938 1276 
5685 1368 4482 4284 
5686 4482 3944 4284 
5687 4482 1276 3944 
5688 4284 3944 361 
5689 393 4085 4437 
5690 4085 4483 4437 
5691 4085 1318 4483 
5692 4437 4483 1403 
5693 1318 4484 4483 
5694 4484 4485 4483 
5695 4484 1411 4485 
5696 4483 4485 1403 
5697 1318 4091 4484 
5698 4091 4486 4484 
5699 4091 395 4486 
5700 4484 4486 1411 
5701 1403 4485 4442 
5702 4485 4487 4442 
5703 4485 1411 4487 
5704 4442 4487 394 
5705 397 4064 4089 
5706 4064 4488 4089 
5707 4064 1312 4488 
5708 4089 4488 1317 
5709 1312 4489 4488 
5710 4489 4490 4488 
5711 4489 1412 4490 
5712 4488 4490 1317 
5713 1312 4070 4489 
5714 4070 4491 4489 
5715 4070 398 4491 
5716 4489 4491 1412 
5717 1317 4490 4090 
5718 4490 4492 4090 
5719 4490 1412 4492 
5720 4090 4492 395 
5721 390 3789 3952 
5722 3789 4493 3952 
5723 3789 1231 4493 
5724 3952 4493 1279 
5725 1231 4494 4493 
5726 4494 4495 4493 
5727 4494 1265 4495 
5728 4493 4495 1279 
5729 1231 3788 4494 
5730 3788 3910 4494 
5731 3788 557 3910 
5732 4494 3910 1265 
5733 1279 4495 3957 
5734 4495 3906 3957 
5735 4495 1265 3906 
5736 3957 3906 408 
5737 408 4428 3958 
5738 4428 4496 3958 
5739 4428 1401 4496 
5740 3958 4496 1280 
5741 1401 4497 4496 
5742 4497 4498 4496 
5743 4497 1394 4498 
5744 4496 4498 1280 
5745 1401 4431 4497 
5746 4431 4384 4497 
5747 4431 414 4384 
5748 4497 4384 1394 
5749 1280 4498 3959 
5750 4498 4390 3959 
5751 4498 1394 4390 
5752 3959 4390 402 
5753 587 4499 4501 
5754 4499 4500 4501 
5755 4499 1413 4500 
5756 4501 4500 1414 
5757 1413 4502 4500 
5758 4502 4503 4500 
5759 4502 1377 4503 
5760 4500 4503 1414 
5761 1413 4504 4502 
5762 4504 4312 4502 
5763 4504 591 4312 
5764 4502 4312 1377 
5765 1414 4503 4505 
5766 4503 4317 4505 
5767 4503 1377 4317 
5768 4505 4317 590 
5769 445 4506 4309 
5770 4506 4507 4309 
5771 4506 1415 4507 
5772 4309 4507 1375 
5773 1415 4508 4507 
5774 4508 4509 4507 
5775 4508 1049 4509 
5776 4507 4509 1375 
5777 1415 4510 4508 
5778 4510 3158 4508 
5779 4510 446 3158 
5780 4508 3158 1049 
5781 1375 4509 4310 
5782 4509 3163 4310 
5783 4509 1049 3163 
5784 4310 3163 440 
5785 401 4511 4106 
5786 4511 4512 4106 
5787 4511 1416 4512 
5788 4106 4512 1323 
5789 1416 4513 4512 
5790 4513 4514 4512 
5791 4513 1255 4514 
5792 4512 4514 1323 
5793 1416 4515 4513 
5794 4515 3868 4513 
5795 4515 420 3868 
5796 4513 3868 1255 
5797 1323 4514 4111 
5798 4514 3872 4111 
5799 4514 1255 3872 
5800 4111 3872 419 
5801 415 4516 4518 
5802 4516 4517 4518 
5803 4516 1417 4517 
5804 4518 4517 1418 
5805 1417 4519 4517 
5806 4519 4520 4517 
5807 4519 925 4520 
5808 4517 4520 1418 
5809 1417 4521 4519 
5810 4521 2732 4519 
5811 4521 532 2732 
5812 4519 2732 925 
5813 1418 4520 4522 
5814 4520 2738 4522 
5815 4520 925 2738 
5816 4522 2738 502 
5817 545 3543 4241 
5818 3543 4523 4241 
5819 3543 1158 4523 
5820 4241 4523 1359 
5821 1158 4524 4523 
5822 4524 4525 4523 
5823 4524 784 4525 
5824 4523 4525 1359 
5825 1158 3546 4524 
5826 3546 2280 4524 
5827 3546 547 2280 
5828 4524 2280 784 
5829 1359 4525 4245 
5830 4525 2275 4245 
5831 4525 784 2275 
5832 4245 2275 546 
5833 574 3782 4527 
5834 3782 4526 4527 
5835 3782 1229 4526 
5836 4527 4526 1420 
5837 1229 4528 4526 
5838 4528 4529 4526 
5839 4528 1419 4529 
5840 4526 4529 1420 
5841 1229 3781 4528 
5842 3781 4530 4528 
5843 3781 576 4530 
5844 4528 4530 1419 
5845 1420 4529 4532 
5846 4529 4531 4532 
5847 4529 1419 4531 
5848 4532 4531 553 
5849 380 4455 4371 
5850 4455 4533 4371 
5851 4455 1407 4533 
5852 4371 4533 1388 
5853 1407 4534 4533 
5854 4534 4535 4533 
5855 4534 1397 4535 
5856 4533 4535 1388 
5857 1407 4458 4534 
5858 4458 4402 4534 
5859 4458 381 4402 
5860 4534 4402 1397 
5861 1388 4535 4372 
5862 4535 4405 4372 
5863 4535 1397 4405 
5864 4372 4405 379 
5865 595 4536 4538 
5866 4536 4537 4538 
5867 4536 1421 4537 
5868 4538 4537 1423 
5869 1421 4539 4537 
5870 4539 4540 4537 
5871 4539 1422 4540 
5872 4537 4540 1423 
5873 1421 4541 4539 
5874 4541 4542 4539 
5875 4541 598 4542 
5876 4539 4542 1422 
5877 1423 4540 4544 
5878 4540 4543 4544 
5879 4540 1422 4543 
5880 4544 4543 597 
5881 370 4545 4166 
5882 4545 4546 4166 
5883 4545 1424 4546 
5884 4166 4546 1339 
5885 1424 4547 4546 
5886 4547 4548 4546 
5887 4547 1274 4548 
5888 4546 4548 1339 
5889 1424 4549 4547 
5890 4549 3941 4547 
5891 4549 570 3941 
5892 4547 3941 1274 
5893 1339 4548 4167 
5894 4548 3936 4167 
5895 4548 1274 3936 
5896 4167 3936 363 
5897 593 4550 4391 
5898 4550 4551 4391 
5899 4550 1425 4551 
5900 4391 4551 1395 
5901 1425 4552 4551 
5902 4552 4553 4551 
5903 4552 1426 4553 
5904 4551 4553 1395 
5905 1425 4554 4552 
5906 4554 4555 4552 
5907 4554 595 4555 
5908 4552 4555 1426 
5909 1395 4553 4395 
5910 4553 4556 4395 
5911 4553 1426 4556 
5912 4395 4556 594 
5913 385 4557 4432 
5914 4557 4558 4432 
5915 4557 1427 4558 
5916 4432 4558 1402 
5917 1427 4559 4558 
5918 4559 4560 4558 
5919 4559 1248 4560 
5920 4558 4560 1402 
5921 1427 4561 4559 
5922 4561 3850 4559 
5923 4561 567 3850 
5924 4559 3850 1248 
5925 1402 4560 4436 
5926 4560 3845 4436 
5927 4560 1248 3845 
5928 4436 3845 386 
5929 415 4518 4077 
5930 4518 4562 4077 
5931 4518 1418 4562 
5932 4077 4562 1314 
5933 1418 4563 4562 
5934 4563 4564 4562 
5935 4563 1165 4564 
5936 4562 4564 1314 
5937 1418 4522 4563 
5938 4522 3563 4563 
5939 4522 502 3563 
5940 4563 3563 1165 
5941 1314 4564 4078 
5942 4564 3569 4078 
5943 4564 1165 3569 
5944 4078 3569 407 
5945 552 4051 4017 
5946 4051 4565 4017 
5947 4051 1308 4565 
5948 4017 4565 1296 
5949 1308 4566 4565 
5950 4566 4567 4565 
5951 4566 1428 4567 
5952 4565 4567 1296 
5953 1308 4056 4566 
5954 4056 4568 4566 
5955 4056 553 4568 
5956 4566 4568 1428 
5957 1296 4567 4018 
5958 4567 4569 4018 
5959 4567 1428 4569 
5960 4018 4569 392 
5961 555 4570 4364 
5962 4570 4571 4364 
5963 4570 1429 4571 
5964 4364 4571 1386 
5965 1429 4572 4571 
5966 4572 4573 4571 
5967 4572 1420 4573 
5968 4571 4573 1386 
5969 1429 4574 4572 
5970 4574 4527 4572 
5971 4574 574 4527 
5972 4572 4527 1420 
5973 1386 4573 4365 
5974 4573 4532 4365 
5975 4573 1420 4532 
5976 4365 4532 553 
5977 416 4575 4278 
5978 4575 4576 4278 
5979 4575 1430 4576 
5980 4278 4576 1367 
5981 1430 4577 4576 
5982 4577 4578 4576 
5983 4577 1431 4578 
5984 4576 4578 1367 
5985 1430 4579 4577 
5986 4579 4580 4577 
5987 4579 417 4580 
5988 4577 4580 1431 
5989 1367 4578 4279 
5990 4578 4581 4279 
5991 4578 1431 4581 
5992 4279 4581 403 
5993 590 3715 4583 
5994 3715 4582 4583 
5995 3715 1211 4582 
5996 4583 4582 1433 
5997 1211 4584 4582 
5998 4584 4585 4582 
5999 4584 1432 4585 
6000 4582 4585 1433 
6001 1211 3721 4584 
6002 3721 4586 4584 
6003 3721 599 4586 
6004 4584 4586 1432 
6005 1433 4585 4588 
6006 4585 4587 4588 
6007 4585 1432 4587 
6008 4588 4587 589 
6009 595 4538 4555 
6010 4538 4589 4555 
6011 4538 1423 4589 
6012 4555 4589 1426 
6013 1423 4590 4589 
6014 4590 4591 4589 
6015 4590 1434 4591 
6016 4589 4591 1426 
6017 1423 4544 4590 
6018 4544 4592 4590 
6019 4544 597 4592 
6020 4590 4592 1434 
6021 1426 4591 4556 
6022 4591 4593 4556 
6023 4591 1434 4593 
6024 4556 4593 594 
6025 567 4594 3851 
6026 4594 4595 3851 
6027 4594 1435 4595 
6028 3851 4595 1249 
6029 1435 4596 4595 
6030 4596 4597 4595 
6031 4596 1436 4597 
6032 4595 4597 1249 
6033 1435 4598 4596 
6034 4598 4599 4596 
6035 4598 577 4599 
6036 4596 4599 1436 
6037 1249 4597 3852 
6038 4597 4600 3852 
6039 4597 1436 4600 
6040 3852 4600 470 
6041 394 4601 4443 
6042 4601 4602 4443 
6043 4601 1437 4602 
6044 4443 4602 1404 
6045 1437 4603 4602 
6046 4603 4604 4602 
6047 4603 1438 4604 
6048 4602 4604 1404 
6049 1437 4605 4603 
6050 4605 4606 4603 
6051 4605 567 4606 
6052 4603 4606 1438 
6053 1404 4604 4444 
6054 4604 4607 4444 
6055 4604 1438 4607 
6056 4444 4607 388 
6057 579 4608 4610 
6058 4608 4609 4610 
6059 4608 1439 4609 
6060 4610 4609 1441 
6061 1439 4611 4609 
6062 4611 4612 4609 
6063 4611 1440 4612 
6064 4609 4612 1441 
6065 1439 4613 4611 
6066 4613 4614 4611 
6067 4613 580 4614 
6068 4611 4614 1440 
6069 1441 4612 4616 
6070 4612 4615 4616 
6071 4612 1440 4615 
6072 4616 4615 420 
6073 438 3773 4302 
6074 3773 4617 4302 
6075 3773 1226 4617 
6076 4302 4617 1373 
6077 1226 4618 4617 
6078 4618 4619 4617 
6079 4618 1442 4619 
6080 4617 4619 1373 
6081 1226 3772 4618 
6082 3772 4620 4618 
6083 3772 563 4620 
6084 4618 4620 1442 
6085 1373 4619 4303 
6086 4619 4621 4303 
6087 4619 1442 4621 
6088 4303 4621 430 
6089 430 4621 4232 
6090 4621 4622 4232 
6091 4621 1442 4622 
6092 4232 4622 1356 
6093 1442 4623 4622 
6094 4623 4624 4622 
6095 4623 1260 4624 
6096 4622 4624 1356 
6097 1442 4620 4623 
6098 4620 3892 4623 
6099 4620 563 3892 
6100 4623 3892 1260 
6101 1356 4624 4233 
6102 4624 3887 4233 
6103 4624 1260 3887 
6104 4233 3887 375 
6105 378 3600 4626 
6106 3600 4625 4626 
6107 3600 1174 4625 
6108 4626 4625 1444 
6109 1174 4627 4625 
6110 4627 4628 4625 
6111 4627 1443 4628 
6112 4625 4628 1444 
6113 1174 3599 4627 
6114 3599 4629 4627 
6115 3599 572 4629 
6116 4627 4629 1443 
6117 1444 4628 4631 
6118 4628 4630 4631 
6119 4628 1443 4630 
6120 4631 4630 571 
6121 580 2365 4614 
6122 2365 4632 4614 
6123 2365 810 4632 
6124 4614 4632 1440 
6125 810 4633 4632 
6126 4633 4634 4632 
6127 4633 1445 4634 
6128 4632 4634 1440 
6129 810 2364 4633 
6130 2364 4635 4633 
6131 2364 581 4635 
6132 4633 4635 1445 
6133 1440 4634 4615 
6134 4634 4636 4615 
6135 4634 1445 4636 
6136 4615 4636 420 
6137 394 4637 4601 
6138 4637 4638 4601 
6139 4637 1446 4638 
6140 4601 4638 1437 
6141 1446 4639 4638 
6142 4639 4640 4638 
6143 4639 1435 4640 
6144 4638 4640 1437 
6145 1446 4641 4639 
6146 4641 4598 4639 
6147 4641 577 4598 
6148 4639 4598 1435 
6149 1437 4640 4605 
6150 4640 4594 4605 
6151 4640 1435 4594 
6152 4605 4594 567 
6153 388 4607 4462 
6154 4607 4642 4462 
6155 4607 1438 4642 
6156 4462 4642 1408 
6157 1438 4643 4642 
6158 4643 4644 4642 
6159 4643 1427 4644 
6160 4642 4644 1408 
6161 1438 4606 4643 
6162 4606 4561 4643 
6163 4606 567 4561 
6164 4643 4561 1427 
6165 1408 4644 4463 
6166 4644 4557 4463 
6167 4644 1427 4557 
6168 4463 4557 385 
6169 553 4531 4568 
6170 4531 4645 4568 
6171 4531 1419 4645 
6172 4568 4645 1428 
6173 1419 4646 4645 
6174 4646 4647 4645 
6175 4646 1447 4647 
6176 4645 4647 1428 
6177 1419 4530 4646 
6178 4530 4648 4646 
6179 4530 576 4648 
6180 4646 4648 1447 
6181 1428 4647 4569 
6182 4647 4649 4569 
6183 4647 1447 4649 
6184 4569 4649 392 
6185 393 4650 4083 
6186 4650 4651 4083 
6187 4650 1448 4651 
6188 4083 4651 1316 
6189 1448 4652 4651 
6190 4652 4653 4651 
6191 4652 1234 4653 
6192 4651 4653 1316 
6193 1448 4654 4652 
6194 4654 3801 4652 
6195 4654 576 3801 
6196 4652 3801 1234 
6197 1316 4653 4088 
6198 4653 3796 4088 
6199 4653 1234 3796 
6200 4088 3796 397 
6201 401 4655 4511 
6202 4655 4656 4511 
6203 4655 1449 4656 
6204 4511 4656 1416 
6205 1449 4657 4656 
6206 4657 4658 4656 
6207 4657 1441 4658 
6208 4656 4658 1416 
6209 1449 4659 4657 
6210 4659 4610 4657 
6211 4659 579 4610 
6212 4657 4610 1441 
6213 1416 4658 4515 
6214 4658 4616 4515 
6215 4658 1441 4616 
6216 4515 4616 420 
6217 392 4649 4464 
6218 4649 4660 4464 
6219 4649 1447 4660 
6220 4464 4660 1409 
6221 1447 4661 4660 
6222 4661 4662 4660 
6223 4661 1448 4662 
6224 4660 4662 1409 
6225 1447 4648 4661 
6226 4648 4654 4661 
6227 4648 576 4654 
6228 4661 4654 1448 
6229 1409 4662 4468 
6230 4662 4650 4468 
6231 4662 1448 4650 
6232 4468 4650 393 
6233 587 4501 4664 
6234 4501 4663 4664 
6235 4501 1414 4663 
6236 4664 4663 1450 
6237 1414 4665 4663 
6238 4665 4666 4663 
6239 4665 1433 4666 
6240 4663 4666 1450 
6241 1414 4505 4665 
6242 4505 4583 4665 
6243 4505 590 4583 
6244 4665 4583 1433 
6245 1450 4666 4667 
6246 4666 4588 4667 
6247 4666 1433 4588 
6248 4667 4588 589 
6249 400 3820 4071 
6250 3820 4668 4071 
6251 3820 1239 4668 
6252 4071 4668 1313 
6253 1239 4669 4668 
6254 4669 4670 4668 
6255 4669 1451 4670 
6256 4668 4670 1313 
6257 1239 3819 4669 
6258 3819 4671 4669 
6259 3819 575 4671 
6260 4669 4671 1451 
6261 1313 4670 4076 
6262 4670 4672 4076 
6263 4670 1451 4672 
6264 4076 4672 415 
6265 415 4673 4516 
6266 4673 4674 4516 
6267 4673 1452 4674 
6268 4516 4674 1417 
6269 1452 4675 4674 
6270 4675 4676 4674 
6271 4675 833 4676 
6272 4674 4676 1417 
6273 1452 4677 4675 
6274 4677 2441 4675 
6275 4677 581 2441 
6276 4675 2441 833 
6277 1417 4676 4521 
6278 4676 2436 4521 
6279 4676 833 2436 
6280 4521 2436 532 
6281 378 4626 4366 
6282 4626 4678 4366 
6283 4626 1444 4678 
6284 4366 4678 1387 
6285 1444 4679 4678 
6286 4679 4680 4678 
6287 4679 1453 4680 
6288 4678 4680 1387 
6289 1444 4631 4679 
6290 4631 4681 4679 
6291 4631 571 4681 
6292 4679 4681 1453 
6293 1387 4680 4370 
6294 4680 4682 4370 
6295 4680 1453 4682 
6296 4370 4682 380 
6297 380 4682 4373 
6298 4682 4683 4373 
6299 4682 1453 4683 
6300 4373 4683 1389 
6301 1453 4684 4683 
6302 4684 4685 4683 
6303 4684 1240 4685 
6304 4683 4685 1389 
6305 1453 4681 4684 
6306 4681 3816 4684 
6307 4681 571 3816 
6308 4684 3816 1240 
6309 1389 4685 4378 
6310 4685 3821 4378 
6311 4685 1240 3821 
6312 4378 3821 400 
6313 402 4686 4410 
6314 4686 4687 4410 
6315 4686 1454 4687 
6316 4410 4687 1398 
6317 1454 4688 4687 
6318 4688 4689 4687 
6319 4688 1449 4689 
6320 4687 4689 1398 
6321 1454 4690 4688 
6322 4690 4659 4688 
6323 4690 579 4659 
6324 4688 4659 1449 
6325 1398 4689 4411 
6326 4689 4655 4411 
6327 4689 1449 4655 
6328 4411 4655 401 
6329 507 4691 4388 
6330 4691 4692 4388 
6331 4691 1455 4692 
6332 4388 4692 1393 
6333 1455 4693 4692 
6334 4693 4694 4692 
6335 4693 1454 4694 
6336 4692 4694 1393 
6337 1455 4695 4693 
6338 4695 4690 4693 
6339 4695 579 4690 
6340 4693 4690 1454 
6341 1393 4694 4389 
6342 4694 4686 4389 
6343 4694 1454 4686 
6344 4389 4686 402 
6345 575 4696 4671 
6346 4696 4697 4671 
6347 4696 1456 4697 
6348 4671 4697 1451 
6349 1456 4698 4697 
6350 4698 4699 4697 
6351 4698 1452 4699 
6352 4697 4699 1451 
6353 1456 4700 4698 
6354 4700 4677 4698 
6355 4700 581 4677 
6356 4698 4677 1452 
6357 1451 4699 4672 
6358 4699 4673 4672 
6359 4699 1452 4673 
6360 4672 4673 415 
6361 420 4636 3866 
6362 4636 4701 3866 
6363 4636 1445 4701 
6364 3866 4701 1254 
6365 1445 4702 4701 
6366 4702 4703 4701 
6367 4702 1456 4703 
6368 4701 4703 1254 
6369 1445 4635 4702 
6370 4635 4700 4702 
6371 4635 581 4700 
6372 4702 4700 1456 
6373 1254 4703 3871 
6374 4703 4696 3871 
6375 4703 1456 4696 
6376 3871 4696 575 
6377 571 4630 3587 
6378 4630 4704 3587 
6379 4630 1443 4704 
6380 3587 4704 1171 
6381 1443 4705 4704 
6382 4705 4706 4704 
6383 4705 1457 4706 
6384 4704 4706 1171 
6385 1443 4629 4705 
6386 4629 4707 4705 
6387 4629 572 4707 
6388 4705 4707 1457 
6389 1171 4706 3581 
6390 4706 4708 3581 
6391 4706 1457 4708 
6392 3581 4708 419 
6393 419 4708 4112 
6394 4708 4709 4112 
6395 4708 1457 4709 
6396 4112 4709 1324 
6397 1457 4710 4709 
6398 4710 4711 4709 
6399 4710 1379 4711 
6400 4709 4711 1324 
6401 1457 4707 4710 
6402 4707 4339 4710 
6403 4707 572 4339 
6404 4710 4339 1379 
6405 1324 4711 4113 
6406 4711 4335 4113 
6407 4711 1379 4335 
6408 4113 4335 389 
6409 432 4712 4422 
6410 4712 4713 4422 
6411 4712 1458 4713 
6412 4422 4713 1400 
6413 1458 4714 4713 
6414 4714 4715 4713 
6415 4714 1459 4715 
6416 4713 4715 1400 
6417 1458 4716 4714 
6418 4716 4717 4714 
6419 4716 573 4717 
6420 4714 4717 1459 
6421 1400 4715 4426 
6422 4715 4718 4426 
6423 4715 1459 4718 
6424 4426 4718 439 
6425 433 4719 4026 
6426 4719 4720 4026 
6427 4719 1460 4720 
6428 4026 4720 1299 
6429 1460 4721 4720 
6430 4721 4722 4720 
6431 4721 1458 4722 
6432 4720 4722 1299 
6433 1460 4723 4721 
6434 4723 4716 4721 
6435 4723 573 4716 
6436 4721 4716 1458 
6437 1299 4722 4027 
6438 4722 4712 4027 
6439 4722 1458 4712 
6440 4027 4712 432 
6441 597 4724 4726 
6442 4724 4725 4726 
6443 4724 1461 4725 
6444 4726 4725 1462 
6445 1461 4727 4725 
6446 4727 4728 4725 
6447 4727 847 4728 
6448 4725 4728 1462 
6449 1461 4729 4727 
6450 4729 2487 4727 
6451 4729 603 2487 
6452 4727 2487 847 
6453 1462 4728 4730 
6454 4728 2482 4730 
6455 4728 847 2482 
6456 4730 2482 602 
6457 597 4726 4592 
6458 4726 4731 4592 
6459 4726 1462 4731 
6460 4592 4731 1434 
6461 1462 4732 4731 
6462 4732 4733 4731 
6463 4732 1463 4733 
6464 4731 4733 1434 
6465 1462 4730 4732 
6466 4730 4734 4732 
6467 4730 602 4734 
6468 4732 4734 1463 
6469 1434 4733 4593 
6470 4733 4735 4593 
6471 4733 1463 4735 
6472 4593 4735 594 
6473 594 4735 3880 
6474 4735 4736 3880 
6475 4735 1463 4736 
6476 3880 4736 1258 
6477 1463 4737 4736 
6478 4737 4738 4736 
6479 4737 1464 4738 
6480 4736 4738 1258 
6481 1463 4734 4737 
6482 4734 4739 4737 
6483 4734 602 4739 
6484 4737 4739 1464 
6485 1258 4738 3885 
6486 4738 4740 3885 
6487 4738 1464 4740 
6488 3885 4740 596 
6489 587 4664 4742 
6490 4664 4741 4742 
6491 4664 1450 4741 
6492 4742 4741 1466 
6493 1450 4743 4741 
6494 4743 4744 4741 
6495 4743 1465 4744 
6496 4741 4744 1466 
6497 1450 4667 4743 
6498 4667 4745 4743 
6499 4667 589 4745 
6500 4743 4745 1465 
6501 1466 4744 4747 
6502 4744 4746 4747 
6503 4744 1465 4746 
6504 4747 4746 586 
6505 585 4748 4750 
6506 4748 4749 4750 
6507 4748 1467 4749 
6508 4750 4749 1468 
6509 1467 4751 4749 
6510 4751 4752 4749 
6511 4751 1466 4752 
6512 4749 4752 1468 
6513 1467 4753 4751 
6514 4753 4742 4751 
6515 4753 587 4742 
6516 4751 4742 1466 
6517 1468 4752 4754 
6518 4752 4747 4754 
6519 4752 1466 4747 
6520 4754 4747 586 
6521 586 4755 4757 
6522 4755 4756 4757 
6523 4755 1469 4756 
6524 4757 4756 1471 
6525 1469 4758 4756 
6526 4758 4759 4756 
6527 4758 1470 4759 
6528 4756 4759 1471 
6529 1469 4760 4758 
6530 4760 4761 4758 
6531 4760 588 4761 
6532 4758 4761 1470 
6533 1471 4759 4763 
6534 4759 4762 4763 
6535 4759 1470 4762 
6536 4763 4762 584 
6537 585 4750 4765 
6538 4750 4764 4765 
6539 4750 1468 4764 
6540 4765 4764 1472 
6541 1468 4766 4764 
6542 4766 4767 4764 
6543 4766 1471 4767 
6544 4764 4767 1472 
6545 1468 4754 4766 
6546 4754 4757 4766 
6547 4754 586 4757 
6548 4766 4757 1471 
6549 1472 4767 4768 
6550 4767 4763 4768 
6551 4767 1471 4763 
6552 4768 4763 584 
6553 348 4769 3493 
6554 4769 4770 3493 
6555 4769 1473 4770 
6556 3493 4770 1144 
6557 1473 4771 4770 
6558 4771 4772 4770 
6559 4771 1474 4772 
6560 4770 4772 1144 
6561 1473 4773 4771 
6562 4773 4774 4771 
6563 4773 582 4774 
6564 4771 4774 1474 
6565 1144 4772 3497 
6566 4772 4775 3497 
6567 4772 1474 4775 
6568 3497 4775 349 
6569 562 4776 3703 
6570 4776 4777 3703 
6571 4776 1475 4777 
6572 3703 4777 1205 
6573 1475 4778 4777 
6574 4778 4779 4777 
6575 4778 1476 4779 
6576 4777 4779 1205 
6577 1475 4780 4778 
6578 4780 4781 4778 
6579 4780 582 4781 
6580 4778 4781 1476 
6581 1205 4779 3704 
6582 4779 4782 3704 
6583 4779 1476 4782 
6584 3704 4782 355 
6585 352 4783 3505 
6586 4783 4784 3505 
6587 4783 1477 4784 
6588 3505 4784 1147 
6589 1477 4785 4784 
6590 4785 4786 4784 
6591 4785 1473 4786 
6592 4784 4786 1147 
6593 1477 4787 4785 
6594 4787 4773 4785 
6595 4787 582 4773 
6596 4785 4773 1473 
6597 1147 4786 3506 
6598 4786 4769 3506 
6599 4786 1473 4769 
6600 3506 4769 348 
6601 350 4788 4790 
6602 4788 4789 4790 
6603 4788 1478 4789 
6604 4790 4789 1479 
6605 1478 4791 4789 
6606 4791 4792 4789 
6607 4791 1472 4792 
6608 4789 4792 1479 
6609 1478 4793 4791 
6610 4793 4765 4791 
6611 4793 585 4765 
6612 4791 4765 1472 
6613 1479 4792 4794 
6614 4792 4768 4794 
6615 4792 1472 4768 
6616 4794 4768 584 
6617 355 4782 3688 
6618 4782 4795 3688 
6619 4782 1476 4795 
6620 3688 4795 1201 
6621 1476 4796 4795 
6622 4796 4797 4795 
6623 4796 1477 4797 
6624 4795 4797 1201 
6625 1476 4781 4796 
6626 4781 4787 4796 
6627 4781 582 4787 
6628 4796 4787 1477 
6629 1201 4797 3689 
6630 4797 4783 3689 
6631 4797 1477 4783 
6632 3689 4783 352 
6633 350 4798 3484 
6634 4798 4799 3484 
6635 4798 1480 4799 
6636 3484 4799 1141 
6637 1480 4800 4799 
6638 4800 4801 4799 
6639 4800 1481 4801 
6640 4799 4801 1141 
6641 1480 4802 4800 
6642 4802 4803 4800 
6643 4802 583 4803 
6644 4800 4803 1481 
6645 1141 4801 3485 
6646 4801 4804 3485 
6647 4801 1481 4804 
6648 3485 4804 347 
6649 347 4804 3486 
6650 4804 4805 3486 
6651 4804 1481 4805 
6652 3486 4805 1142 
6653 1481 4806 4805 
6654 4806 4807 4805 
6655 4806 1482 4807 
6656 4805 4807 1142 
6657 1481 4803 4806 
6658 4803 4808 4806 
6659 4803 583 4808 
6660 4806 4808 1482 
6661 1142 4807 3490 
6662 4807 4809 3490 
6663 4807 1482 4809 
6664 3490 4809 351 
6665 584 4810 4812 
6666 4810 4811 4812 
6667 4810 1483 4811 
6668 4812 4811 1485 
6669 1483 4813 4811 
6670 4813 4814 4811 
6671 4813 1484 4814 
6672 4811 4814 1485 
6673 1483 4815 4813 
6674 4815 4816 4813 
6675 4815 604 4816 
6676 4813 4816 1484 
6677 1485 4814 4818 
6678 4814 4817 4818 
6679 4814 1484 4817 
6680 4818 4817 583 
6681 342 4819 4821 
6682 4819 4820 4821 
6683 4819 1486 4820 
6684 4821 4820 1487 
6685 1486 4822 4820 
6686 4822 4823 4820 
6687 4822 1108 4823 
6688 4820 4823 1487 
6689 1486 4824 4822 
6690 4824 3369 4822 
6691 4824 608 3369 
6692 4822 3369 1108 
6693 1487 4823 4825 
6694 4823 3364 4825 
6695 4823 1108 3364 
6696 4825 3364 607 
6697 350 4790 4798 
6698 4790 4826 4798 
6699 4790 1479 4826 
6700 4798 4826 1480 
6701 1479 4827 4826 
6702 4827 4828 4826 
6703 4827 1485 4828 
6704 4826 4828 1480 
6705 1479 4794 4827 
6706 4794 4812 4827 
6707 4794 584 4812 
6708 4827 4812 1485 
6709 1480 4828 4802 
6710 4828 4818 4802 
6711 4828 1485 4818 
6712 4802 4818 583 
6713 583 4817 4830 
6714 4817 4829 4830 
6715 4817 1484 4829 
6716 4830 4829 1489 
6717 1484 4831 4829 
6718 4831 4832 4829 
6719 4831 1488 4832 
6720 4829 4832 1489 
6721 1484 4816 4831 
6722 4816 4833 4831 
6723 4816 604 4833 
6724 4831 4833 1488 
6725 1489 4832 4835 
6726 4832 4834 4835 
6727 4832 1488 4834 
6728 4835 4834 410 
6729 351 4809 3514 
6730 4809 4836 3514 
6731 4809 1482 4836 
6732 3514 4836 1150 
6733 1482 4837 4836 
6734 4837 4838 4836 
6735 4837 1489 4838 
6736 4836 4838 1150 
6737 1482 4808 4837 
6738 4808 4830 4837 
6739 4808 583 4830 
6740 4837 4830 1489 
6741 1150 4838 3518 
6742 4838 4835 3518 
6743 4838 1489 4835 
6744 3518 4835 410 
6745 588 4839 4761 
6746 4839 4840 4761 
6747 4839 1490 4840 
6748 4761 4840 1470 
6749 1490 4841 4840 
6750 4841 4842 4840 
6751 4841 1483 4842 
6752 4840 4842 1470 
6753 1490 4843 4841 
6754 4843 4815 4841 
6755 4843 604 4815 
6756 4841 4815 1483 
6757 1470 4842 4762 
6758 4842 4810 4762 
6759 4842 1483 4810 
6760 4762 4810 584 
6761 340 4844 3430 
6762 4844 4845 3430 
6763 4844 1491 4845 
6764 3430 4845 1126 
6765 1491 4846 4845 
6766 4846 4847 4845 
6767 4846 893 4847 
6768 4845 4847 1126 
6769 1491 4848 4846 
6770 4848 2633 4846 
6771 4848 606 2633 
6772 4846 2633 893 
6773 1126 4847 3434 
6774 4847 2628 3434 
6775 4847 893 2628 
6776 3434 2628 341 
6777 344 4849 3449 
6778 4849 4850 3449 
6779 4849 1492 4850 
6780 3449 4850 1131 
6781 1492 4851 4850 
6782 4851 4852 4850 
6783 4851 1491 4852 
6784 4850 4852 1131 
6785 1492 4853 4851 
6786 4853 4848 4851 
6787 4853 606 4848 
6788 4851 4848 1491 
6789 1131 4852 3450 
6790 4852 4844 3450 
6791 4852 1491 4844 
6792 3450 4844 340 
6793 591 4854 4246 
6794 4854 4855 4246 
6795 4854 1493 4855 
6796 4246 4855 1360 
6797 1493 4856 4855 
6798 4856 4857 4855 
6799 4856 1494 4857 
6800 4855 4857 1360 
6801 1493 4858 4856 
6802 4858 4859 4856 
6803 4858 605 4859 
6804 4856 4859 1494 
6805 1360 4857 4251 
6806 4857 4860 4251 
6807 4857 1494 4860 
6808 4251 4860 593 
6809 349 2236 3498 
6810 2236 4861 3498 
6811 2236 771 4861 
6812 3498 4861 1145 
6813 771 4862 4861 
6814 4862 4863 4861 
6815 4862 1492 4863 
6816 4861 4863 1145 
6817 771 2235 4862 
6818 2235 4853 4862 
6819 2235 606 4853 
6820 4862 4853 1492 
6821 1145 4863 3499 
6822 4863 4849 3499 
6823 4863 1492 4849 
6824 3499 4849 344 
6825 342 4821 3385 
6826 4821 4864 3385 
6827 4821 1487 4864 
6828 3385 4864 1114 
6829 1487 4865 4864 
6830 4865 4866 4864 
6831 4865 1495 4866 
6832 4864 4866 1114 
6833 1487 4825 4865 
6834 4825 4867 4865 
6835 4825 607 4867 
6836 4865 4867 1495 
6837 1114 4866 3386 
6838 4866 4868 3386 
6839 4866 1495 4868 
6840 3386 4868 339 
6841 350 4869 4788 
6842 4869 4870 4788 
6843 4869 1496 4870 
6844 4788 4870 1478 
6845 1496 4871 4870 
6846 4871 4872 4870 
6847 4871 1110 4872 
6848 4870 4872 1478 
6849 1496 4873 4871 
6850 4873 3366 4871 
6851 4873 607 3366 
6852 4871 3366 1110 
6853 1478 4872 4793 
6854 4872 3372 4793 
6855 4872 1110 3372 
6856 4793 3372 585 
6857 339 4868 3423 
6858 4868 4874 3423 
6859 4868 1495 4874 
6860 3423 4874 1124 
6861 1495 4875 4874 
6862 4875 4876 4874 
6863 4875 1497 4876 
6864 4874 4876 1124 
6865 1495 4867 4875 
6866 4867 4877 4875 
6867 4867 607 4877 
6868 4875 4877 1497 
6869 1124 4876 3427 
6870 4876 4878 3427 
6871 4876 1497 4878 
6872 3427 4878 343 
6873 585 3371 4748 
6874 3371 4879 4748 
6875 3371 1109 4879 
6876 4748 4879 1467 
6877 1109 4880 4879 
6878 4880 4881 4879 
6879 4880 1498 4881 
6880 4879 4881 1467 
6881 1109 3370 4880 
6882 3370 4882 4880 
6883 3370 608 4882 
6884 4880 4882 1498 
6885 1467 4881 4753 
6886 4881 4883 4753 
6887 4881 1498 4883 
6888 4753 4883 587 
6889 591 4884 4854 
6890 4884 4885 4854 
6891 4884 1499 4885 
6892 4854 4885 1493 
6893 1499 4886 4885 
6894 4886 4887 4885 
6895 4886 1500 4887 
6896 4885 4887 1493 
6897 1499 4888 4886 
6898 4888 4889 4886 
6899 4888 608 4889 
6900 4886 4889 1500 
6901 1493 4887 4858 
6902 4887 4890 4858 
6903 4887 1500 4890 
6904 4858 4890 605 
6905 605 4890 4892 
6906 4890 4891 4892 
6907 4890 1500 4891 
6908 4892 4891 1501 
6909 1500 4893 4891 
6910 4893 4894 4891 
6911 4893 1486 4894 
6912 4891 4894 1501 
6913 1500 4889 4893 
6914 4889 4824 4893 
6915 4889 608 4824 
6916 4893 4824 1486 
6917 1501 4894 4895 
6918 4894 4819 4895 
6919 4894 1486 4819 
6920 4895 4819 342 
6921 343 4878 3479 
6922 4878 4896 3479 
6923 4878 1497 4896 
6924 3479 4896 1140 
6925 1497 4897 4896 
6926 4897 4898 4896 
6927 4897 1496 4898 
6928 4896 4898 1140 
6929 1497 4877 4897 
6930 4877 4873 4897 
6931 4877 607 4873 
6932 4897 4873 1496 
6933 1140 4898 3483 
6934 4898 4869 3483 
6935 4898 1496 4869 
6936 3483 4869 350 
6937 587 4883 4499 
6938 4883 4899 4499 
6939 4883 1498 4899 
6940 4499 4899 1413 
6941 1498 4900 4899 
6942 4900 4901 4899 
6943 4900 1499 4901 
6944 4899 4901 1413 
6945 1498 4882 4900 
6946 4882 4888 4900 
6947 4882 608 4888 
6948 4900 4888 1499 
6949 1413 4901 4504 
6950 4901 4884 4504 
6951 4901 1499 4884 
6952 4504 4884 591 
6953 346 4902 4904 
6954 4902 4903 4904 
6955 4902 1502 4903 
6956 4904 4903 1503 
6957 1502 4905 4903 
6958 4905 4906 4903 
6959 4905 1085 4906 
6960 4903 4906 1503 
6961 1502 4907 4905 
6962 4907 3290 4905 
6963 4907 614 3290 
6964 4905 3290 1085 
6965 1503 4906 4908 
6966 4906 3285 4908 
6967 4906 1085 3285 
6968 4908 3285 613 
6969 465 4909 3241 
6970 4909 4910 3241 
6971 4909 1504 4910 
6972 3241 4910 1072 
6973 1504 4911 4910 
6974 4911 4912 4910 
6975 4911 1505 4912 
6976 4910 4912 1072 
6977 1504 4913 4911 
6978 4913 4914 4911 
6979 4913 615 4914 
6980 4911 4914 1505 
6981 1072 4912 3242 
6982 4912 4915 3242 
6983 4912 1505 4915 
6984 3242 4915 464 
6985 595 4916 4536 
6986 4916 4917 4536 
6987 4916 1506 4917 
6988 4536 4917 1421 
6989 1506 4918 4917 
6990 4918 4919 4917 
6991 4918 1507 4919 
6992 4917 4919 1421 
6993 1506 4920 4918 
6994 4920 4921 4918 
6995 4920 609 4921 
6996 4918 4921 1507 
6997 1421 4919 4541 
6998 4919 4922 4541 
6999 4919 1507 4922 
7000 4541 4922 598 
7001 466 4923 3308 
7002 4923 4924 3308 
7003 4923 1508 4924 
7004 3308 4924 1092 
7005 1508 4925 4924 
7006 4925 4926 4924 
7007 4925 1509 4926 
7008 4924 4926 1092 
7009 1508 4927 4925 
7010 4927 4928 4925 
7011 4927 610 4928 
7012 4925 4928 1509 
7013 1092 4926 3312 
7014 4926 4929 3312 
7015 4926 1509 4929 
7016 3312 4929 467 
7017 467 4929 3350 
7018 4929 4930 3350 
7019 4929 1509 4930 
7020 3350 4930 1104 
7021 1509 4931 4930 
7022 4931 4932 4930 
7023 4931 1510 4932 
7024 4930 4932 1104 
7025 1509 4928 4931 
7026 4928 4933 4931 
7027 4928 610 4933 
7028 4931 4933 1510 
7029 1104 4932 3354 
7030 4932 4934 3354 
7031 4932 1510 4934 
7032 3354 4934 483 
7033 346 4904 3306 
7034 4904 4935 3306 
7035 4904 1503 4935 
7036 3306 4935 1091 
7037 1503 4936 4935 
7038 4936 4937 4935 
7039 4936 1511 4937 
7040 4935 4937 1091 
7041 1503 4908 4936 
7042 4908 4938 4936 
7043 4908 613 4938 
7044 4936 4938 1511 
7045 1091 4937 3307 
7046 4937 4939 3307 
7047 4937 1511 4939 
7048 3307 4939 335 
7049 342 4940 4895 
7050 4940 4941 4895 
7051 4940 1512 4941 
7052 4895 4941 1501 
7053 1512 4942 4941 
7054 4942 4943 4941 
7055 4942 1087 4943 
7056 4941 4943 1501 
7057 1512 4944 4942 
7058 4944 3287 4942 
7059 4944 613 3287 
7060 4942 3287 1087 
7061 1501 4943 4892 
7062 4943 3293 4892 
7063 4943 1087 3293 
7064 4892 3293 605 
7065 335 4939 3315 
7066 4939 4945 3315 
7067 4939 1511 4945 
7068 3315 4945 1094 
7069 1511 4946 4945 
7070 4946 4947 4945 
7071 4946 1513 4947 
7072 4945 4947 1094 
7073 1511 4938 4946 
7074 4938 4948 4946 
7075 4938 613 4948 
7076 4946 4948 1513 
7077 1094 4947 3319 
7078 4947 4949 3319 
7079 4947 1513 4949 
7080 3319 4949 337 
7081 605 3292 4859 
7082 3292 4950 4859 
7083 3292 1086 4950 
7084 4859 4950 1494 
7085 1086 4951 4950 
7086 4951 4952 4950 
7087 4951 1514 4952 
7088 4950 4952 1494 
7089 1086 3291 4951 
7090 3291 4953 4951 
7091 3291 614 4953 
7092 4951 4953 1514 
7093 1494 4952 4860 
7094 4952 4954 4860 
7095 4952 1514 4954 
7096 4860 4954 593 
7097 609 4955 4957 
7098 4955 4956 4957 
7099 4955 1515 4956 
7100 4957 4956 1516 
7101 1515 4958 4956 
7102 4958 4959 4956 
7103 4958 1502 4959 
7104 4956 4959 1516 
7105 1515 4960 4958 
7106 4960 4907 4958 
7107 4960 614 4907 
7108 4958 4907 1502 
7109 1516 4959 4961 
7110 4959 4902 4961 
7111 4959 1502 4902 
7112 4961 4902 346 
7113 595 4962 4916 
7114 4962 4963 4916 
7115 4962 1517 4963 
7116 4916 4963 1506 
7117 1517 4964 4963 
7118 4964 4965 4963 
7119 4964 1515 4965 
7120 4963 4965 1506 
7121 1517 4966 4964 
7122 4966 4960 4964 
7123 4966 614 4960 
7124 4964 4960 1515 
7125 1506 4965 4920 
7126 4965 4955 4920 
7127 4965 1515 4955 
7128 4920 4955 609 
7129 337 4949 3380 
7130 4949 4967 3380 
7131 4949 1513 4967 
7132 3380 4967 1113 
7133 1513 4968 4967 
7134 4968 4969 4967 
7135 4968 1512 4969 
7136 4967 4969 1113 
7137 1513 4948 4968 
7138 4948 4944 4968 
7139 4948 613 4944 
7140 4968 4944 1512 
7141 1113 4969 3384 
7142 4969 4940 3384 
7143 4969 1512 4940 
7144 3384 4940 342 
7145 593 4954 4550 
7146 4954 4970 4550 
7147 4954 1514 4970 
7148 4550 4970 1425 
7149 1514 4971 4970 
7150 4971 4972 4970 
7151 4971 1517 4972 
7152 4970 4972 1425 
7153 1514 4953 4971 
7154 4953 4966 4971 
7155 4953 614 4966 
7156 4971 4966 1517 
7157 1425 4972 4554 
7158 4972 4962 4554 
7159 4972 1517 4962 
7160 4554 4962 595 
7161 468 4973 3327 
7162 4973 4974 3327 
7163 4973 1518 4974 
7164 3327 4974 1097 
7165 1518 4975 4974 
7166 4975 4976 4974 
7167 4975 1504 4976 
7168 4974 4976 1097 
7169 1518 4977 4975 
7170 4977 4913 4975 
7171 4977 615 4913 
7172 4975 4913 1504 
7173 1097 4976 3328 
7174 4976 4909 3328 
7175 4976 1504 4909 
7176 3328 4909 465 
7177 522 3040 4979 
7178 3040 4978 4979 
7179 3040 1016 4978 
7180 4979 4978 1519 
7181 1016 4980 4978 
7182 4980 4981 4978 
7183 4980 741 4981 
7184 4978 4981 1519 
7185 1016 3046 4980 
7186 3046 2143 4980 
7187 3046 523 2143 
7188 4980 2143 741 
7189 1519 4981 4982 
7190 4981 2138 4982 
7191 4981 741 2138 
7192 4982 2138 521 
7193 509 2318 3406 
7194 2318 4983 3406 
7195 2318 798 4983 
7196 3406 4983 1120 
7197 798 4984 4983 
7198 4984 4985 4983 
7199 4984 1518 4985 
7200 4983 4985 1120 
7201 798 2322 4984 
7202 2322 4977 4984 
7203 2322 615 4977 
7204 4984 4977 1518 
7205 1120 4985 3407 
7206 4985 4973 3407 
7207 4985 1518 4973 
7208 3407 4973 468 
7209 441 3234 3924 
7210 3234 4986 3924 
7211 3234 1069 4986 
7212 3924 4986 1269 
7213 1069 4987 4986 
7214 4987 4988 4986 
7215 4987 1520 4988 
7216 4986 4988 1269 
7217 1069 3233 4987 
7218 3233 4989 4987 
7219 3233 616 4989 
7220 4987 4989 1520 
7221 1269 4988 3925 
7222 4988 4990 3925 
7223 4988 1520 4990 
7224 3925 4990 384 
7225 382 4991 3408 
7226 4991 4992 3408 
7227 4991 1521 4992 
7228 3408 4992 1121 
7229 1521 4993 4992 
7230 4993 4994 4992 
7231 4993 1522 4994 
7232 4992 4994 1121 
7233 1521 4995 4993 
7234 4995 4996 4993 
7235 4995 616 4996 
7236 4993 4996 1522 
7237 1121 4994 3413 
7238 4994 4997 3413 
7239 4994 1522 4997 
7240 3413 4997 569 
7241 569 4997 3255 
7242 4997 4998 3255 
7243 4997 1522 4998 
7244 3255 4998 1076 
7245 1522 4999 4998 
7246 4999 5000 4998 
7247 4999 1073 5000 
7248 4998 5000 1076 
7249 1522 4996 4999 
7250 4996 3248 4999 
7251 4996 616 3248 
7252 4999 3248 1073 
7253 1076 5000 3256 
7254 5000 3243 3256 
7255 5000 1073 3243 
7256 3256 3243 542 
7257 384 4990 4060 
7258 4990 5001 4060 
7259 4990 1520 5001 
7260 4060 5001 1309 
7261 1520 5002 5001 
7262 5002 5003 5001 
7263 5002 1521 5003 
7264 5001 5003 1309 
7265 1520 4989 5002 
7266 4989 4995 5002 
7267 4989 616 4995 
7268 5002 4995 1521 
7269 1309 5003 4061 
7270 5003 4991 4061 
7271 5003 1521 4991 
7272 4061 4991 382 
7273 521 2189 5005 
7274 2189 5004 5005 
7275 2189 757 5004 
7276 5005 5004 1523 
7277 757 5006 5004 
7278 5006 5007 5004 
7279 5006 892 5007 
7280 5004 5007 1523 
7281 757 2188 5006 
7282 2188 2623 5006 
7283 2188 525 2623 
7284 5006 2623 892 
7285 1523 5007 5008 
7286 5007 2627 5008 
7287 5007 892 2627 
7288 5008 2627 519 
7289 520 5009 5011 
7290 5009 5010 5011 
7291 5009 1524 5010 
7292 5011 5010 1525 
7293 1524 5012 5010 
7294 5012 5013 5010 
7295 5012 1519 5013 
7296 5010 5013 1525 
7297 1524 5014 5012 
7298 5014 4979 5012 
7299 5014 522 4979 
7300 5012 4979 1519 
7301 1525 5013 5015 
7302 5013 4982 5015 
7303 5013 1519 4982 
7304 5015 4982 521 
7305 617 5016 5018 
7306 5016 5017 5018 
7307 5016 1526 5017 
7308 5018 5017 1528 
7309 1526 5019 5017 
7310 5019 5020 5017 
7311 5019 1527 5020 
7312 5017 5020 1528 
7313 1526 5021 5019 
7314 5021 5022 5019 
7315 5021 618 5022 
7316 5019 5022 1527 
7317 1528 5020 5024 
7318 5020 5023 5024 
7319 5020 1527 5023 
7320 5024 5023 609 
7321 520 5011 5026 
7322 5011 5025 5026 
7323 5011 1525 5025 
7324 5026 5025 1529 
7325 1525 5027 5025 
7326 5027 5028 5025 
7327 5027 1523 5028 
7328 5025 5028 1529 
7329 1525 5015 5027 
7330 5015 5005 5027 
7331 5015 521 5005 
7332 5027 5005 1523 
7333 1529 5028 5029 
7334 5028 5008 5029 
7335 5028 1523 5008 
7336 5029 5008 519 
7337 309 5030 5032 
7338 5030 5031 5032 
7339 5030 1530 5031 
7340 5032 5031 1531 
7341 1530 5033 5031 
7342 5033 5034 5031 
7343 5033 955 5034 
7344 5031 5034 1531 
7345 1530 5035 5033 
7346 5035 2841 5033 
7347 5035 720 2841 
7348 5033 2841 955 
7349 1531 5034 5036 
7350 5034 2836 5036 
7351 5034 955 2836 
7352 5036 2836 636 
7353 411 5037 3183 
7354 5037 5038 3183 
7355 5037 1532 5038 
7356 3183 5038 1055 
7357 1532 5039 5038 
7358 5039 5040 5038 
7359 5039 1533 5040 
7360 5038 5040 1055 
7361 1532 5041 5039 
7362 5041 5042 5039 
7363 5041 617 5042 
7364 5039 5042 1533 
7365 1055 5040 3184 
7366 5040 5043 3184 
7367 5040 1533 5043 
7368 3184 5043 330 
7369 423 2394 5045 
7370 2394 5044 5045 
7371 2394 822 5044 
7372 5045 5044 1535 
7373 822 5046 5044 
7374 5046 5047 5044 
7375 5046 1534 5047 
7376 5044 5047 1535 
7377 822 2400 5046 
7378 2400 5048 5046 
7379 2400 425 5048 
7380 5046 5048 1534 
7381 1535 5047 5050 
7382 5047 5049 5050 
7383 5047 1534 5049 
7384 5050 5049 424 
7385 346 5051 4961 
7386 5051 5052 4961 
7387 5051 1536 5052 
7388 4961 5052 1516 
7389 1536 5053 5052 
7390 5053 5054 5052 
7391 5053 1528 5054 
7392 5052 5054 1516 
7393 1536 5055 5053 
7394 5055 5018 5053 
7395 5055 617 5018 
7396 5053 5018 1528 
7397 1516 5054 4957 
7398 5054 5024 4957 
7399 5054 1528 5024 
7400 4957 5024 609 
7401 330 5043 3197 
7402 5043 5056 3197 
7403 5043 1533 5056 
7404 3197 5056 1059 
7405 1533 5057 5056 
7406 5057 5058 5056 
7407 5057 1537 5058 
7408 5056 5058 1059 
7409 1533 5042 5057 
7410 5042 5059 5057 
7411 5042 617 5059 
7412 5057 5059 1537 
7413 1059 5058 3201 
7414 5058 5060 3201 
7415 5058 1537 5060 
7416 3201 5060 332 
7417 514 5061 5063 
7418 5061 5062 5063 
7419 5061 1538 5062 
7420 5063 5062 1539 
7421 1538 5064 5062 
7422 5064 5065 5062 
7423 5064 1529 5065 
7424 5062 5065 1539 
7425 1538 5066 5064 
7426 5066 5026 5064 
7427 5066 520 5026 
7428 5064 5026 1529 
7429 1539 5065 5067 
7430 5065 5029 5067 
7431 5065 1529 5029 
7432 5067 5029 519 
7433 411 5068 5037 
7434 5068 5069 5037 
7435 5068 1540 5069 
7436 5037 5069 1532 
7437 1540 5070 5069 
7438 5070 5071 5069 
7439 5070 1526 5071 
7440 5069 5071 1532 
7441 1540 5072 5070 
7442 5072 5021 5070 
7443 5072 618 5021 
7444 5070 5021 1526 
7445 1532 5071 5041 
7446 5071 5016 5041 
7447 5071 1526 5016 
7448 5041 5016 617 
7449 673 5073 2965 
7450 5073 5074 2965 
7451 5073 1541 5074 
7452 2965 5074 992 
7453 1541 5075 5074 
7454 5075 5076 5074 
7455 5075 1542 5076 
7456 5074 5076 992 
7457 1541 5077 5075 
7458 5077 5078 5075 
7459 5077 728 5078 
7460 5075 5078 1542 
7461 992 5076 2966 
7462 5076 5079 2966 
7463 5076 1542 5079 
7464 2966 5079 626 
7465 332 5060 3301 
7466 5060 5080 3301 
7467 5060 1537 5080 
7468 3301 5080 1090 
7469 1537 5081 5080 
7470 5081 5082 5080 
7471 5081 1536 5082 
7472 5080 5082 1090 
7473 1537 5059 5081 
7474 5059 5055 5081 
7475 5059 617 5055 
7476 5081 5055 1536 
7477 1090 5082 3305 
7478 5082 5051 3305 
7479 5082 1536 5051 
7480 3305 5051 346 
7481 589 5083 4745 
7482 5083 5084 4745 
7483 5083 1543 5084 
7484 4745 5084 1465 
7485 1543 5085 5084 
7486 5085 5086 5084 
7487 5085 1544 5086 
7488 5084 5086 1465 
7489 1543 5087 5085 
7490 5087 5088 5085 
7491 5087 619 5088 
7492 5085 5088 1544 
7493 1465 5086 4746 
7494 5086 5089 4746 
7495 5086 1544 5089 
7496 4746 5089 586 
7497 661 5090 5092 
7498 5090 5091 5092 
7499 5090 1545 5091 
7500 5092 5091 1546 
7501 1545 5093 5091 
7502 5093 5094 5091 
7503 5093 1038 5094 
7504 5091 5094 1546 
7505 1545 5095 5093 
7506 5095 3130 5093 
7507 5095 716 3130 
7508 5093 3130 1038 
7509 1546 5094 5096 
7510 5094 3125 5096 
7511 5094 1038 3125 
7512 5096 3125 323 
7513 609 5023 4921 
7514 5023 5097 4921 
7515 5023 1527 5097 
7516 4921 5097 1507 
7517 1527 5098 5097 
7518 5098 5099 5097 
7519 5098 1547 5099 
7520 5097 5099 1507 
7521 1527 5022 5098 
7522 5022 5100 5098 
7523 5022 618 5100 
7524 5098 5100 1547 
7525 1507 5099 4922 
7526 5099 5101 4922 
7527 5099 1547 5101 
7528 4922 5101 598 
7529 460 5102 3190 
7530 5102 5103 3190 
7531 5102 1548 5103 
7532 3190 5103 1057 
7533 1548 5104 5103 
7534 5104 5105 5103 
7535 5104 1549 5105 
7536 5103 5105 1057 
7537 1548 5106 5104 
7538 5106 5107 5104 
7539 5106 654 5107 
7540 5104 5107 1549 
7541 1057 5105 3194 
7542 5105 5108 3194 
7543 5105 1549 5108 
7544 3194 5108 463 
7545 257 5109 256 
7546 5109 5110 256 
7547 5109 1550 5110 
7548 256 5110 255 
7549 1550 5111 5110 
7550 5111 5112 5110 
7551 5111 1551 5112 
7552 5110 5112 255 
7553 1550 5113 5111 
7554 5113 5114 5111 
7555 5113 301 5114 
7556 5111 5114 1551 
7557 255 5112 254 
7558 5112 5115 254 
7559 5112 1551 5115 
7560 254 5115 253 
7561 619 5116 5118 
7562 5116 5117 5118 
7563 5116 1552 5117 
7564 5118 5117 1554 
7565 1552 5119 5117 
7566 5119 5120 5117 
7567 5119 1553 5120 
7568 5117 5120 1554 
7569 1552 5121 5119 
7570 5121 5122 5119 
7571 5121 620 5122 
7572 5119 5122 1553 
7573 1554 5120 5124 
7574 5120 5123 5124 
7575 5120 1553 5123 
7576 5124 5123 588 
7577 441 5125 3235 
7578 5125 5126 3235 
7579 5125 1555 5126 
7580 3235 5126 1070 
7581 1555 5127 5126 
7582 5127 5128 5126 
7583 5127 1556 5128 
7584 5126 5128 1070 
7585 1555 5129 5127 
7586 5129 5130 5127 
7587 5129 621 5130 
7588 5127 5130 1556 
7589 1070 5128 3229 
7590 5128 5131 3229 
7591 5128 1556 5131 
7592 3229 5131 541 
7593 541 5131 3115 
7594 5131 5132 3115 
7595 5131 1556 5132 
7596 3115 5132 1034 
7597 1556 5133 5132 
7598 5133 5134 5132 
7599 5133 1557 5134 
7600 5132 5134 1034 
7601 1556 5130 5133 
7602 5130 5135 5133 
7603 5130 621 5135 
7604 5133 5135 1557 
7605 1034 5134 3116 
7606 5134 5136 3116 
7607 5134 1557 5136 
7608 3116 5136 503 
7609 473 3111 5138 
7610 3111 5137 5138 
7611 3111 1035 5137 
7612 5138 5137 1559 
7613 1035 5139 5137 
7614 5139 5140 5137 
7615 5139 1558 5140 
7616 5137 5140 1559 
7617 1035 3117 5139 
7618 3117 5141 5139 
7619 3117 503 5141 
7620 5139 5141 1558 
7621 1559 5140 5143 
7622 5140 5142 5143 
7623 5140 1558 5142 
7624 5143 5142 474 
7625 586 5089 4755 
7626 5089 5144 4755 
7627 5089 1544 5144 
7628 4755 5144 1469 
7629 1544 5145 5144 
7630 5145 5146 5144 
7631 5145 1554 5146 
7632 5144 5146 1469 
7633 1544 5088 5145 
7634 5088 5118 5145 
7635 5088 619 5118 
7636 5145 5118 1554 
7637 1469 5146 4760 
7638 5146 5124 4760 
7639 5146 1554 5124 
7640 4760 5124 588 
7641 514 5063 5148 
7642 5063 5147 5148 
7643 5063 1539 5147 
7644 5148 5147 1560 
7645 1539 5149 5147 
7646 5149 5150 5147 
7647 5149 776 5150 
7648 5147 5150 1560 
7649 1539 5067 5149 
7650 5067 2245 5149 
7651 5067 519 2245 
7652 5149 2245 776 
7653 1560 5150 5151 
7654 5150 2251 5151 
7655 5150 776 2251 
7656 5151 2251 518 
7657 622 5152 2205 
7658 5152 5153 2205 
7659 5152 1561 5153 
7660 2205 5153 762 
7661 1561 5154 5153 
7662 5154 5155 5153 
7663 5154 1562 5155 
7664 5153 5155 762 
7665 1561 5156 5154 
7666 5156 5157 5154 
7667 5156 690 5157 
7668 5154 5157 1562 
7669 762 5155 2206 
7670 5155 5158 2206 
7671 5155 1562 5158 
7672 2206 5158 599 
7673 425 2550 5160 
7674 2550 5159 5160 
7675 2550 870 5159 
7676 5160 5159 1564 
7677 870 5161 5159 
7678 5161 5162 5159 
7679 5161 1563 5162 
7680 5159 5162 1564 
7681 870 2556 5161 
7682 2556 5163 5161 
7683 2556 427 5163 
7684 5161 5163 1563 
7685 1564 5162 5165 
7686 5162 5164 5165 
7687 5162 1563 5164 
7688 5165 5164 426 
7689 218 5166 217 
7690 5166 5167 217 
7691 5166 1565 5167 
7692 217 5167 216 
7693 1565 5168 5167 
7694 5168 5169 5167 
7695 5168 1566 5169 
7696 5167 5169 216 
7697 1565 5170 5168 
7698 5170 5171 5168 
7699 5170 628 5171 
7700 5168 5171 1566 
7701 216 5169 215 
7702 5169 5172 215 
7703 5169 1566 5172 
7704 215 5172 214 
7705 463 5108 3278 
7706 5108 5173 3278 
7707 5108 1549 5173 
7708 3278 5173 1083 
7709 1549 5174 5173 
7710 5174 5175 5173 
7711 5174 1567 5175 
7712 5173 5175 1083 
7713 1549 5107 5174 
7714 5107 5176 5174 
7715 5107 654 5176 
7716 5174 5176 1567 
7717 1083 5175 3282 
7718 5175 5177 3282 
7719 5175 1567 5177 
7720 3282 5177 466 
7721 540 3096 3168 
7722 3096 5178 3168 
7723 3096 1029 5178 
7724 3168 5178 1050 
7725 1029 5179 5178 
7726 5179 5180 5178 
7727 5179 1568 5180 
7728 5178 5180 1050 
7729 1029 3095 5179 
7730 3095 5181 5179 
7731 3095 629 5181 
7732 5179 5181 1568 
7733 1050 5180 3169 
7734 5180 5182 3169 
7735 5180 1568 5182 
7736 3169 5182 490 
7737 564 5183 3680 
7738 5183 5184 3680 
7739 5183 1569 5184 
7740 3680 5184 1198 
7741 1569 5185 5184 
7742 5185 5186 5184 
7743 5185 1570 5186 
7744 5184 5186 1198 
7745 1569 5187 5185 
7746 5187 5188 5185 
7747 5187 629 5188 
7748 5185 5188 1570 
7749 1198 5186 3681 
7750 5186 5189 3681 
7751 5186 1570 5189 
7752 3681 5189 367 
7753 442 5190 4034 
7754 5190 5191 4034 
7755 5190 1571 5191 
7756 4034 5191 1302 
7757 1571 5192 5191 
7758 5192 5193 5191 
7759 5192 1555 5193 
7760 5191 5193 1302 
7761 1571 5194 5192 
7762 5194 5129 5192 
7763 5194 621 5129 
7764 5192 5129 1555 
7765 1302 5193 4035 
7766 5193 5125 4035 
7767 5193 1555 5125 
7768 4035 5125 441 
7769 427 2445 5196 
7770 2445 5195 5196 
7771 2445 837 5195 
7772 5196 5195 1573 
7773 837 5197 5195 
7774 5197 5198 5195 
7775 5197 1572 5198 
7776 5195 5198 1573 
7777 837 2451 5197 
7778 2451 5199 5197 
7779 2451 429 5199 
7780 5197 5199 1572 
7781 1573 5198 5201 
7782 5198 5200 5201 
7783 5198 1572 5200 
7784 5201 5200 428 
7785 249 5202 248 
7786 5202 5203 248 
7787 5202 1574 5203 
7788 248 5203 247 
7789 1574 5204 5203 
7790 5204 5205 5203 
7791 5204 1026 5205 
7792 5203 5205 247 
7793 1574 5206 5204 
7794 5206 3088 5204 
7795 5206 422 3088 
7796 5204 3088 1026 
7797 247 5205 246 
7798 5205 3083 246 
7799 5205 1026 3083 
7800 246 3083 245 
7801 334 5207 3276 
7802 5207 5208 3276 
7803 5207 1575 5208 
7804 3276 5208 1082 
7805 1575 5209 5208 
7806 5209 5210 5208 
7807 5209 1576 5210 
7808 5208 5210 1082 
7809 1575 5211 5209 
7810 5211 5212 5209 
7811 5211 651 5212 
7812 5209 5212 1576 
7813 1082 5210 3277 
7814 5210 5213 3277 
7815 5210 1576 5213 
7816 3277 5213 331 
7817 629 5214 5188 
7818 5214 5215 5188 
7819 5214 1577 5215 
7820 5188 5215 1570 
7821 1577 5216 5215 
7822 5216 5217 5215 
7823 5216 1578 5217 
7824 5215 5217 1570 
7825 1577 5218 5216 
7826 5218 5219 5216 
7827 5218 649 5219 
7828 5216 5219 1578 
7829 1570 5217 5189 
7830 5217 5220 5189 
7831 5217 1578 5220 
7832 5189 5220 367 
7833 336 5221 3299 
7834 5221 5222 3299 
7835 5221 1579 5222 
7836 3299 5222 1089 
7837 1579 5223 5222 
7838 5223 5224 5222 
7839 5223 1580 5224 
7840 5222 5224 1089 
7841 1579 5225 5223 
7842 5225 5226 5223 
7843 5225 642 5226 
7844 5223 5226 1580 
7845 1089 5224 3300 
7846 5224 5227 3300 
7847 5224 1580 5227 
7848 3300 5227 333 
7849 429 2453 5229 
7850 2453 5228 5229 
7851 2453 839 5228 
7852 5229 5228 1582 
7853 839 5230 5228 
7854 5230 5231 5228 
7855 5230 1581 5231 
7856 5228 5231 1582 
7857 839 2458 5230 
7858 2458 5232 5230 
7859 2458 435 5232 
7860 5230 5232 1581 
7861 1582 5231 5234 
7862 5231 5233 5234 
7863 5231 1581 5233 
7864 5234 5233 434 
7865 602 2835 4739 
7866 2835 5235 4739 
7867 2835 954 5235 
7868 4739 5235 1464 
7869 954 5236 5235 
7870 5236 5237 5235 
7871 5236 1583 5237 
7872 5235 5237 1464 
7873 954 2834 5236 
7874 2834 5238 5236 
7875 2834 644 5238 
7876 5236 5238 1583 
7877 1464 5237 4740 
7878 5237 5239 4740 
7879 5237 1583 5239 
7880 4740 5239 596 
7881 214 5172 4198 
7882 5172 5240 4198 
7883 5172 1566 5240 
7884 4198 5240 1348 
7885 1566 5241 5240 
7886 5241 5242 5240 
7887 5241 1584 5242 
7888 5240 5242 1348 
7889 1566 5171 5241 
7890 5171 5243 5241 
7891 5171 628 5243 
7892 5241 5243 1584 
7893 1348 5242 4202 
7894 5242 5244 4202 
7895 5242 1584 5244 
7896 4202 5244 308 
7897 604 5245 4833 
7898 5245 5246 4833 
7899 5245 1585 5246 
7900 4833 5246 1488 
7901 1585 5247 5246 
7902 5247 5248 5246 
7903 5247 1586 5248 
7904 5246 5248 1488 
7905 1585 5249 5247 
7906 5249 5250 5247 
7907 5249 647 5250 
7908 5247 5250 1586 
7909 1488 5248 4834 
7910 5248 5251 4834 
7911 5248 1586 5251 
7912 4834 5251 410 
7913 604 5252 5245 
7914 5252 5253 5245 
7915 5252 1587 5253 
7916 5245 5253 1585 
7917 1587 5254 5253 
7918 5254 5255 5253 
7919 5254 1588 5255 
7920 5253 5255 1585 
7921 1587 5256 5254 
7922 5256 5257 5254 
7923 5256 656 5257 
7924 5254 5257 1588 
7925 1585 5255 5249 
7926 5255 5258 5249 
7927 5255 1588 5258 
7928 5249 5258 647 
7929 490 5182 3743 
7930 5182 5259 3743 
7931 5182 1568 5259 
7932 3743 5259 1218 
7933 1568 5260 5259 
7934 5260 5261 5259 
7935 5260 1569 5261 
7936 5259 5261 1218 
7937 1568 5181 5260 
7938 5181 5187 5260 
7939 5181 629 5187 
7940 5260 5187 1569 
7941 1218 5261 3748 
7942 5261 5183 3748 
7943 5261 1569 5183 
7944 3748 5183 564 
7945 321 5262 4354 
7946 5262 5263 4354 
7947 5262 1589 5263 
7948 4354 5263 1384 
7949 1589 5264 5263 
7950 5264 5265 5263 
7951 5264 879 5265 
7952 5263 5265 1384 
7953 1589 5266 5264 
7954 5266 2580 5264 
7955 5266 630 2580 
7956 5264 2580 879 
7957 1384 5265 4358 
7958 5265 2586 4358 
7959 5265 879 2586 
7960 4358 2586 565 
7961 1 5267 76 
7962 5267 5268 76 
7963 5267 1590 5268 
7964 76 5268 75 
7965 1590 5269 5268 
7966 5269 5270 5268 
7967 5269 1591 5270 
7968 5268 5270 75 
7969 1590 5271 5269 
7970 5271 5272 5269 
7971 5271 299 5272 
7972 5269 5272 1591 
7973 75 5270 74 
7974 5270 5273 74 
7975 5270 1591 5273 
7976 74 5273 73 
7977 488 5274 5276 
7978 5274 5275 5276 
7979 5274 1592 5275 
7980 5276 5275 1594 
7981 1592 5277 5275 
7982 5277 5278 5275 
7983 5277 1593 5278 
7984 5275 5278 1594 
7985 1592 5279 5277 
7986 5279 5280 5277 
7987 5279 511 5280 
7988 5277 5280 1593 
7989 1594 5278 5282 
7990 5278 5281 5282 
7991 5278 1593 5281 
7992 5282 5281 487 
7993 534 5283 3090 
7994 5283 5284 3090 
7995 5283 1595 5284 
7996 3090 5284 1028 
7997 1595 5285 5284 
7998 5285 5286 5284 
7999 5285 1577 5286 
8000 5284 5286 1028 
8001 1595 5287 5285 
8002 5287 5218 5285 
8003 5287 649 5218 
8004 5285 5218 1577 
8005 1028 5286 3094 
8006 5286 5214 3094 
8007 5286 1577 5214 
8008 3094 5214 629 
8009 229 5288 228 
8010 5288 5289 228 
8011 5288 1596 5289 
8012 228 5289 227 
8013 1596 5290 5289 
8014 5290 5291 5289 
8015 5290 1597 5291 
8016 5289 5291 227 
8017 1596 5292 5290 
8018 5292 5293 5290 
8019 5292 323 5293 
8020 5290 5293 1597 
8021 227 5291 226 
8022 5291 5294 226 
8023 5291 1597 5294 
8024 226 5294 225 
8025 365 5295 4160 
8026 5295 5296 4160 
8027 5295 1598 5296 
8028 4160 5296 1338 
8029 1598 5297 5296 
8030 5297 5298 5296 
8031 5297 1599 5298 
8032 5296 5298 1338 
8033 1598 5299 5297 
8034 5299 5300 5297 
8035 5299 649 5300 
8036 5297 5300 1599 
8037 1338 5298 4165 
8038 5298 5301 4165 
8039 5298 1599 5301 
8040 4165 5301 370 
8041 65 5302 64 
8042 5302 5303 64 
8043 5302 1600 5303 
8044 64 5303 63 
8045 1600 5304 5303 
8046 5304 5305 5303 
8047 5304 1601 5305 
8048 5303 5305 63 
8049 1600 5306 5304 
8050 5306 5307 5304 
8051 5306 623 5307 
8052 5304 5307 1601 
8053 63 5305 62 
8054 5305 5308 62 
8055 5305 1601 5308 
8056 62 5308 61 
8057 25 5309 24 
8058 5309 5310 24 
8059 5309 1602 5310 
8060 24 5310 23 
8061 1602 5311 5310 
8062 5311 5312 5310 
8063 5311 1603 5312 
8064 5310 5312 23 
8065 1602 5313 5311 
8066 5313 5314 5311 
8067 5313 622 5314 
8068 5311 5314 1603 
8069 23 5312 22 
8070 5312 5315 22 
8071 5312 1603 5315 
8072 22 5315 21 
8073 41 5316 40 
8074 5316 5317 40 
8075 5316 1604 5317 
8076 40 5317 39 
8077 1604 5318 5317 
8078 5318 5319 5317 
8079 5318 1605 5319 
8080 5317 5319 39 
8081 1604 5320 5318 
8082 5320 5321 5318 
8083 5320 303 5321 
8084 5318 5321 1605 
8085 39 5319 38 
8086 5319 5322 38 
8087 5319 1605 5322 
8088 38 5322 37 
8089 49 5323 48 
8090 5323 5324 48 
8091 5323 1606 5324 
8092 48 5324 47 
8093 1606 5325 5324 
8094 5325 5326 5324 
8095 5325 1607 5326 
8096 5324 5326 47 
8097 1606 5327 5325 
8098 5327 5328 5325 
8099 5327 315 5328 
8100 5325 5328 1607 
8101 47 5326 46 
8102 5326 5329 46 
8103 5326 1607 5329 
8104 46 5329 45 
8105 57 5330 56 
8106 5330 5331 56 
8107 5330 1608 5331 
8108 56 5331 55 
8109 1608 5332 5331 
8110 5332 5333 5331 
8111 5332 1609 5333 
8112 5331 5333 55 
8113 1608 5334 5332 
8114 5334 5335 5332 
8115 5334 300 5335 
8116 5332 5335 1609 
8117 55 5333 54 
8118 5333 5336 54 
8119 5333 1609 5336 
8120 54 5336 53 
8121 21 5337 20 
8122 5337 5338 20 
8123 5337 1610 5338 
8124 20 5338 19 
8125 1610 5339 5338 
8126 5339 5340 5338 
8127 5339 1611 5340 
8128 5338 5340 19 
8129 1610 5341 5339 
8130 5341 5342 5339 
8131 5341 314 5342 
8132 5339 5342 1611 
8133 19 5340 18 
8134 5340 5343 18 
8135 5340 1611 5343 
8136 18 5343 17 
8137 13 5344 12 
8138 5344 5345 12 
8139 5344 1612 5345 
8140 12 5345 11 
8141 1612 5346 5345 
8142 5346 5347 5345 
8143 5346 1613 5347 
8144 5345 5347 11 
8145 1612 5348 5346 
8146 5348 5349 5346 
8147 5348 322 5349 
8148 5346 5349 1613 
8149 11 5347 10 
8150 5347 5350 10 
8151 5347 1613 5350 
8152 10 5350 9 
8153 29 5351 28 
8154 5351 5352 28 
8155 5351 1614 5352 
8156 28 5352 27 
8157 1614 5353 5352 
8158 5353 5354 5352 
8159 5353 1615 5354 
8160 5352 5354 27 
8161 1614 5355 5353 
8162 5355 5356 5353 
8163 5355 307 5356 
8164 5353 5356 1615 
8165 27 5354 26 
8166 5354 5357 26 
8167 5354 1615 5357 
8168 26 5357 25 
8169 45 5358 44 
8170 5358 5359 44 
8171 5358 1616 5359 
8172 44 5359 43 
8173 1616 5360 5359 
8174 5360 5361 5359 
8175 5360 1617 5361 
8176 5359 5361 43 
8177 1616 5362 5360 
8178 5362 5363 5360 
8179 5362 624 5363 
8180 5360 5363 1617 
8181 43 5361 42 
8182 5361 5364 42 
8183 5361 1617 5364 
8184 42 5364 41 
8185 69 5365 68 
8186 5365 5366 68 
8187 5365 1618 5366 
8188 68 5366 67 
8189 1618 5367 5366 
8190 5367 5368 5366 
8191 5367 1619 5368 
8192 5366 5368 67 
8193 1618 5369 5367 
8194 5369 5370 5367 
8195 5369 313 5370 
8196 5367 5370 1619 
8197 67 5368 66 
8198 5368 5371 66 
8199 5368 1619 5371 
8200 66 5371 65 
8201 73 5372 72 
8202 5372 5373 72 
8203 5372 1620 5373 
8204 72 5373 71 
8205 1620 5374 5373 
8206 5374 5375 5373 
8207 5374 1621 5375 
8208 5373 5375 71 
8209 1620 5376 5374 
8210 5376 5377 5374 
8211 5376 625 5377 
8212 5374 5377 1621 
8213 71 5375 70 
8214 5375 5378 70 
8215 5375 1621 5378 
8216 70 5378 69 
8217 17 5379 16 
8218 5379 5380 16 
8219 5379 1622 5380 
8220 16 5380 15 
8221 1622 5381 5380 
8222 5381 5382 5380 
8223 5381 1623 5382 
8224 5380 5382 15 
8225 1622 5383 5381 
8226 5383 5384 5381 
8227 5383 626 5384 
8228 5381 5384 1623 
8229 15 5382 14 
8230 5382 5385 14 
8231 5382 1623 5385 
8232 14 5385 13 
8233 331 5213 3176 
8234 5213 5386 3176 
8235 5213 1576 5386 
8236 3176 5386 1053 
8237 1576 5387 5386 
8238 5387 5388 5386 
8239 5387 1624 5388 
8240 5386 5388 1053 
8241 1576 5212 5387 
8242 5212 5389 5387 
8243 5212 651 5389 
8244 5387 5389 1624 
8245 1053 5388 3177 
8246 5388 5390 3177 
8247 5388 1624 5390 
8248 3177 5390 329 
8249 152 5391 151 
8250 5391 5392 151 
8251 5391 1625 5392 
8252 151 5392 150 
8253 1625 5393 5392 
8254 5393 5394 5392 
8255 5393 1626 5394 
8256 5392 5394 150 
8257 1625 5395 5393 
8258 5395 5396 5393 
8259 5395 627 5396 
8260 5393 5396 1626 
8261 150 5394 149 
8262 5394 5397 149 
8263 5394 1626 5397 
8264 149 5397 148 
8265 548 2729 2153 
8266 2729 5398 2153 
8267 2729 922 5398 
8268 2153 5398 745 
8269 922 5399 5398 
8270 5399 5400 5398 
8271 5399 1627 5400 
8272 5398 5400 745 
8273 922 2728 5399 
8274 2728 5401 5399 
8275 2728 691 5401 
8276 5399 5401 1627 
8277 745 5400 2154 
8278 5400 5402 2154 
8279 5400 1627 5402 
8280 2154 5402 300 
8281 473 5138 4149 
8282 5138 5403 4149 
8283 5138 1559 5403 
8284 4149 5403 1334 
8285 1559 5404 5403 
8286 5404 5405 5403 
8287 5404 1628 5405 
8288 5403 5405 1334 
8289 1559 5143 5404 
8290 5143 5406 5404 
8291 5143 474 5406 
8292 5404 5406 1628 
8293 1334 5405 4150 
8294 5405 5407 4150 
8295 5405 1628 5407 
8296 4150 5407 433 
8297 514 5148 5409 
8298 5148 5408 5409 
8299 5148 1560 5408 
8300 5409 5408 1629 
8301 1560 5410 5408 
8302 5410 5411 5408 
8303 5410 941 5411 
8304 5408 5411 1629 
8305 1560 5151 5410 
8306 5151 2795 5410 
8307 5151 518 2795 
8308 5410 2795 941 
8309 1629 5411 5412 
8310 5411 2790 5412 
8311 5411 941 2790 
8312 5412 2790 492 
8313 333 5227 3271 
8314 5227 5413 3271 
8315 5227 1580 5413 
8316 3271 5413 1081 
8317 1580 5414 5413 
8318 5414 5415 5413 
8319 5414 1630 5415 
8320 5413 5415 1081 
8321 1580 5226 5414 
8322 5226 5416 5414 
8323 5226 642 5416 
8324 5414 5416 1630 
8325 1081 5415 3275 
8326 5415 5417 3275 
8327 5415 1630 5417 
8328 3275 5417 334 
8329 96 5418 95 
8330 5418 5419 95 
8331 5418 1631 5419 
8332 95 5419 94 
8333 1631 5420 5419 
8334 5420 5421 5419 
8335 5420 1632 5421 
8336 5419 5421 94 
8337 1631 5422 5420 
8338 5422 5423 5420 
8339 5422 297 5423 
8340 5420 5423 1632 
8341 94 5421 93 
8342 5421 5424 93 
8343 5421 1632 5424 
8344 93 5424 92 
8345 108 5425 107 
8346 5425 5426 107 
8347 5425 1633 5426 
8348 107 5426 106 
8349 1633 5427 5426 
8350 5427 5428 5426 
8351 5427 1634 5428 
8352 5426 5428 106 
8353 1633 5429 5427 
8354 5429 5430 5427 
8355 5429 306 5430 
8356 5427 5430 1634 
8357 106 5428 105 
8358 5428 5431 105 
8359 5428 1634 5431 
8360 105 5431 104 
8361 112 5432 111 
8362 5432 5433 111 
8363 5432 1635 5433 
8364 111 5433 110 
8365 1635 5434 5433 
8366 5434 5435 5433 
8367 5434 1636 5435 
8368 5433 5435 110 
8369 1635 5436 5434 
8370 5436 5437 5434 
8371 5436 633 5437 
8372 5434 5437 1636 
8373 110 5435 109 
8374 5435 5438 109 
8375 5435 1636 5438 
8376 109 5438 108 
8377 116 5439 115 
8378 5439 5440 115 
8379 5439 1637 5440 
8380 115 5440 114 
8381 1637 5441 5440 
8382 5441 5442 5440 
8383 5441 1638 5442 
8384 5440 5442 114 
8385 1637 5443 5441 
8386 5443 5444 5441 
8387 5443 634 5444 
8388 5441 5444 1638 
8389 114 5442 113 
8390 5442 5445 113 
8391 5442 1638 5445 
8392 113 5445 112 
8393 156 5446 155 
8394 5446 5447 155 
8395 5446 1639 5447 
8396 155 5447 154 
8397 1639 5448 5447 
8398 5448 5449 5447 
8399 5448 1640 5449 
8400 5447 5449 154 
8401 1639 5450 5448 
8402 5450 5451 5448 
8403 5450 320 5451 
8404 5448 5451 1640 
8405 154 5449 153 
8406 5449 5452 153 
8407 5449 1640 5452 
8408 153 5452 152 
8409 84 5453 83 
8410 5453 5454 83 
8411 5453 1641 5454 
8412 83 5454 82 
8413 1641 5455 5454 
8414 5455 5456 5454 
8415 5455 1642 5456 
8416 5454 5456 82 
8417 1641 5457 5455 
8418 5457 5458 5455 
8419 5457 316 5458 
8420 5455 5458 1642 
8421 82 5456 81 
8422 5456 5459 81 
8423 5456 1642 5459 
8424 81 5459 80 
8425 100 5460 99 
8426 5460 5461 99 
8427 5460 1643 5461 
8428 99 5461 98 
8429 1643 5462 5461 
8430 5462 5463 5461 
8431 5462 1644 5463 
8432 5461 5463 98 
8433 1643 5464 5462 
8434 5464 5465 5462 
8435 5464 631 5465 
8436 5462 5465 1644 
8437 98 5463 97 
8438 5463 5466 97 
8439 5463 1644 5466 
8440 97 5466 96 
8441 104 5467 103 
8442 5467 5468 103 
8443 5467 1645 5468 
8444 103 5468 102 
8445 1645 5469 5468 
8446 5469 5470 5468 
8447 5469 1646 5470 
8448 5468 5470 102 
8449 1645 5471 5469 
8450 5471 5472 5469 
8451 5471 632 5472 
8452 5469 5472 1646 
8453 102 5470 101 
8454 5470 5473 101 
8455 5470 1646 5473 
8456 101 5473 100 
8457 670 2576 5475 
8458 2576 5474 5475 
8459 2576 875 5474 
8460 5475 5474 1648 
8461 875 5476 5474 
8462 5476 5477 5474 
8463 5476 1647 5477 
8464 5474 5477 1648 
8465 875 2575 5476 
8466 2575 5478 5476 
8467 2575 674 5478 
8468 5476 5478 1647 
8469 1648 5477 5480 
8470 5477 5479 5480 
8471 5477 1647 5479 
8472 5480 5479 646 
8473 451 2568 5482 
8474 2568 5481 5482 
8475 2568 873 5481 
8476 5482 5481 1650 
8477 873 5483 5481 
8478 5483 5484 5481 
8479 5483 1649 5484 
8480 5481 5484 1650 
8481 873 2567 5483 
8482 2567 5485 5483 
8483 2567 506 5485 
8484 5483 5485 1649 
8485 1650 5484 5487 
8486 5484 5486 5487 
8487 5484 1649 5486 
8488 5487 5486 492 
8489 596 5239 3646 
8490 5239 5488 3646 
8491 5239 1583 5488 
8492 3646 5488 1189 
8493 1583 5489 5488 
8494 5489 5490 5488 
8495 5489 1651 5490 
8496 5488 5490 1189 
8497 1583 5238 5489 
8498 5238 5491 5489 
8499 5238 644 5491 
8500 5489 5491 1651 
8501 1189 5490 3651 
8502 5490 5492 3651 
8503 5490 1651 5492 
8504 3651 5492 601 
8505 421 5493 3933 
8506 5493 5494 3933 
8507 5493 1652 5494 
8508 3933 5494 1272 
8509 1652 5495 5494 
8510 5495 5496 5494 
8511 5495 1653 5496 
8512 5494 5496 1272 
8513 1652 5497 5495 
8514 5497 5498 5495 
8515 5497 652 5498 
8516 5495 5498 1653 
8517 1272 5496 3934 
8518 5496 5499 3934 
8519 5496 1653 5499 
8520 3934 5499 414 
8521 638 5500 5502 
8522 5500 5501 5502 
8523 5500 1654 5501 
8524 5502 5501 1656 
8525 1654 5503 5501 
8526 5503 5504 5501 
8527 5503 1655 5504 
8528 5501 5504 1656 
8529 1654 5505 5503 
8530 5505 5506 5503 
8531 5505 665 5506 
8532 5503 5506 1655 
8533 1656 5504 5508 
8534 5504 5507 5508 
8535 5504 1655 5507 
8536 5508 5507 644 
8537 444 5509 5511 
8538 5509 5510 5511 
8539 5509 1657 5510 
8540 5511 5510 1658 
8541 1657 5512 5510 
8542 5512 5513 5510 
8543 5512 750 5513 
8544 5510 5513 1658 
8545 1657 5514 5512 
8546 5514 2170 5512 
8547 5514 702 2170 
8548 5512 2170 750 
8549 1658 5513 5515 
8550 5513 2165 5515 
8551 5513 750 2165 
8552 5515 2165 451 
8553 410 5251 3669 
8554 5251 5516 3669 
8555 5251 1586 5516 
8556 3669 5516 1196 
8557 1586 5517 5516 
8558 5517 5518 5516 
8559 5517 789 5518 
8560 5516 5518 1196 
8561 1586 5250 5517 
8562 5250 2296 5517 
8563 5250 647 2296 
8564 5517 2296 789 
8565 1196 5518 3673 
8566 5518 2291 3673 
8567 5518 789 2291 
8568 3673 2291 501 
8569 647 5258 2743 
8570 5258 5519 2743 
8571 5258 1588 5519 
8572 2743 5519 926 
8573 1588 5520 5519 
8574 5520 5521 5519 
8575 5520 1659 5521 
8576 5519 5521 926 
8577 1588 5257 5520 
8578 5257 5522 5520 
8579 5257 656 5522 
8580 5520 5522 1659 
8581 926 5521 2744 
8582 5521 5523 2744 
8583 5521 1659 5523 
8584 2744 5523 303 
8585 202 5524 201 
8586 5524 5525 201 
8587 5524 1660 5525 
8588 201 5525 200 
8589 1660 5526 5525 
8590 5526 5527 5525 
8591 5526 906 5527 
8592 5525 5527 200 
8593 1660 5528 5526 
8594 5528 2676 5526 
8595 5528 655 2676 
8596 5526 2676 906 
8597 200 5527 199 
8598 5527 2672 199 
8599 5527 906 2672 
8600 199 2672 198 
8601 506 2516 5485 
8602 2516 5529 5485 
8603 2516 859 5529 
8604 5485 5529 1649 
8605 859 5530 5529 
8606 5530 5531 5529 
8607 5530 1661 5531 
8608 5529 5531 1649 
8609 859 2522 5530 
8610 2522 5532 5530 
8611 2522 513 5532 
8612 5530 5532 1661 
8613 1649 5531 5486 
8614 5531 5533 5486 
8615 5531 1661 5533 
8616 5486 5533 492 
8617 478 5534 2466 
8618 5534 5535 2466 
8619 5534 1662 5535 
8620 2466 5535 842 
8621 1662 5536 5535 
8622 5536 5537 5535 
8623 5536 1663 5537 
8624 5535 5537 842 
8625 1662 5538 5536 
8626 5538 5539 5536 
8627 5538 661 5539 
8628 5536 5539 1663 
8629 842 5537 2471 
8630 5537 5540 2471 
8631 5537 1663 5540 
8632 2471 5540 489 
8633 513 2710 2997 
8634 2710 5541 2997 
8635 2710 917 5541 
8636 2997 5541 1002 
8637 917 5542 5541 
8638 5542 5543 5541 
8639 5542 1664 5543 
8640 5541 5543 1002 
8641 917 2713 5542 
8642 2713 5544 5542 
8643 2713 643 5544 
8644 5542 5544 1664 
8645 1002 5543 2991 
8646 5543 5545 2991 
8647 5543 1664 5545 
8648 2991 5545 312 
8649 620 5546 5122 
8650 5546 5547 5122 
8651 5546 1665 5547 
8652 5122 5547 1553 
8653 1665 5548 5547 
8654 5548 5549 5547 
8655 5548 1666 5549 
8656 5547 5549 1553 
8657 1665 5550 5548 
8658 5550 5551 5548 
8659 5550 656 5551 
8660 5548 5551 1666 
8661 1553 5549 5123 
8662 5549 5552 5123 
8663 5549 1666 5552 
8664 5123 5552 588 
8665 92 5553 91 
8666 5553 5554 91 
8667 5553 1667 5554 
8668 91 5554 90 
8669 1667 5555 5554 
8670 5555 5556 5554 
8671 5555 1668 5556 
8672 5554 5556 90 
8673 1667 5557 5555 
8674 5557 5558 5555 
8675 5557 641 5558 
8676 5555 5558 1668 
8677 90 5556 89 
8678 5556 5559 89 
8679 5556 1668 5559 
8680 89 5559 88 
8681 265 5560 264 
8682 5560 5561 264 
8683 5560 1669 5561 
8684 264 5561 263 
8685 1669 5562 5561 
8686 5562 5563 5561 
8687 5562 1670 5563 
8688 5561 5563 263 
8689 1669 5564 5562 
8690 5564 5565 5562 
8691 5564 317 5565 
8692 5562 5565 1670 
8693 263 5563 262 
8694 5563 5566 262 
8695 5563 1670 5566 
8696 262 5566 261 
8697 273 5567 272 
8698 5567 5568 272 
8699 5567 1671 5568 
8700 272 5568 271 
8701 1671 5569 5568 
8702 5569 5570 5568 
8703 5569 1672 5570 
8704 5568 5570 271 
8705 1671 5571 5569 
8706 5571 5572 5569 
8707 5571 305 5572 
8708 5569 5572 1672 
8709 271 5570 270 
8710 5570 5573 270 
8711 5570 1672 5573 
8712 270 5573 269 
8713 285 5574 284 
8714 5574 5575 284 
8715 5574 1673 5575 
8716 284 5575 283 
8717 1673 5576 5575 
8718 5576 5577 5575 
8719 5576 794 5577 
8720 5575 5577 283 
8721 1673 5578 5576 
8722 5578 2302 5576 
8723 5578 311 2302 
8724 5576 2302 794 
8725 283 5577 282 
8726 5577 2308 282 
8727 5577 794 2308 
8728 282 2308 281 
8729 269 5579 268 
8730 5579 5580 268 
8731 5579 1674 5580 
8732 268 5580 267 
8733 1674 5581 5580 
8734 5581 5582 5580 
8735 5581 1675 5582 
8736 5580 5582 267 
8737 1674 5583 5581 
8738 5583 5584 5581 
8739 5583 637 5584 
8740 5581 5584 1675 
8741 267 5582 266 
8742 5582 5585 266 
8743 5582 1675 5585 
8744 266 5585 265 
8745 261 5586 260 
8746 5586 5587 260 
8747 5586 1676 5587 
8748 260 5587 259 
8749 1676 5588 5587 
8750 5588 5589 5587 
8751 5588 1677 5589 
8752 5587 5589 259 
8753 1676 5590 5588 
8754 5590 5591 5588 
8755 5590 639 5591 
8756 5588 5591 1677 
8757 259 5589 258 
8758 5589 5592 258 
8759 5589 1677 5592 
8760 258 5592 257 
8761 289 5593 288 
8762 5593 5594 288 
8763 5593 1678 5594 
8764 288 5594 287 
8765 1678 5595 5594 
8766 5595 5596 5594 
8767 5595 1679 5596 
8768 5594 5596 287 
8769 1678 5597 5595 
8770 5597 5598 5595 
8771 5597 638 5598 
8772 5595 5598 1679 
8773 287 5596 286 
8774 5596 5599 286 
8775 5596 1679 5599 
8776 286 5599 285 
8777 396 5600 5602 
8778 5600 5601 5602 
8779 5600 1680 5601 
8780 5602 5601 1681 
8781 1680 5603 5601 
8782 5603 5604 5601 
8783 5603 1446 5604 
8784 5601 5604 1681 
8785 1680 5605 5603 
8786 5605 4641 5603 
8787 5605 577 4641 
8788 5603 4641 1446 
8789 1681 5604 5606 
8790 5604 4637 5606 
8791 5604 1446 4637 
8792 5606 4637 394 
8793 395 5607 4486 
8794 5607 5608 4486 
8795 5607 1682 5608 
8796 4486 5608 1411 
8797 1682 5609 5608 
8798 5609 5610 5608 
8799 5609 1681 5610 
8800 5608 5610 1411 
8801 1682 5611 5609 
8802 5611 5602 5609 
8803 5611 396 5602 
8804 5609 5602 1681 
8805 1411 5610 4487 
8806 5610 5606 4487 
8807 5610 1681 5606 
8808 4487 5606 394 
8809 298 3081 5613 
8810 3081 5612 5613 
8811 3081 1024 5612 
8812 5613 5612 1683 
8813 1024 5614 5612 
8814 5614 5615 5612 
8815 5614 831 5615 
8816 5612 5615 1683 
8817 1024 3080 5614 
8818 3080 2433 5614 
8819 3080 635 2433 
8820 5614 2433 831 
8821 1683 5615 5616 
8822 5615 2429 5616 
8823 5615 831 2429 
8824 5616 2429 634 
8825 329 5617 3036 
8826 5617 5618 3036 
8827 5617 1684 5618 
8828 3036 5618 1013 
8829 1684 5619 5618 
8830 5619 5620 5618 
8831 5619 1685 5620 
8832 5618 5620 1013 
8833 1684 5621 5619 
8834 5621 5622 5619 
8835 5621 345 5622 
8836 5619 5622 1685 
8837 1013 5620 3037 
8838 5620 5623 3037 
8839 5620 1685 5623 
8840 3037 5623 327 
8841 313 5624 5370 
8842 5624 5625 5370 
8843 5624 1686 5625 
8844 5370 5625 1619 
8845 1686 5626 5625 
8846 5626 5627 5625 
8847 5626 1600 5627 
8848 5625 5627 1619 
8849 1686 5628 5626 
8850 5628 5306 5626 
8851 5628 623 5306 
8852 5626 5306 1600 
8853 1619 5627 5371 
8854 5627 5302 5371 
8855 5627 1600 5302 
8856 5371 5302 65 
8857 307 5629 5356 
8858 5629 5630 5356 
8859 5629 1687 5630 
8860 5356 5630 1615 
8861 1687 5631 5630 
8862 5631 5632 5630 
8863 5631 1602 5632 
8864 5630 5632 1615 
8865 1687 5633 5631 
8866 5633 5313 5631 
8867 5633 622 5313 
8868 5631 5313 1602 
8869 1615 5632 5357 
8870 5632 5309 5357 
8871 5632 1602 5309 
8872 5357 5309 25 
8873 41 5364 5316 
8874 5364 5634 5316 
8875 5364 1617 5634 
8876 5316 5634 1604 
8877 1617 5635 5634 
8878 5635 5636 5634 
8879 5635 927 5636 
8880 5634 5636 1604 
8881 1617 5363 5635 
8882 5363 2740 5635 
8883 5363 624 2740 
8884 5635 2740 927 
8885 1604 5636 5320 
8886 5636 2745 5320 
8887 5636 927 2745 
8888 5320 2745 303 
8889 314 2962 5342 
8890 2962 5637 5342 
8891 2962 993 5637 
8892 5342 5637 1611 
8893 993 5638 5637 
8894 5638 5639 5637 
8895 5638 1622 5639 
8896 5637 5639 1611 
8897 993 2967 5638 
8898 2967 5383 5638 
8899 2967 626 5383 
8900 5638 5383 1622 
8901 1611 5639 5343 
8902 5639 5379 5343 
8903 5639 1622 5379 
8904 5343 5379 17 
8905 315 5640 5328 
8906 5640 5641 5328 
8907 5640 1688 5641 
8908 5328 5641 1607 
8909 1688 5642 5641 
8910 5642 5643 5641 
8911 5642 1616 5643 
8912 5641 5643 1607 
8913 1688 5644 5642 
8914 5644 5362 5642 
8915 5644 624 5362 
8916 5642 5362 1616 
8917 1607 5643 5329 
8918 5643 5358 5329 
8919 5643 1616 5358 
8920 5329 5358 45 
8921 21 5315 5337 
8922 5315 5645 5337 
8923 5315 1603 5645 
8924 5337 5645 1610 
8925 1603 5646 5645 
8926 5646 5647 5645 
8927 5646 761 5647 
8928 5645 5647 1610 
8929 1603 5314 5646 
8930 5314 2204 5646 
8931 5314 622 2204 
8932 5646 2204 761 
8933 1610 5647 5341 
8934 5647 2199 5341 
8935 5647 761 2199 
8936 5341 2199 314 
8937 69 5378 5365 
8938 5378 5648 5365 
8939 5378 1621 5648 
8940 5365 5648 1618 
8941 1621 5649 5648 
8942 5649 5650 5648 
8943 5649 1689 5650 
8944 5648 5650 1618 
8945 1621 5377 5649 
8946 5377 5651 5649 
8947 5377 625 5651 
8948 5649 5651 1689 
8949 1618 5650 5369 
8950 5650 5652 5369 
8951 5650 1689 5652 
8952 5369 5652 313 
8953 13 5385 5344 
8954 5385 5653 5344 
8955 5385 1623 5653 
8956 5344 5653 1612 
8957 1623 5654 5653 
8958 5654 5655 5653 
8959 5654 1690 5655 
8960 5653 5655 1612 
8961 1623 5384 5654 
8962 5384 5656 5654 
8963 5384 626 5656 
8964 5654 5656 1690 
8965 1612 5655 5348 
8966 5655 5657 5348 
8967 5655 1690 5657 
8968 5348 5657 322 
8969 630 5658 3044 
8970 5658 5659 3044 
8971 5658 1691 5659 
8972 3044 5659 1015 
8973 1691 5660 5659 
8974 5660 5661 5659 
8975 5660 1692 5661 
8976 5659 5661 1015 
8977 1691 5662 5660 
8978 5662 5663 5660 
8979 5662 712 5663 
8980 5660 5663 1692 
8981 1015 5661 3045 
8982 5661 5664 3045 
8983 5661 1692 5664 
8984 3045 5664 523 
8985 528 2753 2768 
8986 2753 5665 2768 
8987 2753 929 5665 
8988 2768 5665 934 
8989 929 5666 5665 
8990 5666 5667 5665 
8991 5666 1693 5667 
8992 5665 5667 934 
8993 929 2752 5666 
8994 2752 5668 5666 
8995 2752 530 5668 
8996 5666 5668 1693 
8997 934 5667 2762 
8998 5667 5669 2762 
8999 5667 1693 5669 
9000 2762 5669 497 
9001 700 5670 5672 
9002 5670 5671 5672 
9003 5670 1694 5671 
9004 5672 5671 1696 
9005 1694 5673 5671 
9006 5673 5674 5671 
9007 5673 1695 5674 
9008 5671 5674 1696 
9009 1694 5675 5673 
9010 5675 5676 5673 
9011 5675 734 5676 
9012 5673 5676 1695 
9013 1696 5674 5678 
9014 5674 5677 5678 
9015 5674 1695 5677 
9016 5678 5677 334 
9017 257 5592 5109 
9018 5592 5679 5109 
9019 5592 1677 5679 
9020 5109 5679 1550 
9021 1677 5680 5679 
9022 5680 5681 5679 
9023 5680 962 5681 
9024 5679 5681 1550 
9025 1677 5591 5680 
9026 5591 2863 5680 
9027 5591 639 2863 
9028 5680 2863 962 
9029 1550 5681 5113 
9030 5681 2859 5113 
9031 5681 962 2859 
9032 5113 2859 301 
9033 367 5220 4449 
9034 5220 5682 4449 
9035 5220 1578 5682 
9036 4449 5682 1406 
9037 1578 5683 5682 
9038 5683 5684 5682 
9039 5683 1598 5684 
9040 5682 5684 1406 
9041 1578 5219 5683 
9042 5219 5299 5683 
9043 5219 649 5299 
9044 5683 5299 1598 
9045 1406 5684 4450 
9046 5684 5295 4450 
9047 5684 1598 5295 
9048 4450 5295 365 
9049 304 2912 5686 
9050 2912 5685 5686 
9051 2912 977 5685 
9052 5686 5685 1698 
9053 977 5687 5685 
9054 5687 5688 5685 
9055 5687 1697 5688 
9056 5685 5688 1698 
9057 977 2911 5687 
9058 2911 5689 5687 
9059 2911 725 5689 
9060 5687 5689 1697 
9061 1698 5688 5691 
9062 5688 5690 5691 
9063 5688 1697 5690 
9064 5691 5690 423 
9065 299 2273 5272 
9066 2273 5692 5272 
9067 2273 782 5692 
9068 5272 5692 1591 
9069 782 5693 5692 
9070 5693 5694 5692 
9071 5693 1620 5694 
9072 5692 5694 1591 
9073 782 2272 5693 
9074 2272 5376 5693 
9075 2272 625 5376 
9076 5693 5376 1620 
9077 1591 5694 5273 
9078 5694 5372 5273 
9079 5694 1620 5372 
9080 5273 5372 73 
9081 574 5695 3783 
9082 5695 5696 3783 
9083 5695 1699 5696 
9084 3783 5696 1230 
9085 1699 5697 5696 
9086 5697 5698 5696 
9087 5697 1700 5698 
9088 5696 5698 1230 
9089 1699 5699 5697 
9090 5699 5700 5697 
9091 5699 663 5700 
9092 5697 5700 1700 
9093 1230 5698 3777 
9094 5698 5701 3777 
9095 5698 1700 5701 
9096 3777 5701 416 
9097 560 2289 4255 
9098 2289 5702 4255 
9099 2289 787 5702 
9100 4255 5702 1363 
9101 787 5703 5702 
9102 5703 5704 5702 
9103 5703 1701 5704 
9104 5702 5704 1363 
9105 787 2288 5703 
9106 2288 5705 5703 
9107 2288 664 5705 
9108 5703 5705 1701 
9109 1363 5704 4259 
9110 5704 5706 4259 
9111 5704 1701 5706 
9112 4259 5706 562 
9113 582 5707 4774 
9114 5707 5708 4774 
9115 5707 1702 5708 
9116 4774 5708 1474 
9117 1702 5709 5708 
9118 5709 5710 5708 
9119 5709 940 5710 
9120 5708 5710 1474 
9121 1702 5711 5709 
9122 5711 2789 5709 
9123 5711 664 2789 
9124 5709 2789 940 
9125 1474 5710 4775 
9126 5710 2785 4775 
9127 5710 940 2785 
9128 4775 2785 349 
9129 644 5507 5491 
9130 5507 5712 5491 
9131 5507 1655 5712 
9132 5491 5712 1651 
9133 1655 5713 5712 
9134 5713 5714 5712 
9135 5713 1703 5714 
9136 5712 5714 1651 
9137 1655 5506 5713 
9138 5506 5715 5713 
9139 5506 665 5715 
9140 5713 5715 1703 
9141 1651 5714 5492 
9142 5714 5716 5492 
9143 5714 1703 5716 
9144 5492 5716 601 
9145 302 5717 2874 
9146 5717 5718 2874 
9147 5717 1704 5718 
9148 2874 5718 966 
9149 1704 5719 5718 
9150 5719 5720 5718 
9151 5719 1705 5720 
9152 5718 5720 966 
9153 1704 5721 5719 
9154 5721 5722 5719 
9155 5721 528 5722 
9156 5719 5722 1705 
9157 966 5720 2868 
9158 5720 5723 2868 
9159 5720 1705 5723 
9160 2868 5723 517 
9161 326 2953 2714 
9162 2953 5724 2714 
9163 2953 989 5724 
9164 2714 5724 918 
9165 989 5725 5724 
9166 5725 5726 5724 
9167 5725 1706 5726 
9168 5724 5726 918 
9169 989 2952 5725 
9170 2952 5727 5725 
9171 2952 657 5727 
9172 5725 5727 1706 
9173 918 5726 2719 
9174 5726 5728 2719 
9175 5726 1706 5728 
9176 2719 5728 328 
9177 120 5729 119 
9178 5729 5730 119 
9179 5729 1707 5730 
9180 119 5730 118 
9181 1707 5731 5730 
9182 5731 5732 5730 
9183 5731 1708 5732 
9184 5730 5732 118 
9185 1707 5733 5731 
9186 5733 5734 5731 
9187 5733 298 5734 
9188 5731 5734 1708 
9189 118 5732 117 
9190 5732 5735 117 
9191 5732 1708 5735 
9192 117 5735 116 
9193 500 2534 3470 
9194 2534 5736 3470 
9195 2534 864 5736 
9196 3470 5736 1137 
9197 864 5737 5736 
9198 5737 5738 5736 
9199 5737 1709 5738 
9200 5736 5738 1137 
9201 864 2538 5737 
9202 2538 5739 5737 
9203 2538 667 5739 
9204 5737 5739 1709 
9205 1137 5738 3471 
9206 5738 5740 3471 
9207 5738 1709 5740 
9208 3471 5740 484 
9209 479 5741 3357 
9210 5741 5742 3357 
9211 5741 1710 5742 
9212 3357 5742 1106 
9213 1710 5743 5742 
9214 5743 5744 5742 
9215 5743 931 5744 
9216 5742 5744 1106 
9217 1710 5745 5743 
9218 5745 2759 5743 
9219 5745 667 2759 
9220 5743 2759 931 
9221 1106 5744 3361 
9222 5744 2755 3361 
9223 5744 931 2755 
9224 3361 2755 508 
9225 316 5746 2442 
9226 5746 5747 2442 
9227 5746 1711 5747 
9228 2442 5747 834 
9229 1711 5748 5747 
9230 5748 5749 5747 
9231 5748 990 5749 
9232 5747 5749 834 
9233 1711 5750 5748 
9234 5750 2958 5748 
9235 5750 693 2958 
9236 5748 2958 990 
9237 834 5749 2438 
9238 5749 2954 2438 
9239 5749 990 2954 
9240 2438 2954 532 
9241 510 5751 5753 
9242 5751 5752 5753 
9243 5751 1712 5752 
9244 5753 5752 1714 
9245 1712 5754 5752 
9246 5754 5755 5752 
9247 5754 1713 5755 
9248 5752 5755 1714 
9249 1712 5756 5754 
9250 5756 5757 5754 
9251 5756 708 5757 
9252 5754 5757 1713 
9253 1714 5755 5759 
9254 5755 5758 5759 
9255 5755 1713 5758 
9256 5759 5758 482 
9257 627 5760 5762 
9258 5760 5761 5762 
9259 5760 1715 5761 
9260 5762 5761 1717 
9261 1715 5763 5761 
9262 5763 5764 5761 
9263 5763 1716 5764 
9264 5761 5764 1717 
9265 1715 5765 5763 
9266 5765 5766 5763 
9267 5765 719 5766 
9268 5763 5766 1716 
9269 1717 5764 5768 
9270 5764 5767 5768 
9271 5764 1716 5767 
9272 5768 5767 699 
9273 638 5502 5770 
9274 5502 5769 5770 
9275 5502 1656 5769 
9276 5770 5769 1718 
9277 1656 5771 5769 
9278 5771 5772 5769 
9279 5771 953 5772 
9280 5769 5772 1718 
9281 1656 5508 5771 
9282 5508 2833 5771 
9283 5508 644 2833 
9284 5771 2833 953 
9285 1718 5772 5773 
9286 5772 2829 5773 
9287 5772 953 2829 
9288 5773 2829 311 
9289 627 5762 5775 
9290 5762 5774 5775 
9291 5762 1717 5774 
9292 5775 5774 1719 
9293 1717 5776 5774 
9294 5776 5777 5774 
9295 5776 1000 5777 
9296 5774 5777 1719 
9297 1717 5768 5776 
9298 5768 2994 5776 
9299 5768 699 2994 
9300 5776 2994 1000 
9301 1719 5777 5778 
9302 5777 2989 5778 
9303 5777 1000 2989 
9304 5778 2989 312 
9305 524 5779 2427 
9306 5779 5780 2427 
9307 5779 1720 5780 
9308 2427 5780 830 
9309 1720 5781 5780 
9310 5781 5782 5780 
9311 5781 1721 5782 
9312 5780 5782 830 
9313 1720 5783 5781 
9314 5783 5784 5781 
9315 5783 730 5784 
9316 5781 5784 1721 
9317 830 5782 2428 
9318 5782 5785 2428 
9319 5782 1721 5785 
9320 2428 5785 318 
9321 620 5786 5788 
9322 5786 5787 5788 
9323 5786 1722 5787 
9324 5788 5787 1724 
9325 1722 5789 5787 
9326 5789 5790 5787 
9327 5789 1723 5790 
9328 5787 5790 1724 
9329 1722 5791 5789 
9330 5791 5792 5789 
9331 5791 732 5792 
9332 5789 5792 1723 
9333 1724 5790 5794 
9334 5790 5793 5794 
9335 5790 1723 5793 
9336 5794 5793 33 
9337 623 5795 2198 
9338 5795 5796 2198 
9339 5795 1725 5796 
9340 2198 5796 760 
9341 1725 5797 5796 
9342 5797 5798 5796 
9343 5797 1726 5798 
9344 5796 5798 760 
9345 1725 5799 5797 
9346 5799 5800 5797 
9347 5799 696 5800 
9348 5797 5800 1726 
9349 760 5798 2192 
9350 5798 5801 2192 
9351 5798 1726 5801 
9352 2192 5801 544 
9353 112 5445 5432 
9354 5445 5802 5432 
9355 5445 1638 5802 
9356 5432 5802 1635 
9357 1638 5803 5802 
9358 5803 5804 5802 
9359 5803 815 5804 
9360 5802 5804 1635 
9361 1638 5444 5803 
9362 5444 2381 5803 
9363 5444 634 2381 
9364 5803 2381 815 
9365 1635 5804 5436 
9366 5804 2376 5436 
9367 5804 815 2376 
9368 5436 2376 633 
9369 306 5805 5430 
9370 5805 5806 5430 
9371 5805 1727 5806 
9372 5430 5806 1634 
9373 1727 5807 5806 
9374 5807 5808 5806 
9375 5807 1645 5808 
9376 5806 5808 1634 
9377 1727 5809 5807 
9378 5809 5471 5807 
9379 5809 632 5471 
9380 5807 5471 1645 
9381 1634 5808 5431 
9382 5808 5467 5431 
9383 5808 1645 5467 
9384 5431 5467 104 
9385 320 5810 5451 
9386 5810 5811 5451 
9387 5810 1728 5811 
9388 5451 5811 1640 
9389 1728 5812 5811 
9390 5812 5813 5811 
9391 5812 1625 5813 
9392 5811 5813 1640 
9393 1728 5814 5812 
9394 5814 5395 5812 
9395 5814 627 5395 
9396 5812 5395 1625 
9397 1640 5813 5452 
9398 5813 5391 5452 
9399 5813 1625 5391 
9400 5452 5391 152 
9401 108 5438 5425 
9402 5438 5815 5425 
9403 5438 1636 5815 
9404 5425 5815 1633 
9405 1636 5816 5815 
9406 5816 5817 5815 
9407 5816 1729 5817 
9408 5815 5817 1633 
9409 1636 5437 5816 
9410 5437 5818 5816 
9411 5437 633 5818 
9412 5816 5818 1729 
9413 1633 5817 5429 
9414 5817 5819 5429 
9415 5817 1729 5819 
9416 5429 5819 306 
9417 96 5466 5418 
9418 5466 5820 5418 
9419 5466 1644 5820 
9420 5418 5820 1631 
9421 1644 5821 5820 
9422 5821 5822 5820 
9423 5821 1730 5822 
9424 5820 5822 1631 
9425 1644 5465 5821 
9426 5465 5823 5821 
9427 5465 631 5823 
9428 5821 5823 1730 
9429 1631 5822 5422 
9430 5822 5824 5422 
9431 5822 1730 5824 
9432 5422 5824 297 
9433 100 5473 5460 
9434 5473 5825 5460 
9435 5473 1646 5825 
9436 5460 5825 1643 
9437 1646 5826 5825 
9438 5826 5827 5825 
9439 5826 865 5827 
9440 5825 5827 1643 
9441 1646 5472 5826 
9442 5472 2544 5826 
9443 5472 632 2544 
9444 5826 2544 865 
9445 1643 5827 5464 
9446 5827 2539 5464 
9447 5827 865 2539 
9448 5464 2539 631 
9449 515 5828 5830 
9450 5828 5829 5830 
9451 5828 1731 5829 
9452 5830 5829 1733 
9453 1731 5831 5829 
9454 5831 5832 5829 
9455 5831 1732 5832 
9456 5829 5832 1733 
9457 1731 5833 5831 
9458 5833 5834 5831 
9459 5833 734 5834 
9460 5831 5834 1732 
9461 1733 5832 5836 
9462 5832 5835 5836 
9463 5832 1732 5835 
9464 5836 5835 511 
9465 598 2351 4542 
9466 2351 5837 4542 
9467 2351 808 5837 
9468 4542 5837 1422 
9469 808 5838 5837 
9470 5838 5839 5837 
9471 5838 1734 5839 
9472 5837 5839 1422 
9473 808 2357 5838 
9474 2357 5840 5838 
9475 2357 672 5840 
9476 5838 5840 1734 
9477 1422 5839 4543 
9478 5839 5841 4543 
9479 5839 1734 5841 
9480 4543 5841 597 
9481 425 2399 5843 
9482 2399 5842 5843 
9483 2399 821 5842 
9484 5843 5842 1735 
9485 821 5844 5842 
9486 5844 5845 5842 
9487 5844 1021 5845 
9488 5842 5845 1735 
9489 821 2398 5844 
9490 2398 3072 5844 
9491 2398 648 3072 
9492 5844 3072 1021 
9493 1735 5845 5846 
9494 5845 3067 5846 
9495 5845 1021 3067 
9496 5846 3067 516 
9497 297 5847 5423 
9498 5847 5848 5423 
9499 5847 1736 5848 
9500 5423 5848 1632 
9501 1736 5849 5848 
9502 5849 5850 5848 
9503 5849 1667 5850 
9504 5848 5850 1632 
9505 1736 5851 5849 
9506 5851 5557 5849 
9507 5851 641 5557 
9508 5849 5557 1667 
9509 1632 5850 5424 
9510 5850 5553 5424 
9511 5850 1667 5553 
9512 5424 5553 92 
9513 635 5852 2434 
9514 5852 5853 2434 
9515 5852 1737 5853 
9516 2434 5853 832 
9517 1737 5854 5853 
9518 5854 5855 5853 
9519 5854 1738 5855 
9520 5853 5855 832 
9521 1737 5856 5854 
9522 5856 5857 5854 
9523 5856 724 5857 
9524 5854 5857 1738 
9525 832 5855 2435 
9526 5855 5858 2435 
9527 5855 1738 5858 
9528 2435 5858 417 
9529 600 5859 3719 
9530 5859 5860 3719 
9531 5859 1739 5860 
9532 3719 5860 1210 
9533 1739 5861 5860 
9534 5861 5862 5860 
9535 5861 795 5862 
9536 5860 5862 1210 
9537 1739 5863 5861 
9538 5863 2313 5861 
9539 5863 673 2313 
9540 5861 2313 795 
9541 1210 5862 3720 
9542 5862 2309 3720 
9543 5862 795 2309 
9544 3720 2309 599 
9545 435 2651 5865 
9546 2651 5864 5865 
9547 2651 900 5864 
9548 5865 5864 1741 
9549 900 5866 5864 
9550 5866 5867 5864 
9551 5866 1740 5867 
9552 5864 5867 1741 
9553 900 2655 5866 
9554 2655 5868 5866 
9555 2655 437 5868 
9556 5866 5868 1740 
9557 1741 5867 5870 
9558 5867 5869 5870 
9559 5867 1740 5869 
9560 5870 5869 436 
9561 659 2602 5872 
9562 2602 5871 5872 
9563 2602 884 5871 
9564 5872 5871 1743 
9565 884 5873 5871 
9566 5873 5874 5871 
9567 5873 1742 5874 
9568 5871 5874 1743 
9569 884 2601 5873 
9570 2601 5875 5873 
9571 2601 731 5875 
9572 5873 5875 1742 
9573 1743 5874 5877 
9574 5874 5876 5877 
9575 5874 1742 5876 
9576 5877 5876 320 
9577 618 5878 5100 
9578 5878 5879 5100 
9579 5878 1744 5879 
9580 5100 5879 1547 
9581 1744 5880 5879 
9582 5880 5881 5879 
9583 5880 806 5881 
9584 5879 5881 1547 
9585 1744 5882 5880 
9586 5882 2354 5880 
9587 5882 692 2354 
9588 5880 2354 806 
9589 1547 5881 5101 
9590 5881 2349 5101 
9591 5881 806 2349 
9592 5101 2349 598 
9593 649 5883 5300 
9594 5883 5884 5300 
9595 5883 1745 5884 
9596 5300 5884 1599 
9597 1745 5885 5884 
9598 5885 5886 5884 
9599 5885 1746 5886 
9600 5884 5886 1599 
9601 1745 5887 5885 
9602 5887 5888 5885 
9603 5887 658 5888 
9604 5885 5888 1746 
9605 1599 5886 5301 
9606 5886 5889 5301 
9607 5886 1746 5889 
9608 5301 5889 370 
9609 539 5890 3055 
9610 5890 5891 3055 
9611 5890 1747 5891 
9612 3055 5891 1018 
9613 1747 5892 5891 
9614 5892 5893 5891 
9615 5892 1748 5893 
9616 5891 5893 1018 
9617 1747 5894 5892 
9618 5894 5895 5892 
9619 5894 658 5895 
9620 5892 5895 1748 
9621 1018 5893 3056 
9622 5893 5896 3056 
9623 5893 1748 5896 
9624 3056 5896 533 
9625 414 5499 4382 
9626 5499 5897 4382 
9627 5499 1653 5897 
9628 4382 5897 1392 
9629 1653 5898 5897 
9630 5898 5899 5897 
9631 5898 897 5899 
9632 5897 5899 1392 
9633 1653 5498 5898 
9634 5498 2646 5898 
9635 5498 652 2646 
9636 5898 2646 897 
9637 1392 5899 4387 
9638 5899 2642 4387 
9639 5899 897 2642 
9640 4387 2642 507 
9641 533 5896 2998 
9642 5896 5900 2998 
9643 5896 1748 5900 
9644 2998 5900 1003 
9645 1748 5901 5900 
9646 5901 5902 5900 
9647 5901 1749 5902 
9648 5900 5902 1003 
9649 1748 5895 5901 
9650 5895 5903 5901 
9651 5895 658 5903 
9652 5901 5903 1749 
9653 1003 5902 3002 
9654 5902 5904 3002 
9655 5902 1749 5904 
9656 3002 5904 534 
9657 329 5390 5617 
9658 5390 5905 5617 
9659 5390 1624 5905 
9660 5617 5905 1684 
9661 1624 5906 5905 
9662 5906 5907 5905 
9663 5906 888 5907 
9664 5905 5907 1684 
9665 1624 5389 5906 
9666 5389 2617 5906 
9667 5389 651 2617 
9668 5906 2617 888 
9669 1684 5907 5621 
9670 5907 2612 5621 
9671 5907 888 2612 
9672 5621 2612 345 
9673 336 5908 5221 
9674 5908 5909 5221 
9675 5908 1750 5909 
9676 5221 5909 1579 
9677 1750 5910 5909 
9678 5910 5911 5909 
9679 5910 1751 5911 
9680 5909 5911 1579 
9681 1750 5912 5910 
9682 5912 5913 5910 
9683 5912 687 5913 
9684 5910 5913 1751 
9685 1579 5911 5225 
9686 5911 5914 5225 
9687 5911 1751 5914 
9688 5225 5914 642 
9689 265 5585 5560 
9690 5585 5915 5560 
9691 5585 1675 5915 
9692 5560 5915 1669 
9693 1675 5916 5915 
9694 5916 5917 5915 
9695 5916 1752 5917 
9696 5915 5917 1669 
9697 1675 5584 5916 
9698 5584 5918 5916 
9699 5584 637 5918 
9700 5916 5918 1752 
9701 1669 5917 5564 
9702 5917 5919 5564 
9703 5917 1752 5919 
9704 5564 5919 317 
9705 305 5920 5572 
9706 5920 5921 5572 
9707 5920 1753 5921 
9708 5572 5921 1672 
9709 1753 5922 5921 
9710 5922 5923 5921 
9711 5922 1674 5923 
9712 5921 5923 1672 
9713 1753 5924 5922 
9714 5924 5583 5922 
9715 5924 637 5583 
9716 5922 5583 1674 
9717 1672 5923 5573 
9718 5923 5579 5573 
9719 5923 1674 5579 
9720 5573 5579 269 
9721 317 2970 5565 
9722 2970 5925 5565 
9723 2970 995 5925 
9724 5565 5925 1670 
9725 995 5926 5925 
9726 5926 5927 5925 
9727 5926 1676 5927 
9728 5925 5927 1670 
9729 995 2974 5926 
9730 2974 5590 5926 
9731 2974 639 5590 
9732 5926 5590 1676 
9733 1670 5927 5566 
9734 5927 5586 5566 
9735 5927 1676 5586 
9736 5566 5586 261 
9737 285 5599 5574 
9738 5599 5928 5574 
9739 5599 1679 5928 
9740 5574 5928 1673 
9741 1679 5929 5928 
9742 5929 5930 5928 
9743 5929 1718 5930 
9744 5928 5930 1673 
9745 1679 5598 5929 
9746 5598 5770 5929 
9747 5598 638 5770 
9748 5929 5770 1718 
9749 1673 5930 5578 
9750 5930 5773 5578 
9751 5930 1718 5773 
9752 5578 5773 311 
9753 1 5931 5267 
9754 5931 5932 5267 
9755 5931 1754 5932 
9756 5267 5932 1590 
9757 1754 5933 5932 
9758 5933 5934 5932 
9759 5933 1755 5934 
9760 5932 5934 1590 
9761 1754 5935 5933 
9762 5935 5936 5933 
9763 5935 653 5936 
9764 5933 5936 1755 
9765 1590 5934 5271 
9766 5934 5937 5271 
9767 5934 1755 5937 
9768 5271 5937 299 
9769 319 2333 4191 
9770 2333 5938 4191 
9771 2333 800 5938 
9772 4191 5938 1346 
9773 800 5939 5938 
9774 5939 5940 5938 
9775 5939 1660 5940 
9776 5938 5940 1346 
9777 800 2332 5939 
9778 2332 5528 5939 
9779 2332 655 5528 
9780 5939 5528 1660 
9781 1346 5940 4192 
9782 5940 5524 4192 
9783 5940 1660 5524 
9784 4192 5524 202 
9785 554 5941 4359 
9786 5941 5942 4359 
9787 5941 1756 5942 
9788 4359 5942 1385 
9789 1756 5943 5942 
9790 5943 5944 5942 
9791 5943 915 5944 
9792 5942 5944 1385 
9793 1756 5945 5943 
9794 5945 2706 5943 
9795 5945 683 2706 
9796 5943 2706 915 
9797 1385 5944 4363 
9798 5944 2702 4363 
9799 5944 915 2702 
9800 4363 2702 555 
9801 625 2648 5651 
9802 2648 5946 5651 
9803 2648 898 5946 
9804 5651 5946 1689 
9805 898 5947 5946 
9806 5947 5948 5946 
9807 5947 1757 5948 
9808 5946 5948 1689 
9809 898 2647 5947 
9810 2647 5949 5947 
9811 2647 652 5949 
9812 5947 5949 1757 
9813 1689 5948 5652 
9814 5948 5950 5652 
9815 5948 1757 5950 
9816 5652 5950 313 
9817 588 5552 4839 
9818 5552 5951 4839 
9819 5552 1666 5951 
9820 4839 5951 1490 
9821 1666 5952 5951 
9822 5952 5953 5951 
9823 5952 1587 5953 
9824 5951 5953 1490 
9825 1666 5551 5952 
9826 5551 5256 5952 
9827 5551 656 5256 
9828 5952 5256 1587 
9829 1490 5953 4843 
9830 5953 5252 4843 
9831 5953 1587 5252 
9832 4843 5252 604 
9833 328 5728 3178 
9834 5728 5954 3178 
9835 5728 1706 5954 
9836 3178 5954 1054 
9837 1706 5955 5954 
9838 5955 5956 5954 
9839 5955 1758 5956 
9840 5954 5956 1054 
9841 1706 5727 5955 
9842 5727 5957 5955 
9843 5727 657 5957 
9844 5955 5957 1758 
9845 1054 5956 3182 
9846 5956 5958 3182 
9847 5956 1758 5958 
9848 3182 5958 411 
9849 411 5959 5068 
9850 5959 5960 5068 
9851 5959 1759 5960 
9852 5068 5960 1540 
9853 1759 5961 5960 
9854 5961 5962 5960 
9855 5961 1760 5962 
9856 5960 5962 1540 
9857 1759 5963 5961 
9858 5963 5964 5961 
9859 5963 676 5964 
9860 5961 5964 1760 
9861 1540 5962 5072 
9862 5962 5965 5072 
9863 5962 1760 5965 
9864 5072 5965 618 
9865 322 5966 5968 
9866 5966 5967 5968 
9867 5966 1761 5967 
9868 5968 5967 1763 
9869 1761 5969 5967 
9870 5969 5970 5967 
9871 5969 1762 5970 
9872 5967 5970 1763 
9873 1761 5971 5969 
9874 5971 5972 5969 
9875 5971 728 5972 
9876 5969 5972 1762 
9877 1763 5970 5974 
9878 5970 5973 5974 
9879 5970 1762 5973 
9880 5974 5973 665 
9881 80 5975 79 
9882 5975 5976 79 
9883 5975 1764 5976 
9884 79 5976 78 
9885 1764 5977 5976 
9886 5977 5978 5976 
9887 5977 1754 5978 
9888 5976 5978 78 
9889 1764 5979 5977 
9890 5979 5935 5977 
9891 5979 653 5935 
9892 5977 5935 1754 
9893 78 5978 77 
9894 5978 5931 77 
9895 5978 1754 5931 
9896 77 5931 1 
9897 316 2805 5458 
9898 2805 5980 5458 
9899 2805 945 5980 
9900 5458 5980 1642 
9901 945 5981 5980 
9902 5981 5982 5980 
9903 5981 1764 5982 
9904 5980 5982 1642 
9905 945 2804 5981 
9906 2804 5979 5981 
9907 2804 653 5979 
9908 5981 5979 1764 
9909 1642 5982 5459 
9910 5982 5975 5459 
9911 5982 1764 5975 
9912 5459 5975 80 
9913 510 5983 5985 
9914 5983 5984 5985 
9915 5983 1765 5984 
9916 5985 5984 1767 
9917 1765 5986 5984 
9918 5986 5987 5984 
9919 5986 1766 5987 
9920 5984 5987 1767 
9921 1765 5988 5986 
9922 5988 5989 5986 
9923 5988 681 5989 
9924 5986 5989 1766 
9925 1767 5987 5991 
9926 5987 5990 5991 
9927 5987 1766 5990 
9928 5991 5990 680 
9929 513 2996 5993 
9930 2996 5992 5993 
9931 2996 1001 5992 
9932 5993 5992 1769 
9933 1001 5994 5992 
9934 5994 5995 5992 
9935 5994 1768 5995 
9936 5992 5995 1769 
9937 1001 2995 5994 
9938 2995 5996 5994 
9939 2995 699 5996 
9940 5994 5996 1768 
9941 1769 5995 5998 
9942 5995 5997 5998 
9943 5995 1768 5997 
9944 5998 5997 514 
9945 570 2903 3965 
9946 2903 5999 3965 
9947 2903 974 5999 
9948 3965 5999 1282 
9949 974 6000 5999 
9950 6000 6001 5999 
9951 6000 1770 6001 
9952 5999 6001 1282 
9953 974 2902 6000 
9954 2902 6002 6000 
9955 2902 685 6002 
9956 6000 6002 1770 
9957 1282 6001 3966 
9958 6001 6003 3966 
9959 6001 1770 6003 
9960 3966 6003 558 
9961 175 6004 4347 
9962 6004 6005 4347 
9963 6004 1771 6005 
9964 4347 6005 1382 
9965 1771 6006 6005 
9966 6006 6007 6005 
9967 6006 1772 6007 
9968 6005 6007 1382 
9969 1771 6008 6006 
9970 6008 6009 6006 
9971 6008 686 6009 
9972 6006 6009 1772 
9973 1382 6007 4351 
9974 6007 6010 4351 
9975 6007 1772 6010 
9976 4351 6010 321 
9977 320 6011 5810 
9978 6011 6012 5810 
9979 6011 1773 6012 
9980 5810 6012 1728 
9981 1773 6013 6012 
9982 6013 6014 6012 
9983 6013 1715 6014 
9984 6012 6014 1728 
9985 1773 6015 6013 
9986 6015 5765 6013 
9987 6015 719 5765 
9988 6013 5765 1715 
9989 1728 6014 5814 
9990 6014 5760 5814 
9991 6014 1715 5760 
9992 5814 5760 627 
9993 298 5613 5734 
9994 5613 6016 5734 
9995 5613 1683 6016 
9996 5734 6016 1708 
9997 1683 6017 6016 
9998 6017 6018 6016 
9999 6017 1637 6018 
10000 6016 6018 1708 
10001 1683 5616 6017 
10002 5616 5443 6017 
10003 5616 634 5443 
10004 6017 5443 1637 
10005 1708 6018 5735 
10006 6018 5439 5735 
10007 6018 1637 5439 
10008 5735 5439 116 
10009 642 5914 6020 
10010 5914 6019 6020 
10011 5914 1751 6019 
10012 6020 6019 1774 
10013 1751 6021 6019 
10014 6021 6022 6019 
10015 6021 863 6022 
10016 6019 6022 1774 
10017 1751 5913 6021 
10018 5913 2537 6021 
10019 5913 687 2537 
10020 6021 2537 863 
10021 1774 6022 6023 
10022 6022 2532 6023 
10023 6022 863 2532 
10024 6023 2532 500 
10025 341 2512 3435 
10026 2512 6024 3435 
10027 2512 855 6024 
10028 3435 6024 1127 
10029 855 6025 6024 
10030 6025 6026 6024 
10031 6025 1775 6026 
10032 6024 6026 1127 
10033 855 2511 6025 
10034 2511 6027 6025 
10035 2511 687 6027 
10036 6025 6027 1775 
10037 1127 6026 3436 
10038 6026 6028 3436 
10039 6026 1775 6028 
10040 3436 6028 338 
10041 688 6029 6031 
10042 6029 6030 6031 
10043 6029 1776 6030 
10044 6031 6030 1778 
10045 1776 6032 6030 
10046 6032 6033 6030 
10047 6032 1777 6033 
10048 6030 6033 1778 
10049 1776 6034 6032 
10050 6034 6035 6032 
10051 6034 689 6035 
10052 6032 6035 1777 
10053 1778 6033 6037 
10054 6033 6036 6037 
10055 6033 1777 6036 
10056 6037 6036 476 
10057 603 6038 2326 
10058 6038 6039 2326 
10059 6038 1779 6039 
10060 2326 6039 799 
10061 1779 6040 6039 
10062 6040 6041 6039 
10063 6040 1780 6041 
10064 6039 6041 799 
10065 1779 6042 6040 
10066 6042 6043 6040 
10067 6042 717 6043 
10068 6040 6043 1780 
10069 799 6041 2327 
10070 6041 6044 2327 
10071 6041 1780 6044 
10072 2327 6044 277 
10073 156 6045 5446 
10074 6045 6046 5446 
10075 6045 1781 6046 
10076 5446 6046 1639 
10077 1781 6047 6046 
10078 6047 6048 6046 
10079 6047 1743 6048 
10080 6046 6048 1639 
10081 1781 6049 6047 
10082 6049 5872 6047 
10083 6049 659 5872 
10084 6047 5872 1743 
10085 1639 6048 5450 
10086 6048 5877 5450 
10087 6048 1743 5877 
10088 5450 5877 320 
10089 512 2176 6051 
10090 2176 6050 6051 
10091 2176 755 6050 
10092 6051 6050 1782 
10093 755 6052 6050 
10094 6052 6053 6050 
10095 6052 1733 6053 
10096 6050 6053 1782 
10097 755 2182 6052 
10098 2182 5830 6052 
10099 2182 515 5830 
10100 6052 5830 1733 
10101 1782 6053 6054 
10102 6053 5836 6054 
10103 6053 1733 5836 
10104 6054 5836 511 
10105 485 6055 3451 
10106 6055 6056 3451 
10107 6055 1783 6056 
10108 3451 6056 1132 
10109 1783 6057 6056 
10110 6057 6058 6056 
10111 6057 1594 6058 
10112 6056 6058 1132 
10113 1783 6059 6057 
10114 6059 5276 6057 
10115 6059 488 5276 
10116 6057 5276 1594 
10117 1132 6058 3455 
10118 6058 5282 3455 
10119 6058 1594 5282 
10120 3455 5282 487 
10121 448 6060 6062 
10122 6060 6061 6062 
10123 6060 1784 6061 
10124 6062 6061 1785 
10125 1784 6063 6061 
10126 6063 6064 6061 
10127 6063 971 6064 
10128 6061 6064 1785 
10129 1784 6065 6063 
10130 6065 2884 6063 
10131 6065 449 2884 
10132 6063 2884 971 
10133 1785 6064 6066 
10134 6064 2890 6066 
10135 6064 971 2890 
10136 6066 2890 446 
10137 646 6067 5480 
10138 6067 6068 5480 
10139 6067 1786 6068 
10140 5480 6068 1648 
10141 1786 6069 6068 
10142 6069 6070 6068 
10143 6069 1787 6070 
10144 6068 6070 1648 
10145 1786 6071 6069 
10146 6071 6072 6069 
10147 6071 671 6072 
10148 6069 6072 1787 
10149 1648 6070 5475 
10150 6070 6073 5475 
10151 6070 1787 6073 
10152 5475 6073 670 
10153 534 5904 5283 
10154 5904 6074 5283 
10155 5904 1749 6074 
10156 5283 6074 1595 
10157 1749 6075 6074 
10158 6075 6076 6074 
10159 6075 1745 6076 
10160 6074 6076 1595 
10161 1749 5903 6075 
10162 5903 5887 6075 
10163 5903 658 5887 
10164 6075 5887 1745 
10165 1595 6076 5287 
10166 6076 5883 5287 
10167 6076 1745 5883 
10168 5287 5883 649 
10169 483 6077 3437 
10170 6077 6078 3437 
10171 6077 1788 6078 
10172 3437 6078 1128 
10173 1788 6079 6078 
10174 6079 6080 6078 
10175 6079 1789 6080 
10176 6078 6080 1128 
10177 1788 6081 6079 
10178 6081 6082 6079 
10179 6081 612 6082 
10180 6079 6082 1789 
10181 1128 6080 3441 
10182 6080 6083 3441 
10183 6080 1789 6083 
10184 3441 6083 485 
10185 610 6084 4933 
10186 6084 6085 4933 
10187 6084 1790 6085 
10188 4933 6085 1510 
10189 1790 6086 6085 
10190 6086 6087 6085 
10191 6086 1788 6087 
10192 6085 6087 1510 
10193 1790 6088 6086 
10194 6088 6081 6086 
10195 6088 612 6081 
10196 6086 6081 1788 
10197 1510 6087 4934 
10198 6087 6077 4934 
10199 6087 1788 6077 
10200 4934 6077 483 
10201 539 6089 5890 
10202 6089 6090 5890 
10203 6089 1791 6090 
10204 5890 6090 1747 
10205 1791 6091 6090 
10206 6091 6092 6090 
10207 6091 1792 6092 
10208 6090 6092 1747 
10209 1791 6093 6091 
10210 6093 6094 6091 
10211 6093 675 6094 
10212 6091 6094 1792 
10213 1747 6092 5894 
10214 6092 6095 5894 
10215 6092 1792 6095 
10216 5894 6095 658 
10217 458 6096 3060 
10218 6096 6097 3060 
10219 6096 1793 6097 
10220 3060 6097 1019 
10221 1793 6098 6097 
10222 6098 6099 6097 
10223 6098 1794 6099 
10224 6097 6099 1019 
10225 1793 6100 6098 
10226 6100 6101 6098 
10227 6100 461 6101 
10228 6098 6101 1794 
10229 1019 6099 3064 
10230 6099 6102 3064 
10231 6099 1794 6102 
10232 3064 6102 460 
10233 487 6103 3465 
10234 6103 6104 3465 
10235 6103 1795 6104 
10236 3465 6104 1136 
10237 1795 6105 6104 
10238 6105 6106 6104 
10239 6105 1796 6106 
10240 6104 6106 1136 
10241 1795 6107 6105 
10242 6107 6108 6105 
10243 6107 700 6108 
10244 6105 6108 1796 
10245 1136 6106 3469 
10246 6106 6109 3469 
10247 6106 1796 6109 
10248 3469 6109 500 
10249 589 6110 5083 
10250 6110 6111 5083 
10251 6110 1797 6111 
10252 5083 6111 1543 
10253 1797 6112 6111 
10254 6112 6113 6111 
10255 6112 1798 6113 
10256 6111 6113 1543 
10257 1797 6114 6112 
10258 6114 6115 6112 
10259 6114 690 6115 
10260 6112 6115 1798 
10261 1543 6113 5087 
10262 6113 6116 5087 
10263 6113 1798 6116 
10264 5087 6116 619 
10265 489 5540 2844 
10266 5540 6117 2844 
10267 5540 1663 6117 
10268 2844 6117 957 
10269 1663 6118 6117 
10270 6118 6119 6117 
10271 6118 1799 6119 
10272 6117 6119 957 
10273 1663 5539 6118 
10274 5539 6120 6118 
10275 5539 661 6120 
10276 6118 6120 1799 
10277 957 6119 2838 
10278 6119 6121 2838 
10279 6119 1799 6121 
10280 2838 6121 636 
10281 322 5968 6123 
10282 5968 6122 6123 
10283 5968 1763 6122 
10284 6123 6122 1801 
10285 1763 6124 6122 
10286 6124 6125 6122 
10287 6124 1800 6125 
10288 6122 6125 1801 
10289 1763 5974 6124 
10290 5974 6126 6124 
10291 5974 665 6126 
10292 6124 6126 1800 
10293 1801 6125 6128 
10294 6125 6127 6128 
10295 6125 1800 6127 
10296 6128 6127 662 
10297 160 6129 159 
10298 6129 6130 159 
10299 6129 1802 6130 
10300 159 6130 158 
10301 1802 6131 6130 
10302 6131 6132 6130 
10303 6131 1781 6132 
10304 6130 6132 158 
10305 1802 6133 6131 
10306 6133 6049 6131 
10307 6133 659 6049 
10308 6131 6049 1781 
10309 158 6132 157 
10310 6132 6045 157 
10311 6132 1781 6045 
10312 157 6045 156 
10313 526 2820 6135 
10314 2820 6134 6135 
10315 2820 949 6134 
10316 6135 6134 1804 
10317 949 6136 6134 
10318 6136 6137 6134 
10319 6136 1803 6137 
10320 6134 6137 1804 
10321 949 2819 6136 
10322 2819 6138 6136 
10323 2819 640 6138 
10324 6136 6138 1803 
10325 1804 6137 6140 
10326 6137 6139 6140 
10327 6137 1803 6139 
10328 6140 6139 405 
10329 466 6141 4923 
10330 6141 6142 4923 
10331 6141 1805 6142 
10332 4923 6142 1508 
10333 1805 6143 6142 
10334 6143 6144 6142 
10335 6143 1806 6144 
10336 6142 6144 1508 
10337 1805 6145 6143 
10338 6145 6146 6143 
10339 6145 611 6146 
10340 6143 6146 1806 
10341 1508 6144 4927 
10342 6144 6147 4927 
10343 6144 1806 6147 
10344 4927 6147 610 
10345 300 6148 2281 
10346 6148 6149 2281 
10347 6148 1807 6149 
10348 2281 6149 785 
10349 1807 6150 6149 
10350 6150 6151 6149 
10351 6150 777 6151 
10352 6149 6151 785 
10353 1807 6152 6150 
10354 6152 2257 6150 
10355 6152 677 2257 
10356 6150 2257 777 
10357 785 6151 2277 
10358 6151 2252 2277 
10359 6151 777 2252 
10360 2277 2252 546 
10361 321 6153 5262 
10362 6153 6154 5262 
10363 6153 1808 6154 
10364 5262 6154 1589 
10365 1808 6155 6154 
10366 6155 6156 6154 
10367 6155 1691 6156 
10368 6154 6156 1589 
10369 1808 6157 6155 
10370 6157 5662 6155 
10371 6157 712 5662 
10372 6155 5662 1691 
10373 1589 6156 5266 
10374 6156 5658 5266 
10375 6156 1691 5658 
10376 5266 5658 630 
10377 658 6095 5888 
10378 6095 6158 5888 
10379 6095 1792 6158 
10380 5888 6158 1746 
10381 1792 6159 6158 
10382 6159 6160 6158 
10383 6159 1809 6160 
10384 6158 6160 1746 
10385 1792 6094 6159 
10386 6094 6161 6159 
10387 6094 675 6161 
10388 6159 6161 1809 
10389 1746 6160 5889 
10390 6160 6162 5889 
10391 6160 1809 6162 
10392 5889 6162 370 
10393 619 6116 6164 
10394 6116 6163 6164 
10395 6116 1798 6163 
10396 6164 6163 1811 
10397 1798 6165 6163 
10398 6165 6166 6163 
10399 6165 1810 6166 
10400 6163 6166 1811 
10401 1798 6115 6165 
10402 6115 6167 6165 
10403 6115 690 6167 
10404 6165 6167 1810 
10405 1811 6166 6169 
10406 6166 6168 6169 
10407 6166 1810 6168 
10408 6169 6168 307 
10409 320 5876 6011 
10410 5876 6170 6011 
10411 5876 1742 6170 
10412 6011 6170 1773 
10413 1742 6171 6170 
10414 6171 6172 6170 
10415 6171 1812 6172 
10416 6170 6172 1773 
10417 1742 5875 6171 
10418 5875 6173 6171 
10419 5875 731 6173 
10420 6171 6173 1812 
10421 1773 6172 6015 
10422 6172 6174 6015 
10423 6172 1812 6174 
10424 6015 6174 719 
10425 315 2420 5640 
10426 2420 6175 5640 
10427 2420 827 6175 
10428 5640 6175 1688 
10429 827 6176 6175 
10430 6176 6177 6175 
10431 6176 840 6177 
10432 6175 6177 1688 
10433 827 2419 6176 
10434 2419 2463 6176 
10435 2419 706 2463 
10436 6176 2463 840 
10437 1688 6177 5644 
10438 6177 2459 5644 
10439 6177 840 2459 
10440 5644 2459 624 
10441 416 5701 4575 
10442 5701 6178 4575 
10443 5701 1700 6178 
10444 4575 6178 1430 
10445 1700 6179 6178 
10446 6179 6180 6178 
10447 6179 967 6180 
10448 6178 6180 1430 
10449 1700 5700 6179 
10450 5700 2879 6179 
10451 5700 663 2879 
10452 6179 2879 967 
10453 1430 6180 4579 
10454 6180 2875 4579 
10455 6180 967 2875 
10456 4579 2875 417 
10457 511 5835 6182 
10458 5835 6181 6182 
10459 5835 1732 6181 
10460 6182 6181 1813 
10461 1732 6183 6181 
10462 6183 6184 6181 
10463 6183 1694 6184 
10464 6181 6184 1813 
10465 1732 5834 6183 
10466 5834 5675 6183 
10467 5834 734 5675 
10468 6183 5675 1694 
10469 1813 6184 6185 
10470 6184 5670 6185 
10471 6184 1694 5670 
10472 6185 5670 700 
10473 466 5177 6141 
10474 5177 6186 6141 
10475 5177 1567 6186 
10476 6141 6186 1805 
10477 1567 6187 6186 
10478 6187 6188 6186 
10479 6187 1814 6188 
10480 6186 6188 1805 
10481 1567 5176 6187 
10482 5176 6189 6187 
10483 5176 654 6189 
10484 6187 6189 1814 
10485 1805 6188 6145 
10486 6188 6190 6145 
10487 6188 1814 6190 
10488 6145 6190 611 
10489 562 5706 4776 
10490 5706 6191 4776 
10491 5706 1701 6191 
10492 4776 6191 1475 
10493 1701 6192 6191 
10494 6192 6193 6191 
10495 6192 1702 6193 
10496 6191 6193 1475 
10497 1701 5705 6192 
10498 5705 5711 6192 
10499 5705 664 5711 
10500 6192 5711 1702 
10501 1475 6193 4780 
10502 6193 5707 4780 
10503 6193 1702 5707 
10504 4780 5707 582 
10505 631 2708 5823 
10506 2708 6194 5823 
10507 2708 916 6194 
10508 5823 6194 1730 
10509 916 6195 6194 
10510 6195 6196 6194 
10511 6195 1815 6196 
10512 6194 6196 1730 
10513 916 2707 6195 
10514 2707 6197 6195 
10515 2707 683 6197 
10516 6195 6197 1815 
10517 1730 6196 5824 
10518 6196 6198 5824 
10519 6196 1815 6198 
10520 5824 6198 297 
10521 507 2504 4691 
10522 2504 6199 4691 
10523 2504 853 6199 
10524 4691 6199 1455 
10525 853 6200 6199 
10526 6200 6201 6199 
10527 6200 1816 6201 
10528 6199 6201 1455 
10529 853 2503 6200 
10530 2503 6202 6200 
10531 2503 698 6202 
10532 6200 6202 1816 
10533 1455 6201 4695 
10534 6201 6203 4695 
10535 6201 1816 6203 
10536 4695 6203 579 
10537 461 6204 6101 
10538 6204 6205 6101 
10539 6204 1817 6205 
10540 6101 6205 1794 
10541 1817 6206 6205 
10542 6206 6207 6205 
10543 6206 1548 6207 
10544 6205 6207 1794 
10545 1817 6208 6206 
10546 6208 5106 6206 
10547 6208 654 5106 
10548 6206 5106 1548 
10549 1794 6207 6102 
10550 6207 5102 6102 
10551 6207 1548 5102 
10552 6102 5102 460 
10553 417 5858 4580 
10554 5858 6209 4580 
10555 5858 1738 6209 
10556 4580 6209 1431 
10557 1738 6210 6209 
10558 6210 6211 6209 
10559 6210 1818 6211 
10560 6209 6211 1431 
10561 1738 5857 6210 
10562 5857 6212 6210 
10563 5857 724 6212 
10564 6210 6212 1818 
10565 1431 6211 4581 
10566 6211 6213 4581 
10567 6211 1818 6213 
10568 4581 6213 403 
10569 660 2481 6215 
10570 2481 6214 6215 
10571 2481 846 6214 
10572 6215 6214 1819 
10573 846 6216 6214 
10574 6216 6217 6214 
10575 6216 1530 6217 
10576 6214 6217 1819 
10577 846 2480 6216 
10578 2480 5035 6216 
10579 2480 720 5035 
10580 6216 5035 1530 
10581 1819 6217 6218 
10582 6217 5030 6218 
10583 6217 1530 5030 
10584 6218 5030 309 
10585 318 5785 4186 
10586 5785 6219 4186 
10587 5785 1721 6219 
10588 4186 6219 1345 
10589 1721 6220 6219 
10590 6220 6221 6219 
10591 6220 1820 6221 
10592 6219 6221 1345 
10593 1721 5784 6220 
10594 5784 6222 6220 
10595 5784 730 6222 
10596 6220 6222 1820 
10597 1345 6221 4187 
10598 6221 6223 4187 
10599 6221 1820 6223 
10600 4187 6223 190 
10601 148 5397 3118 
10602 5397 6224 3118 
10603 5397 1626 6224 
10604 3118 6224 1036 
10605 1626 6225 6224 
10606 6225 6226 6224 
10607 6225 1719 6226 
10608 6224 6226 1036 
10609 1626 5396 6225 
10610 5396 5775 6225 
10611 5396 627 5775 
10612 6225 5775 1719 
10613 1036 6226 3122 
10614 6226 5778 3122 
10615 6226 1719 5778 
10616 3122 5778 312 
10617 57 6227 5330 
10618 6227 6228 5330 
10619 6227 1821 6228 
10620 5330 6228 1608 
10621 1821 6229 6228 
10622 6229 6230 6228 
10623 6229 1807 6230 
10624 6228 6230 1608 
10625 1821 6231 6229 
10626 6231 6152 6229 
10627 6231 677 6152 
10628 6229 6152 1807 
10629 1608 6230 5334 
10630 6230 6148 5334 
10631 6230 1807 6148 
10632 5334 6148 300 
10633 623 2197 5307 
10634 2197 6232 5307 
10635 2197 759 6232 
10636 5307 6232 1601 
10637 759 6233 6232 
10638 6233 6234 6232 
10639 6233 1822 6234 
10640 6232 6234 1601 
10641 759 2196 6233 
10642 2196 6235 6233 
10643 2196 677 6235 
10644 6233 6235 1822 
10645 1601 6234 5308 
10646 6234 6236 5308 
10647 6234 1822 6236 
10648 5308 6236 61 
10649 33 6237 5794 
10650 6237 6238 5794 
10651 6237 1823 6238 
10652 5794 6238 1724 
10653 1823 6239 6238 
10654 6239 6240 6238 
10655 6239 1824 6240 
10656 6238 6240 1724 
10657 1823 6241 6239 
10658 6241 6242 6239 
10659 6241 694 6242 
10660 6239 6242 1824 
10661 1724 6240 5788 
10662 6240 6243 5788 
10663 6240 1824 6243 
10664 5788 6243 620 
10665 484 5740 3401 
10666 5740 6244 3401 
10667 5740 1709 6244 
10668 3401 6244 1119 
10669 1709 6245 6244 
10670 6245 6246 6244 
10671 6245 1710 6246 
10672 6244 6246 1119 
10673 1709 5739 6245 
10674 5739 5745 6245 
10675 5739 667 5745 
10676 6245 5745 1710 
10677 1119 6246 3402 
10678 6246 5741 3402 
10679 6246 1710 5741 
10680 3402 5741 479 
10681 439 4718 6248 
10682 4718 6247 6248 
10683 4718 1459 6247 
10684 6248 6247 1826 
10685 1459 6249 6247 
10686 6249 6250 6247 
10687 6249 1825 6250 
10688 6247 6250 1826 
10689 1459 4717 6249 
10690 4717 6251 6249 
10691 4717 573 6251 
10692 6249 6251 1825 
10693 1826 6250 6253 
10694 6250 6252 6253 
10695 6250 1825 6252 
10696 6253 6252 447 
10697 439 6248 4304 
10698 6248 6254 4304 
10699 6248 1826 6254 
10700 4304 6254 1374 
10701 1826 6255 6254 
10702 6255 6256 6254 
10703 6255 1827 6256 
10704 6254 6256 1374 
10705 1826 6253 6255 
10706 6253 6257 6255 
10707 6253 447 6257 
10708 6255 6257 1827 
10709 1374 6256 4308 
10710 6256 6258 4308 
10711 6256 1827 6258 
10712 4308 6258 445 
10713 450 6259 2656 
10714 6259 6260 2656 
10715 6259 1828 6260 
10716 2656 6260 901 
10717 1828 6261 6260 
10718 6261 6262 6260 
10719 6261 1829 6262 
10720 6260 6262 901 
10721 1828 6263 6261 
10722 6263 6264 6261 
10723 6263 723 6264 
10724 6261 6264 1829 
10725 901 6262 2661 
10726 6262 6265 2661 
10727 6262 1829 6265 
10728 2661 6265 650 
10729 289 6266 5593 
10730 6266 6267 5593 
10731 6266 1830 6267 
10732 5593 6267 1678 
10733 1830 6268 6267 
10734 6268 6269 6267 
10735 6268 1831 6269 
10736 6267 6269 1678 
10737 1830 6270 6268 
10738 6270 6271 6268 
10739 6270 662 6271 
10740 6268 6271 1831 
10741 1678 6269 5597 
10742 6269 6272 5597 
10743 6269 1831 6272 
10744 5597 6272 638 
10745 500 6109 6023 
10746 6109 6273 6023 
10747 6109 1796 6273 
10748 6023 6273 1774 
10749 1796 6274 6273 
10750 6274 6275 6273 
10751 6274 1832 6275 
10752 6273 6275 1774 
10753 1796 6108 6274 
10754 6108 6276 6274 
10755 6108 700 6276 
10756 6274 6276 1832 
10757 1774 6275 6020 
10758 6275 6277 6020 
10759 6275 1832 6277 
10760 6020 6277 642 
10761 513 5993 5532 
10762 5993 6278 5532 
10763 5993 1769 6278 
10764 5532 6278 1661 
10765 1769 6279 6278 
10766 6279 6280 6278 
10767 6279 1629 6280 
10768 6278 6280 1661 
10769 1769 5998 6279 
10770 5998 5409 6279 
10771 5998 514 5409 
10772 6279 5409 1629 
10773 1661 6280 5533 
10774 6280 5412 5533 
10775 6280 1629 5412 
10776 5533 5412 492 
10777 293 6281 292 
10778 6281 6282 292 
10779 6281 1833 6282 
10780 292 6282 291 
10781 1833 6283 6282 
10782 6283 6284 6282 
10783 6283 1830 6284 
10784 6282 6284 291 
10785 1833 6285 6283 
10786 6285 6270 6283 
10787 6285 662 6270 
10788 6283 6270 1830 
10789 291 6284 290 
10790 6284 6266 290 
10791 6284 1830 6266 
10792 290 6266 289 
10793 317 6286 2968 
10794 6286 6287 2968 
10795 6286 1834 6287 
10796 2968 6287 994 
10797 1834 6288 6287 
10798 6288 6289 6287 
10799 6288 1835 6289 
10800 6287 6289 994 
10801 1834 6290 6288 
10802 6290 6291 6288 
10803 6290 676 6291 
10804 6288 6291 1835 
10805 994 6289 2973 
10806 6289 6292 2973 
10807 6289 1835 6292 
10808 2973 6292 657 
10809 472 6293 6295 
10810 6293 6294 6295 
10811 6293 1836 6294 
10812 6295 6294 1837 
10813 1836 6296 6294 
10814 6296 6297 6294 
10815 6296 1571 6297 
10816 6294 6297 1837 
10817 1836 6298 6296 
10818 6298 5194 6296 
10819 6298 621 5194 
10820 6296 5194 1571 
10821 1837 6297 6299 
10822 6297 5190 6299 
10823 6297 1571 5190 
10824 6299 5190 442 
10825 124 6300 123 
10826 6300 6301 123 
10827 6300 1838 6301 
10828 123 6301 122 
10829 1838 6302 6301 
10830 6302 6303 6301 
10831 6302 1839 6303 
10832 6301 6303 122 
10833 1838 6304 6302 
10834 6304 6305 6302 
10835 6304 535 6305 
10836 6302 6305 1839 
10837 122 6303 121 
10838 6303 6306 121 
10839 6303 1839 6306 
10840 121 6306 120 
10841 455 6307 6309 
10842 6307 6308 6309 
10843 6307 1840 6308 
10844 6309 6308 1841 
10845 1840 6310 6308 
10846 6310 6311 6308 
10847 6310 939 6311 
10848 6308 6311 1841 
10849 1840 6312 6310 
10850 6312 2778 6310 
10851 6312 456 2778 
10852 6310 2778 939 
10853 1841 6311 6313 
10854 6311 2784 6313 
10855 6311 939 2784 
10856 6313 2784 454 
10857 4 6314 182 
10858 6314 6315 182 
10859 6314 1842 6315 
10860 182 6315 181 
10861 1842 6316 6315 
10862 6316 6317 6315 
10863 6316 1843 6317 
10864 6315 6317 181 
10865 1842 6318 6316 
10866 6318 6319 6316 
10867 6318 705 6319 
10868 6316 6319 1843 
10869 181 6317 180 
10870 6317 6320 180 
10871 6317 1843 6320 
10872 180 6320 179 
10873 186 6321 185 
10874 6321 6322 185 
10875 6321 1844 6322 
10876 185 6322 184 
10877 1844 6323 6322 
10878 6323 6324 6322 
10879 6323 1842 6324 
10880 6322 6324 184 
10881 1844 6325 6323 
10882 6325 6318 6323 
10883 6325 705 6318 
10884 6323 6318 1842 
10885 184 6324 183 
10886 6324 6314 183 
10887 6324 1842 6314 
10888 183 6314 4 
10889 253 6326 252 
10890 6326 6327 252 
10891 6326 1845 6327 
10892 252 6327 251 
10893 1845 6328 6327 
10894 6328 6329 6327 
10895 6328 1846 6329 
10896 6327 6329 251 
10897 1845 6330 6328 
10898 6330 6331 6328 
10899 6330 324 6331 
10900 6328 6331 1846 
10901 251 6329 250 
10902 6329 6332 250 
10903 6329 1846 6332 
10904 250 6332 249 
10905 632 6333 2545 
10906 6333 6334 2545 
10907 6333 1847 6334 
10908 2545 6334 866 
10909 1847 6335 6334 
10910 6335 6336 6334 
10911 6335 1848 6336 
10912 6334 6336 866 
10913 1847 6337 6335 
10914 6337 6338 6335 
10915 6337 704 6338 
10916 6335 6338 1848 
10917 866 6336 2546 
10918 6336 6339 2546 
10919 6336 1848 6339 
10920 2546 6339 555 
10921 535 6340 6342 
10922 6340 6341 6342 
10923 6340 1849 6341 
10924 6342 6341 1850 
10925 1849 6343 6341 
10926 6343 6344 6341 
10927 6343 1025 6344 
10928 6341 6344 1850 
10929 1849 6345 6343 
10930 6345 3076 6343 
10931 6345 536 3076 
10932 6343 3076 1025 
10933 1850 6344 6346 
10934 6344 3082 6346 
10935 6344 1025 3082 
10936 6346 3082 298 
10937 626 5079 5656 
10938 5079 6347 5656 
10939 5079 1542 6347 
10940 5656 6347 1690 
10941 1542 6348 6347 
10942 6348 6349 6347 
10943 6348 1761 6349 
10944 6347 6349 1690 
10945 1542 5078 6348 
10946 5078 5971 6348 
10947 5078 728 5971 
10948 6348 5971 1761 
10949 1690 6349 5657 
10950 6349 5966 5657 
10951 6349 1761 5966 
10952 5657 5966 322 
10953 308 6350 4205 
10954 6350 6351 4205 
10955 6350 1851 6351 
10956 4205 6351 1350 
10957 1851 6352 6351 
10958 6352 6353 6351 
10959 6352 1852 6353 
10960 6351 6353 1350 
10961 1851 6354 6352 
10962 6354 6355 6352 
10963 6354 723 6355 
10964 6352 6355 1852 
10965 1350 6353 4209 
10966 6353 6356 4209 
10967 6353 1852 6356 
10968 4209 6356 566 
10969 633 2881 5818 
10970 2881 6357 5818 
10971 2881 968 6357 
10972 5818 6357 1729 
10973 968 6358 6357 
10974 6358 6359 6357 
10975 6358 1853 6359 
10976 6357 6359 1729 
10977 968 2880 6358 
10978 2880 6360 6358 
10979 2880 663 6360 
10980 6358 6360 1853 
10981 1729 6359 5819 
10982 6359 6361 5819 
10983 6359 1853 6361 
10984 5819 6361 306 
10985 128 6362 127 
10986 6362 6363 127 
10987 6362 1854 6363 
10988 127 6363 126 
10989 1854 6364 6363 
10990 6364 6365 6363 
10991 6364 1855 6365 
10992 6363 6365 126 
10993 1854 6366 6364 
10994 6366 6367 6364 
10995 6366 527 6367 
10996 6364 6367 1855 
10997 126 6365 125 
10998 6365 6368 125 
10999 6365 1855 6368 
11000 125 6368 124 
11001 491 6369 6371 
11002 6369 6370 6371 
11003 6369 1856 6370 
11004 6371 6370 1857 
11005 1856 6372 6370 
11006 6372 6373 6370 
11007 6372 1828 6373 
11008 6370 6373 1857 
11009 1856 6374 6372 
11010 6374 6263 6372 
11011 6374 723 6263 
11012 6372 6263 1828 
11013 1857 6373 6375 
11014 6373 6259 6375 
11015 6373 1828 6259 
11016 6375 6259 450 
11017 403 6376 4068 
11018 6376 6377 4068 
11019 6376 1858 6377 
11020 4068 6377 1311 
11021 1858 6378 6377 
11022 6378 6379 6377 
11023 6378 1859 6379 
11024 6377 6379 1311 
11025 1858 6380 6378 
11026 6380 6381 6378 
11027 6380 404 6381 
11028 6378 6381 1859 
11029 1311 6379 4069 
11030 6379 6382 4069 
11031 6379 1859 6382 
11032 4069 6382 398 
11033 33 5793 32 
11034 5793 6383 32 
11035 5793 1723 6383 
11036 32 6383 31 
11037 1723 6384 6383 
11038 6384 6385 6383 
11039 6384 1860 6385 
11040 6383 6385 31 
11041 1723 5792 6384 
11042 5792 6386 6384 
11043 5792 732 6386 
11044 6384 6386 1860 
11045 31 6385 30 
11046 6385 6387 30 
11047 6385 1860 6387 
11048 30 6387 29 
11049 516 6388 6390 
11050 6388 6389 6390 
11051 6388 1861 6389 
11052 6390 6389 1863 
11053 1861 6391 6389 
11054 6391 6392 6389 
11055 6391 1862 6392 
11056 6389 6392 1863 
11057 1861 6393 6391 
11058 6393 6394 6391 
11059 6393 668 6394 
11060 6391 6394 1862 
11061 1863 6392 6396 
11062 6392 6395 6396 
11063 6392 1862 6395 
11064 6396 6395 452 
11065 480 6397 6399 
11066 6397 6398 6399 
11067 6397 1864 6398 
11068 6399 6398 1865 
11069 1864 6400 6398 
11070 6400 6401 6398 
11071 6400 1460 6401 
11072 6398 6401 1865 
11073 1864 6402 6400 
11074 6402 4723 6400 
11075 6402 573 4723 
11076 6400 4723 1460 
11077 1865 6401 6403 
11078 6401 4719 6403 
11079 6401 1460 4719 
11080 6403 4719 433 
11081 132 2828 6405 
11082 2828 6404 6405 
11083 2828 952 6404 
11084 6405 6404 1867 
11085 952 6406 6404 
11086 6406 6407 6404 
11087 6406 1866 6407 
11088 6404 6407 1867 
11089 952 2827 6406 
11090 2827 6408 6406 
11091 2827 529 6408 
11092 6406 6408 1866 
11093 1867 6407 6410 
11094 6407 6409 6410 
11095 6407 1866 6409 
11096 6410 6409 302 
11097 49 6411 5323 
11098 6411 6412 5323 
11099 6411 1868 6412 
11100 5323 6412 1606 
11101 1868 6413 6412 
11102 6413 6414 6412 
11103 6413 921 6414 
11104 6412 6414 1606 
11105 1868 6415 6413 
11106 6415 2727 6413 
11107 6415 691 2727 
11108 6413 2727 921 
11109 1606 6414 5327 
11110 6414 2723 5327 
11111 6414 921 2723 
11112 5327 2723 315 
11113 300 5402 5335 
11114 5402 6416 5335 
11115 5402 1627 6416 
11116 5335 6416 1609 
11117 1627 6417 6416 
11118 6417 6418 6416 
11119 6417 1869 6418 
11120 6416 6418 1609 
11121 1627 5401 6417 
11122 5401 6419 6417 
11123 5401 691 6419 
11124 6417 6419 1869 
11125 1609 6418 5336 
11126 6418 6420 5336 
11127 6418 1869 6420 
11128 5336 6420 53 
11129 597 5841 4724 
11130 5841 6421 4724 
11131 5841 1734 6421 
11132 4724 6421 1461 
11133 1734 6422 6421 
11134 6422 6423 6421 
11135 6422 1870 6423 
11136 6421 6423 1461 
11137 1734 5840 6422 
11138 5840 6424 6422 
11139 5840 672 6424 
11140 6422 6424 1870 
11141 1461 6423 4729 
11142 6423 6425 4729 
11143 6423 1870 6425 
11144 4729 6425 603 
11145 683 6426 6197 
11146 6426 6427 6197 
11147 6426 1871 6427 
11148 6197 6427 1815 
11149 1871 6428 6427 
11150 6428 6429 6427 
11151 6428 1872 6429 
11152 6427 6429 1815 
11153 1871 6430 6428 
11154 6430 6431 6428 
11155 6430 726 6431 
11156 6428 6431 1872 
11157 1815 6429 6198 
11158 6429 6432 6198 
11159 6429 1872 6432 
11160 6198 6432 297 
11161 167 6433 166 
11162 6433 6434 166 
11163 6433 1873 6434 
11164 166 6434 165 
11165 1873 6435 6434 
11166 6435 6436 6434 
11167 6435 1874 6436 
11168 6434 6436 165 
11169 1873 6437 6435 
11170 6437 6438 6435 
11171 6437 709 6438 
11172 6435 6438 1874 
11173 165 6436 164 
11174 6436 6439 164 
11175 6436 1874 6439 
11176 164 6439 3 
11177 526 6440 2137 
11178 6440 6441 2137 
11179 6440 1875 6441 
11180 2137 6441 740 
11181 1875 6442 6441 
11182 6442 6443 6441 
11183 6442 1876 6443 
11184 6441 6443 740 
11185 1875 6444 6442 
11186 6444 6445 6442 
11187 6444 678 6445 
11188 6442 6445 1876 
11189 740 6443 2131 
11190 6443 6446 2131 
11191 6443 1876 6446 
11192 2131 6446 495 
11193 601 6447 3652 
11194 6447 6448 3652 
11195 6447 1877 6448 
11196 3652 6448 1190 
11197 1877 6449 6448 
11198 6449 6450 6448 
11199 6449 1739 6450 
11200 6448 6450 1190 
11201 1877 6451 6449 
11202 6451 5863 6449 
11203 6451 673 5863 
11204 6449 5863 1739 
11205 1190 6450 3653 
11206 6450 5859 3653 
11207 6450 1739 5859 
11208 3653 5859 600 
11209 3 6439 163 
11210 6439 6452 163 
11211 6439 1874 6452 
11212 163 6452 162 
11213 1874 6453 6452 
11214 6453 6454 6452 
11215 6453 1878 6454 
11216 6452 6454 162 
11217 1874 6438 6453 
11218 6438 6455 6453 
11219 6438 709 6455 
11220 6453 6455 1878 
11221 162 6454 161 
11222 6454 6456 161 
11223 6454 1878 6456 
11224 161 6456 160 
11225 225 6457 224 
11226 6457 6458 224 
11227 6457 1879 6458 
11228 224 6458 223 
11229 1879 6459 6458 
11230 6459 6460 6458 
11231 6459 1880 6460 
11232 6458 6460 223 
11233 1879 6461 6459 
11234 6461 6462 6459 
11235 6461 710 6462 
11236 6459 6462 1880 
11237 223 6460 222 
11238 6460 6463 222 
11239 6460 1880 6463 
11240 222 6463 5 
11241 637 6464 5918 
11242 6464 6465 5918 
11243 6464 1881 6465 
11244 5918 6465 1752 
11245 1881 6466 6465 
11246 6466 6467 6465 
11247 6466 1834 6467 
11248 6465 6467 1752 
11249 1881 6468 6466 
11250 6468 6290 6466 
11251 6468 676 6290 
11252 6466 6290 1834 
11253 1752 6467 5919 
11254 6467 6286 5919 
11255 6467 1834 6286 
11256 5919 6286 317 
11257 486 3099 3005 
11258 3099 6469 3005 
11259 3099 1031 6469 
11260 3005 6469 1005 
11261 1031 6470 6469 
11262 6470 6471 6469 
11263 6470 1791 6471 
11264 6469 6471 1005 
11265 1031 3103 6470 
11266 3103 6093 6470 
11267 3103 675 6093 
11268 6470 6093 1791 
11269 1005 6471 3010 
11270 6471 6089 3010 
11271 6471 1791 6089 
11272 3010 6089 539 
11273 662 6127 6271 
11274 6127 6472 6271 
11275 6127 1800 6472 
11276 6271 6472 1831 
11277 1800 6473 6472 
11278 6473 6474 6472 
11279 6473 1654 6474 
11280 6472 6474 1831 
11281 1800 6126 6473 
11282 6126 5505 6473 
11283 6126 665 5505 
11284 6473 5505 1654 
11285 1831 6474 6272 
11286 6474 5500 6272 
11287 6474 1654 5500 
11288 6272 5500 638 
11289 245 3085 244 
11290 3085 6475 244 
11291 3085 1027 6475 
11292 244 6475 243 
11293 1027 6476 6475 
11294 6476 6477 6475 
11295 6476 1882 6477 
11296 6475 6477 243 
11297 1027 3089 6476 
11298 3089 6478 6476 
11299 3089 304 6478 
11300 6476 6478 1882 
11301 243 6477 242 
11302 6477 6479 242 
11303 6477 1882 6479 
11304 242 6479 241 
11305 619 6480 5116 
11306 6480 6481 5116 
11307 6480 1883 6481 
11308 5116 6481 1552 
11309 1883 6482 6481 
11310 6482 6483 6481 
11311 6482 1722 6483 
11312 6481 6483 1552 
11313 1883 6484 6482 
11314 6484 5791 6482 
11315 6484 732 5791 
11316 6482 5791 1722 
11317 1552 6483 5121 
11318 6483 5786 5121 
11319 6483 1722 5786 
11320 5121 5786 620 
11321 474 6485 5406 
11322 6485 6486 5406 
11323 6485 1884 6486 
11324 5406 6486 1628 
11325 1884 6487 6486 
11326 6487 6488 6486 
11327 6487 1865 6488 
11328 6486 6488 1628 
11329 1884 6489 6487 
11330 6489 6399 6487 
11331 6489 480 6399 
11332 6487 6399 1865 
11333 1628 6488 5407 
11334 6488 6403 5407 
11335 6488 1865 6403 
11336 5407 6403 433 
11337 516 6490 5846 
11338 6490 6491 5846 
11339 6490 1885 6491 
11340 5846 6491 1735 
11341 1885 6492 6491 
11342 6492 6493 6491 
11343 6492 868 6493 
11344 6491 6493 1735 
11345 1885 6494 6492 
11346 6494 2553 6492 
11347 6494 727 2553 
11348 6492 2553 868 
11349 1735 6493 5843 
11350 6493 2548 5843 
11351 6493 868 2548 
11352 5843 2548 425 
11353 9 6495 8 
11354 6495 6496 8 
11355 6495 1886 6496 
11356 8 6496 7 
11357 1886 6497 6496 
11358 6497 6498 6496 
11359 6497 1887 6498 
11360 6496 6498 7 
11361 1886 6499 6497 
11362 6499 6500 6497 
11363 6499 711 6500 
11364 6497 6500 1887 
11365 7 6498 6 
11366 6498 6501 6 
11367 6498 1887 6501 
11368 6 6501 2 
11369 307 6502 6169 
11370 6502 6503 6169 
11371 6502 1888 6503 
11372 6169 6503 1811 
11373 1888 6504 6503 
11374 6504 6505 6503 
11375 6504 1883 6505 
11376 6503 6505 1811 
11377 1888 6506 6504 
11378 6506 6484 6504 
11379 6506 732 6484 
11380 6504 6484 1883 
11381 1811 6505 6164 
11382 6505 6480 6164 
11383 6505 1883 6480 
11384 6164 6480 619 
11385 2 6501 296 
11386 6501 6507 296 
11387 6501 1887 6507 
11388 296 6507 295 
11389 1887 6508 6507 
11390 6508 6509 6507 
11391 6508 1889 6509 
11392 6507 6509 295 
11393 1887 6500 6508 
11394 6500 6510 6508 
11395 6500 711 6510 
11396 6508 6510 1889 
11397 295 6509 294 
11398 6509 6511 294 
11399 6509 1889 6511 
11400 294 6511 293 
11401 421 6512 5493 
11402 6512 6513 5493 
11403 6512 1890 6513 
11404 5493 6513 1652 
11405 1890 6514 6513 
11406 6514 6515 6513 
11407 6514 1891 6515 
11408 6513 6515 1652 
11409 1890 6516 6514 
11410 6516 6517 6514 
11411 6516 696 6517 
11412 6514 6517 1891 
11413 1652 6515 5497 
11414 6515 6518 5497 
11415 6515 1891 6518 
11416 5497 6518 652 
11417 681 2374 6520 
11418 2374 6519 6520 
11419 2374 813 6519 
11420 6520 6519 1893 
11421 813 6521 6519 
11422 6521 6522 6519 
11423 6521 1892 6522 
11424 6519 6522 1893 
11425 813 2373 6521 
11426 2373 6523 6521 
11427 2373 695 6523 
11428 6521 6523 1892 
11429 1893 6522 6525 
11430 6522 6524 6525 
11431 6522 1892 6524 
11432 6525 6524 499 
11433 84 6526 5453 
11434 6526 6527 5453 
11435 6526 1894 6527 
11436 5453 6527 1641 
11437 1894 6528 6527 
11438 6528 6529 6527 
11439 6528 1711 6529 
11440 6527 6529 1641 
11441 1894 6530 6528 
11442 6530 5750 6528 
11443 6530 693 5750 
11444 6528 5750 1711 
11445 1641 6529 5457 
11446 6529 5746 5457 
11447 6529 1711 5746 
11448 5457 5746 316 
11449 398 6531 4491 
11450 6531 6532 4491 
11451 6531 1895 6532 
11452 4491 6532 1412 
11453 1895 6533 6532 
11454 6533 6534 6532 
11455 6533 1896 6534 
11456 6532 6534 1412 
11457 1895 6535 6533 
11458 6535 6536 6533 
11459 6535 640 6536 
11460 6533 6536 1896 
11461 1412 6534 4492 
11462 6534 6537 4492 
11463 6534 1896 6537 
11464 4492 6537 395 
11465 642 6277 5416 
11466 6277 6538 5416 
11467 6277 1832 6538 
11468 5416 6538 1630 
11469 1832 6539 6538 
11470 6539 6540 6538 
11471 6539 1696 6540 
11472 6538 6540 1630 
11473 1832 6276 6539 
11474 6276 5672 6539 
11475 6276 700 5672 
11476 6539 5672 1696 
11477 1630 6540 5417 
11478 6540 5678 5417 
11479 6540 1696 5678 
11480 5417 5678 334 
11481 370 6162 4545 
11482 6162 6541 4545 
11483 6162 1809 6541 
11484 4545 6541 1424 
11485 1809 6542 6541 
11486 6542 6543 6541 
11487 6542 975 6543 
11488 6541 6543 1424 
11489 1809 6161 6542 
11490 6161 2898 6542 
11491 6161 675 2898 
11492 6542 2898 975 
11493 1424 6543 4549 
11494 6543 2904 4549 
11495 6543 975 2904 
11496 4549 2904 570 
11497 641 2960 5558 
11498 2960 6544 5558 
11499 2960 991 6544 
11500 5558 6544 1668 
11501 991 6545 6544 
11502 6545 6546 6544 
11503 6545 1897 6546 
11504 6544 6546 1668 
11505 991 2959 6545 
11506 2959 6547 6545 
11507 2959 693 6547 
11508 6545 6547 1897 
11509 1668 6546 5559 
11510 6546 6548 5559 
11511 6546 1897 6548 
11512 5559 6548 88 
11513 132 6405 131 
11514 6405 6549 131 
11515 6405 1867 6549 
11516 131 6549 130 
11517 1867 6550 6549 
11518 6550 6551 6549 
11519 6550 1898 6551 
11520 6549 6551 130 
11521 1867 6410 6550 
11522 6410 6552 6550 
11523 6410 302 6552 
11524 6550 6552 1898 
11525 130 6551 129 
11526 6551 6553 129 
11527 6551 1898 6553 
11528 129 6553 128 
11529 574 6554 5695 
11530 6554 6555 5695 
11531 6554 1899 6555 
11532 5695 6555 1699 
11533 1899 6556 6555 
11534 6556 6557 6555 
11535 6556 1900 6557 
11536 6555 6557 1699 
11537 1899 6558 6556 
11538 6558 6559 6556 
11539 6558 704 6559 
11540 6556 6559 1900 
11541 1699 6557 5699 
11542 6557 6560 5699 
11543 6557 1900 6560 
11544 5699 6560 663 
11545 404 3143 6562 
11546 3143 6561 6562 
11547 3143 1045 6561 
11548 6562 6561 1902 
11549 1045 6563 6561 
11550 6563 6564 6561 
11551 6563 1901 6564 
11552 6561 6564 1902 
11553 1045 3149 6563 
11554 3149 6565 6563 
11555 3149 536 6565 
11556 6563 6565 1901 
11557 1902 6564 6567 
11558 6564 6566 6567 
11559 6564 1901 6566 
11560 6567 6566 412 
11561 517 6568 2866 
11562 6568 6569 2866 
11563 6568 1903 6569 
11564 2866 6569 964 
11565 1903 6570 6569 
11566 6570 6571 6569 
11567 6570 1904 6571 
11568 6569 6571 964 
11569 1903 6572 6570 
11570 6572 6573 6570 
11571 6572 701 6573 
11572 6570 6573 1904 
11573 964 6571 2871 
11574 6571 6574 2871 
11575 6571 1904 6574 
11576 2871 6574 527 
11577 5 6463 221 
11578 6463 6575 221 
11579 6463 1880 6575 
11580 221 6575 220 
11581 1880 6576 6575 
11582 6576 6577 6575 
11583 6576 1905 6577 
11584 6575 6577 220 
11585 1880 6462 6576 
11586 6462 6578 6576 
11587 6462 710 6578 
11588 6576 6578 1905 
11589 220 6577 219 
11590 6577 6579 219 
11591 6577 1905 6579 
11592 219 6579 218 
11593 437 2923 6581 
11594 2923 6580 6581 
11595 2923 983 6580 
11596 6581 6580 1907 
11597 983 6582 6580 
11598 6582 6583 6580 
11599 6582 1906 6583 
11600 6580 6583 1907 
11601 983 2929 6582 
11602 2929 6584 6582 
11603 2929 444 6584 
11604 6582 6584 1906 
11605 1907 6583 6586 
11606 6583 6585 6586 
11607 6583 1906 6585 
11608 6586 6585 443 
11609 61 6236 60 
11610 6236 6587 60 
11611 6236 1822 6587 
11612 60 6587 59 
11613 1822 6588 6587 
11614 6588 6589 6587 
11615 6588 1821 6589 
11616 6587 6589 59 
11617 1822 6235 6588 
11618 6235 6231 6588 
11619 6235 677 6231 
11620 6588 6231 1821 
11621 59 6589 58 
11622 6589 6227 58 
11623 6589 1821 6227 
11624 58 6227 57 
11625 445 6590 4506 
11626 6590 6591 4506 
11627 6590 1908 6591 
11628 4506 6591 1415 
11629 1908 6592 6591 
11630 6592 6593 6591 
11631 6592 1785 6593 
11632 6591 6593 1415 
11633 1908 6594 6592 
11634 6594 6062 6592 
11635 6594 448 6062 
11636 6592 6062 1785 
11637 1415 6593 4510 
11638 6593 6066 4510 
11639 6593 1785 6066 
11640 4510 6066 446 
11641 504 6595 6597 
11642 6595 6596 6597 
11643 6595 1909 6596 
11644 6597 6596 1910 
11645 1909 6598 6596 
11646 6598 6599 6596 
11647 6598 1714 6599 
11648 6596 6599 1910 
11649 1909 6600 6598 
11650 6600 5753 6598 
11651 6600 510 5753 
11652 6598 5753 1714 
11653 1910 6599 6601 
11654 6599 5759 6601 
11655 6599 1714 5759 
11656 6601 5759 482 
11657 470 6602 4213 
11658 6602 6603 4213 
11659 6602 1911 6603 
11660 4213 6603 1351 
11661 1911 6604 6603 
11662 6604 6605 6603 
11663 6604 1912 6605 
11664 6603 6605 1351 
11665 1911 6606 6604 
11666 6606 6607 6604 
11667 6606 471 6607 
11668 6604 6607 1912 
11669 1351 6605 4214 
11670 6605 6608 4214 
11671 6605 1912 6608 
11672 4214 6608 442 
11673 556 6609 3635 
11674 6609 6610 3635 
11675 6609 1913 6610 
11676 3635 6610 1185 
11677 1913 6611 6610 
11678 6611 6612 6610 
11679 6611 1756 6612 
11680 6610 6612 1185 
11681 1913 6613 6611 
11682 6613 5945 6611 
11683 6613 683 5945 
11684 6611 5945 1756 
11685 1185 6612 3636 
11686 6612 5941 3636 
11687 6612 1756 5941 
11688 3636 5941 554 
11689 273 6614 5567 
11690 6614 6615 5567 
11691 6614 1914 6615 
11692 5567 6615 1671 
11693 1914 6616 6615 
11694 6616 6617 6615 
11695 6616 1915 6617 
11696 6615 6617 1671 
11697 1914 6618 6616 
11698 6618 6619 6616 
11699 6618 717 6619 
11700 6616 6619 1915 
11701 1671 6617 5571 
11702 6617 6620 5571 
11703 6617 1915 6620 
11704 5571 6620 305 
11705 451 5482 6622 
11706 5482 6621 6622 
11707 5482 1650 6621 
11708 6622 6621 1916 
11709 1650 6623 6621 
11710 6623 6624 6621 
11711 6623 943 6624 
11712 6621 6624 1916 
11713 1650 5487 6623 
11714 5487 2792 6623 
11715 5487 492 2792 
11716 6623 2792 943 
11717 1916 6624 6625 
11718 6624 2798 6625 
11719 6624 943 2798 
11720 6625 2798 491 
11721 536 3148 3074 
11722 3148 6626 3074 
11723 3148 1044 6626 
11724 3074 6626 1023 
11725 1044 6627 6626 
11726 6627 6628 6626 
11727 6627 1737 6628 
11728 6626 6628 1023 
11729 1044 3147 6627 
11730 3147 5856 6627 
11731 3147 724 5856 
11732 6627 5856 1737 
11733 1023 6628 3079 
11734 6628 5852 3079 
11735 6628 1737 5852 
11736 3079 5852 635 
11737 144 6629 143 
11738 6629 6630 143 
11739 6629 1917 6630 
11740 143 6630 142 
11741 1917 6631 6630 
11742 6631 6632 6630 
11743 6631 1918 6632 
11744 6630 6632 142 
11745 1917 6633 6631 
11746 6633 6634 6631 
11747 6633 643 6634 
11748 6631 6634 1918 
11749 142 6632 141 
11750 6632 6635 141 
11751 6632 1918 6635 
11752 141 6635 140 
11753 395 6537 5607 
11754 6537 6636 5607 
11755 6537 1896 6636 
11756 5607 6636 1682 
11757 1896 6637 6636 
11758 6637 6638 6636 
11759 6637 948 6638 
11760 6636 6638 1682 
11761 1896 6536 6637 
11762 6536 2818 6637 
11763 6536 640 2818 
11764 6637 2818 948 
11765 1682 6638 5611 
11766 6638 2813 5611 
11767 6638 948 2813 
11768 5611 2813 396 
11769 653 6639 5936 
11770 6639 6640 5936 
11771 6639 1919 6640 
11772 5936 6640 1755 
11773 1919 6641 6640 
11774 6641 6642 6640 
11775 6641 852 6642 
11776 6640 6642 1755 
11777 1919 6643 6641 
11778 6643 2502 6641 
11779 6643 698 2502 
11780 6641 2502 852 
11781 1755 6642 5937 
11782 6642 2498 5937 
11783 6642 852 2498 
11784 5937 2498 299 
11785 237 6644 236 
11786 6644 6645 236 
11787 6644 1920 6645 
11788 236 6645 235 
11789 1920 6646 6645 
11790 6646 6647 6645 
11791 6646 1921 6647 
11792 6645 6647 235 
11793 1920 6648 6646 
11794 6648 6649 6646 
11795 6648 309 6649 
11796 6646 6649 1921 
11797 235 6647 234 
11798 6647 6650 234 
11799 6647 1921 6650 
11800 234 6650 233 
11801 229 6651 5288 
11802 6651 6652 5288 
11803 6651 1922 6652 
11804 5288 6652 1596 
11805 1922 6653 6652 
11806 6653 6654 6652 
11807 6653 1923 6654 
11808 6652 6654 1596 
11809 1922 6655 6653 
11810 6655 6656 6653 
11811 6655 636 6656 
11812 6653 6656 1923 
11813 1596 6654 5292 
11814 6654 6657 5292 
11815 6654 1923 6657 
11816 5292 6657 323 
11817 523 5664 2422 
11818 5664 6658 2422 
11819 5664 1692 6658 
11820 2422 6658 829 
11821 1692 6659 6658 
11822 6659 6660 6658 
11823 6659 1924 6660 
11824 6658 6660 829 
11825 1692 5663 6659 
11826 5663 6661 6659 
11827 5663 712 6661 
11828 6659 6661 1924 
11829 829 6660 2426 
11830 6660 6662 2426 
11831 6660 1924 6662 
11832 2426 6662 524 
11833 303 6663 5321 
11834 6663 6664 5321 
11835 6663 1925 6664 
11836 5321 6664 1605 
11837 1925 6665 6664 
11838 6665 6666 6664 
11839 6665 1926 6666 
11840 6664 6666 1605 
11841 1925 6667 6665 
11842 6667 6668 6665 
11843 6667 694 6668 
11844 6665 6668 1926 
11845 1605 6666 5322 
11846 6666 6669 5322 
11847 6666 1926 6669 
11848 5322 6669 37 
11849 652 6518 5949 
11850 6518 6670 5949 
11851 6518 1891 6670 
11852 5949 6670 1757 
11853 1891 6671 6670 
11854 6671 6672 6670 
11855 6671 1927 6672 
11856 6670 6672 1757 
11857 1891 6517 6671 
11858 6517 6673 6671 
11859 6517 696 6673 
11860 6671 6673 1927 
11861 1757 6672 5950 
11862 6672 6674 5950 
11863 6672 1927 6674 
11864 5950 6674 313 
11865 702 6675 3029 
11866 6675 6676 3029 
11867 6675 1928 6676 
11868 3029 6676 1011 
11869 1928 6677 6676 
11870 6677 6678 6676 
11871 6677 1929 6678 
11872 6676 6678 1011 
11873 1928 6679 6677 
11874 6679 6680 6677 
11875 6679 722 6680 
11876 6677 6680 1929 
11877 1011 6678 3030 
11878 6678 6681 3030 
11879 6678 1929 6681 
11880 3030 6681 469 
11881 120 6306 5729 
11882 6306 6682 5729 
11883 6306 1839 6682 
11884 5729 6682 1707 
11885 1839 6683 6682 
11886 6683 6684 6682 
11887 6683 1850 6684 
11888 6682 6684 1707 
11889 1839 6305 6683 
11890 6305 6342 6683 
11891 6305 535 6342 
11892 6683 6342 1850 
11893 1707 6684 5733 
11894 6684 6346 5733 
11895 6684 1850 6346 
11896 5733 6346 298 
11897 301 2679 6686 
11898 2679 6685 6686 
11899 2679 909 6685 
11900 6686 6685 1930 
11901 909 6687 6685 
11902 6687 6688 6685 
11903 6687 905 6688 
11904 6685 6688 1930 
11905 909 2685 6687 
11906 2685 2665 6687 
11907 2685 325 2665 
11908 6687 2665 905 
11909 1930 6688 6689 
11910 6688 2671 6689 
11911 6688 905 2671 
11912 6689 2671 324 
11913 577 6690 4599 
11914 6690 6691 4599 
11915 6690 1931 6691 
11916 4599 6691 1436 
11917 1931 6692 6691 
11918 6692 6693 6691 
11919 6692 1932 6693 
11920 6691 6693 1436 
11921 1931 6694 6692 
11922 6694 6695 6692 
11923 6694 666 6695 
11924 6692 6695 1932 
11925 1436 6693 4600 
11926 6693 6696 4600 
11927 6693 1932 6696 
11928 4600 6696 470 
11929 650 6265 6698 
11930 6265 6697 6698 
11931 6265 1829 6697 
11932 6698 6697 1933 
11933 1829 6699 6697 
11934 6699 6700 6697 
11935 6699 1851 6700 
11936 6697 6700 1933 
11937 1829 6264 6699 
11938 6264 6354 6699 
11939 6264 723 6354 
11940 6699 6354 1851 
11941 1933 6700 6701 
11942 6700 6350 6701 
11943 6700 1851 6350 
11944 6701 6350 308 
11945 140 6702 139 
11946 6702 6703 139 
11947 6702 1934 6703 
11948 139 6703 138 
11949 1934 6704 6703 
11950 6704 6705 6703 
11951 6704 1935 6705 
11952 6703 6705 138 
11953 1934 6706 6704 
11954 6706 6707 6704 
11955 6706 310 6707 
11956 6704 6707 1935 
11957 138 6705 137 
11958 6705 6708 137 
11959 6705 1935 6708 
11960 137 6708 136 
11961 462 6709 3185 
11962 6709 6710 3185 
11963 6709 1936 6710 
11964 3185 6710 1056 
11965 1936 6711 6710 
11966 6711 6712 6710 
11967 6711 1937 6712 
11968 6710 6712 1056 
11969 1936 6713 6711 
11970 6713 6714 6711 
11971 6713 703 6714 
11972 6711 6714 1937 
11973 1056 6712 3189 
11974 6712 6715 3189 
11975 6712 1937 6715 
11976 3189 6715 486 
11977 628 3132 5243 
11978 3132 6716 5243 
11979 3132 1039 6716 
11980 5243 6716 1584 
11981 1039 6717 6716 
11982 6717 6718 6716 
11983 6717 1938 6718 
11984 6716 6718 1584 
11985 1039 3131 6717 
11986 3131 6719 6717 
11987 3131 716 6719 
11988 6717 6719 1938 
11989 1584 6718 5244 
11990 6718 6720 5244 
11991 6718 1938 6720 
11992 5244 6720 308 
11993 558 6003 3838 
11994 6003 6721 3838 
11995 6003 1770 6721 
11996 3838 6721 1246 
11997 1770 6722 6721 
11998 6722 6723 6721 
11999 6722 1939 6723 
12000 6721 6723 1246 
12001 1770 6002 6722 
12002 6002 6724 6722 
12003 6002 685 6724 
12004 6722 6724 1939 
12005 1246 6723 3842 
12006 6723 6725 3842 
12007 6723 1939 6725 
12008 3842 6725 559 
12009 676 6726 5964 
12010 6726 6727 5964 
12011 6726 1940 6727 
12012 5964 6727 1760 
12013 1940 6728 6727 
12014 6728 6729 6727 
12015 6728 1744 6729 
12016 6727 6729 1760 
12017 1940 6730 6728 
12018 6730 5882 6728 
12019 6730 692 5882 
12020 6728 5882 1744 
12021 1760 6729 5965 
12022 6729 5878 5965 
12023 6729 1744 5878 
12024 5965 5878 618 
12025 471 6731 6607 
12026 6731 6732 6607 
12027 6731 1941 6732 
12028 6607 6732 1912 
12029 1941 6733 6732 
12030 6733 6734 6732 
12031 6733 1837 6734 
12032 6732 6734 1912 
12033 1941 6735 6733 
12034 6735 6295 6733 
12035 6735 472 6295 
12036 6733 6295 1837 
12037 1912 6734 6608 
12038 6734 6299 6608 
12039 6734 1837 6299 
12040 6608 6299 442 
12041 544 5801 4475 
12042 5801 6736 4475 
12043 5801 1726 6736 
12044 4475 6736 1410 
12045 1726 6737 6736 
12046 6737 6738 6736 
12047 6737 1890 6738 
12048 6736 6738 1410 
12049 1726 5800 6737 
12050 5800 6516 6737 
12051 5800 696 6516 
12052 6737 6516 1890 
12053 1410 6738 4476 
12054 6738 6512 4476 
12055 6738 1890 6512 
12056 4476 6512 421 
12057 179 6739 178 
12058 6739 6740 178 
12059 6739 1942 6740 
12060 178 6740 177 
12061 1942 6741 6740 
12062 6741 6742 6740 
12063 6741 1771 6742 
12064 6740 6742 177 
12065 1942 6743 6741 
12066 6743 6008 6741 
12067 6743 686 6008 
12068 6741 6008 1771 
12069 177 6742 176 
12070 6742 6004 176 
12071 6742 1771 6004 
12072 176 6004 175 
12073 657 6292 5957 
12074 6292 6744 5957 
12075 6292 1835 6744 
12076 5957 6744 1758 
12077 1835 6745 6744 
12078 6745 6746 6744 
12079 6745 1759 6746 
12080 6744 6746 1758 
12081 1835 6291 6745 
12082 6291 5963 6745 
12083 6291 676 5963 
12084 6745 5963 1759 
12085 1758 6746 5958 
12086 6746 5959 5958 
12087 6746 1759 5959 
12088 5958 5959 411 
12089 511 6182 5280 
12090 6182 6747 5280 
12091 6182 1813 6747 
12092 5280 6747 1593 
12093 1813 6748 6747 
12094 6748 6749 6747 
12095 6748 1795 6749 
12096 6747 6749 1593 
12097 1813 6185 6748 
12098 6185 6107 6748 
12099 6185 700 6107 
12100 6748 6107 1795 
12101 1593 6749 5281 
12102 6749 6103 5281 
12103 6749 1795 6103 
12104 5281 6103 487 
12105 449 6750 3019 
12106 6750 6751 3019 
12107 6750 1943 6751 
12108 3019 6751 1009 
12109 1943 6752 6751 
12110 6752 6753 6751 
12111 6752 1841 6753 
12112 6751 6753 1009 
12113 1943 6754 6752 
12114 6754 6309 6752 
12115 6754 455 6309 
12116 6752 6309 1841 
12117 1009 6753 3023 
12118 6753 6313 3023 
12119 6753 1841 6313 
12120 3023 6313 454 
12121 452 6395 6756 
12122 6395 6755 6756 
12123 6395 1862 6755 
12124 6756 6755 1945 
12125 1862 6757 6755 
12126 6757 6758 6755 
12127 6757 1944 6758 
12128 6755 6758 1945 
12129 1862 6394 6757 
12130 6394 6759 6757 
12131 6394 668 6759 
12132 6757 6759 1944 
12133 1945 6758 6761 
12134 6758 6760 6761 
12135 6758 1944 6760 
12136 6761 6760 612 
12137 338 6028 3334 
12138 6028 6762 3334 
12139 6028 1775 6762 
12140 3334 6762 1099 
12141 1775 6763 6762 
12142 6763 6764 6762 
12143 6763 1750 6764 
12144 6762 6764 1099 
12145 1775 6027 6763 
12146 6027 5912 6763 
12147 6027 687 5912 
12148 6763 5912 1750 
12149 1099 6764 3335 
12150 6764 5908 3335 
12151 6764 1750 5908 
12152 3335 5908 336 
12153 37 6669 36 
12154 6669 6765 36 
12155 6669 1926 6765 
12156 36 6765 35 
12157 1926 6766 6765 
12158 6766 6767 6765 
12159 6766 1823 6767 
12160 6765 6767 35 
12161 1926 6668 6766 
12162 6668 6241 6766 
12163 6668 694 6241 
12164 6766 6241 1823 
12165 35 6767 34 
12166 6767 6237 34 
12167 6767 1823 6237 
12168 34 6237 33 
12169 501 2465 2401 
12170 2465 6768 2401 
12171 2465 841 6768 
12172 2401 6768 823 
12173 841 6769 6768 
12174 6769 6770 6768 
12175 6769 871 6770 
12176 6768 6770 823 
12177 841 2464 6769 
12178 2464 2561 6769 
12179 2464 706 2561 
12180 6769 2561 871 
12181 823 6770 2406 
12182 6770 2557 2406 
12183 6770 871 2557 
12184 2406 2557 549 
12185 555 6339 4570 
12186 6339 6771 4570 
12187 6339 1848 6771 
12188 4570 6771 1429 
12189 1848 6772 6771 
12190 6772 6773 6771 
12191 6772 1899 6773 
12192 6771 6773 1429 
12193 1848 6338 6772 
12194 6338 6558 6772 
12195 6338 704 6558 
12196 6772 6558 1899 
12197 1429 6773 4574 
12198 6773 6554 4574 
12199 6773 1899 6554 
12200 4574 6554 574 
12201 241 6774 240 
12202 6774 6775 240 
12203 6774 1946 6775 
12204 240 6775 239 
12205 1946 6776 6775 
12206 6776 6777 6775 
12207 6776 1947 6777 
12208 6775 6777 239 
12209 1946 6778 6776 
12210 6778 6779 6776 
12211 6778 660 6779 
12212 6776 6779 1947 
12213 239 6777 238 
12214 6777 6780 238 
12215 6777 1947 6780 
12216 238 6780 237 
12217 456 6781 2942 
12218 6781 6782 2942 
12219 6781 1948 6782 
12220 2942 6782 987 
12221 1948 6783 6782 
12222 6783 6784 6782 
12223 6783 1949 6784 
12224 6782 6784 987 
12225 1948 6785 6783 
12226 6785 6786 6783 
12227 6785 645 6786 
12228 6783 6786 1949 
12229 987 6784 2946 
12230 6784 6787 2946 
12231 6784 1949 6787 
12232 2946 6787 458 
12233 464 6788 3209 
12234 6788 6789 3209 
12235 6788 1950 6789 
12236 3209 6789 1062 
12237 1950 6790 6789 
12238 6790 6791 6789 
12239 6790 1936 6791 
12240 6789 6791 1062 
12241 1950 6792 6790 
12242 6792 6713 6790 
12243 6792 703 6713 
12244 6790 6713 1936 
12245 1062 6791 3210 
12246 6791 6709 3210 
12247 6791 1936 6709 
12248 3210 6709 462 
12249 580 6793 2799 
12250 6793 6794 2799 
12251 6793 1951 6794 
12252 2799 6794 944 
12253 1951 6795 6794 
12254 6795 6796 6794 
12255 6795 1919 6796 
12256 6794 6796 944 
12257 1951 6797 6795 
12258 6797 6643 6795 
12259 6797 698 6643 
12260 6795 6643 1919 
12261 944 6796 2803 
12262 6796 6639 2803 
12263 6796 1919 6639 
12264 2803 6639 653 
12265 327 6798 2848 
12266 6798 6799 2848 
12267 6798 1952 6799 
12268 2848 6799 958 
12269 1952 6800 6799 
12270 6800 6801 6799 
12271 6800 912 6801 
12272 6799 6801 958 
12273 1952 6802 6800 
12274 6802 2688 6800 
12275 6802 537 2688 
12276 6800 2688 912 
12277 958 6801 2849 
12278 6801 2694 2849 
12279 6801 912 2694 
12280 2849 2694 325 
12281 488 6803 5274 
12282 6803 6804 5274 
12283 6803 1953 6804 
12284 5274 6804 1592 
12285 1953 6805 6804 
12286 6805 6806 6804 
12287 6805 1782 6806 
12288 6804 6806 1592 
12289 1953 6807 6805 
12290 6807 6051 6805 
12291 6807 512 6051 
12292 6805 6051 1782 
12293 1592 6806 5279 
12294 6806 6054 5279 
12295 6806 1782 6054 
12296 5279 6054 511 
12297 505 2172 6809 
12298 2172 6808 6809 
12299 2172 751 6808 
12300 6809 6808 1954 
12301 751 6810 6808 
12302 6810 6811 6808 
12303 6810 1010 6811 
12304 6808 6811 1954 
12305 751 2171 6810 
12306 2171 3028 6810 
12307 2171 702 3028 
12308 6810 3028 1010 
12309 1954 6811 6812 
12310 6811 3024 6812 
12311 6811 1010 3024 
12312 6812 3024 496 
12313 663 6560 6360 
12314 6560 6813 6360 
12315 6560 1900 6813 
12316 6360 6813 1853 
12317 1900 6814 6813 
12318 6814 6815 6813 
12319 6814 1955 6815 
12320 6813 6815 1853 
12321 1900 6559 6814 
12322 6559 6816 6814 
12323 6559 704 6816 
12324 6814 6816 1955 
12325 1853 6815 6361 
12326 6815 6817 6361 
12327 6815 1955 6817 
12328 6361 6817 306 
12329 599 5158 4586 
12330 5158 6818 4586 
12331 5158 1562 6818 
12332 4586 6818 1432 
12333 1562 6819 6818 
12334 6819 6820 6818 
12335 6819 1797 6820 
12336 6818 6820 1432 
12337 1562 5157 6819 
12338 5157 6114 6819 
12339 5157 690 6114 
12340 6819 6114 1797 
12341 1432 6820 4587 
12342 6820 6110 4587 
12343 6820 1797 6110 
12344 4587 6110 589 
12345 686 6821 6009 
12346 6821 6822 6009 
12347 6821 1956 6822 
12348 6009 6822 1772 
12349 1956 6823 6822 
12350 6823 6824 6822 
12351 6823 1808 6824 
12352 6822 6824 1772 
12353 1956 6825 6823 
12354 6825 6157 6823 
12355 6825 712 6157 
12356 6823 6157 1808 
12357 1772 6824 6010 
12358 6824 6153 6010 
12359 6824 1808 6153 
12360 6010 6153 321 
12361 671 6826 6828 
12362 6826 6827 6828 
12363 6826 1957 6827 
12364 6828 6827 1959 
12365 1957 6829 6827 
12366 6829 6830 6827 
12367 6829 1958 6830 
12368 6827 6830 1959 
12369 1957 6831 6829 
12370 6831 6832 6829 
12371 6831 721 6832 
12372 6829 6832 1958 
12373 1959 6830 6834 
12374 6830 6833 6834 
12375 6830 1958 6833 
12376 6834 6833 695 
12377 556 6835 6609 
12378 6835 6836 6609 
12379 6835 1960 6836 
12380 6609 6836 1913 
12381 1960 6837 6836 
12382 6837 6838 6836 
12383 6837 1871 6838 
12384 6836 6838 1913 
12385 1960 6839 6837 
12386 6839 6430 6837 
12387 6839 726 6430 
12388 6837 6430 1871 
12389 1913 6838 6613 
12390 6838 6426 6613 
12391 6838 1871 6426 
12392 6613 6426 683 
12393 656 6840 5522 
12394 6840 6841 5522 
12395 6840 1961 6841 
12396 5522 6841 1659 
12397 1961 6842 6841 
12398 6842 6843 6841 
12399 6842 1925 6843 
12400 6841 6843 1659 
12401 1961 6844 6842 
12402 6844 6667 6842 
12403 6844 694 6667 
12404 6842 6667 1925 
12405 1659 6843 5523 
12406 6843 6663 5523 
12407 6843 1925 6663 
12408 5523 6663 303 
12409 312 5545 3123 
12410 5545 6845 3123 
12411 5545 1664 6845 
12412 3123 6845 1037 
12413 1664 6846 6845 
12414 6846 6847 6845 
12415 6846 1917 6847 
12416 6845 6847 1037 
12417 1664 5544 6846 
12418 5544 6633 6846 
12419 5544 643 6633 
12420 6846 6633 1917 
12421 1037 6847 3124 
12422 6847 6629 3124 
12423 6847 1917 6629 
12424 3124 6629 144 
12425 529 6848 2746 
12426 6848 6849 2746 
12427 6848 1962 6849 
12428 2746 6849 928 
12429 1962 6850 6849 
12430 6850 6851 6849 
12431 6850 1963 6851 
12432 6849 6851 928 
12433 1962 6852 6850 
12434 6852 6853 6850 
12435 6852 714 6853 
12436 6850 6853 1963 
12437 928 6851 2751 
12438 6851 6854 2751 
12439 6851 1963 6854 
12440 2751 6854 530 
12441 413 6855 6857 
12442 6855 6856 6857 
12443 6855 1964 6856 
12444 6857 6856 1965 
12445 1964 6858 6856 
12446 6858 6859 6856 
12447 6858 1804 6859 
12448 6856 6859 1965 
12449 1964 6860 6858 
12450 6860 6135 6858 
12451 6860 526 6135 
12452 6858 6135 1804 
12453 1965 6859 6861 
12454 6859 6140 6861 
12455 6859 1804 6140 
12456 6861 6140 405 
12457 53 6420 52 
12458 6420 6862 52 
12459 6420 1869 6862 
12460 52 6862 51 
12461 1869 6863 6862 
12462 6863 6864 6862 
12463 6863 1868 6864 
12464 6862 6864 51 
12465 1869 6419 6863 
12466 6419 6415 6863 
12467 6419 691 6415 
12468 6863 6415 1868 
12469 51 6864 50 
12470 6864 6411 50 
12471 6864 1868 6411 
12472 50 6411 49 
12473 233 6865 232 
12474 6865 6866 232 
12475 6865 1966 6866 
12476 232 6866 231 
12477 1966 6867 6866 
12478 6867 6868 6866 
12479 6867 1922 6868 
12480 6866 6868 231 
12481 1966 6869 6867 
12482 6869 6655 6867 
12483 6869 636 6655 
12484 6867 6655 1922 
12485 231 6868 230 
12486 6868 6651 230 
12487 6868 1922 6651 
12488 230 6651 229 
12489 560 6870 2290 
12490 6870 6871 2290 
12491 6870 1967 6871 
12492 2290 6871 788 
12493 1967 6872 6871 
12494 6872 6873 6871 
12495 6872 1968 6873 
12496 6871 6873 788 
12497 1967 6874 6872 
12498 6874 6875 6872 
12499 6874 729 6875 
12500 6872 6875 1968 
12501 788 6873 2284 
12502 6873 6876 2284 
12503 6873 1968 6876 
12504 2284 6876 615 
12505 305 6620 2391 
12506 6620 6877 2391 
12507 6620 1915 6877 
12508 2391 6877 819 
12509 1915 6878 6877 
12510 6878 6879 6877 
12511 6878 1969 6879 
12512 6877 6879 819 
12513 1915 6619 6878 
12514 6619 6880 6878 
12515 6619 717 6880 
12516 6878 6880 1969 
12517 819 6879 2386 
12518 6879 6881 2386 
12519 6879 1969 6881 
12520 2386 6881 672 
12521 538 6882 6884 
12522 6882 6883 6884 
12523 6882 1970 6883 
12524 6884 6883 1971 
12525 1970 6885 6883 
12526 6885 6886 6883 
12527 6885 910 6886 
12528 6883 6886 1971 
12529 1970 6887 6885 
12530 6887 2691 6885 
12531 6887 725 2691 
12532 6885 2691 910 
12533 1971 6886 6888 
12534 6886 2686 6888 
12535 6886 910 2686 
12536 6888 2686 537 
12537 482 5758 6890 
12538 5758 6889 6890 
12539 5758 1713 6889 
12540 6890 6889 1973 
12541 1713 6891 6889 
12542 6891 6892 6889 
12543 6891 1972 6892 
12544 6889 6892 1973 
12545 1713 5757 6891 
12546 5757 6893 6891 
12547 5757 708 6893 
12548 6891 6893 1972 
12549 1973 6892 6895 
12550 6892 6894 6895 
12551 6892 1972 6894 
12552 6895 6894 682 
12553 458 6787 6096 
12554 6787 6896 6096 
12555 6787 1949 6896 
12556 6096 6896 1793 
12557 1949 6897 6896 
12558 6897 6898 6896 
12559 6897 1974 6898 
12560 6896 6898 1793 
12561 1949 6786 6897 
12562 6786 6899 6897 
12563 6786 645 6899 
12564 6897 6899 1974 
12565 1793 6898 6100 
12566 6898 6900 6100 
12567 6898 1974 6900 
12568 6100 6900 461 
12569 464 6901 6788 
12570 6901 6902 6788 
12571 6901 1975 6902 
12572 6788 6902 1950 
12573 1975 6903 6902 
12574 6903 6904 6902 
12575 6903 1976 6904 
12576 6902 6904 1950 
12577 1975 6905 6903 
12578 6905 6906 6903 
12579 6905 729 6906 
12580 6903 6906 1976 
12581 1950 6904 6792 
12582 6904 6907 6792 
12583 6904 1976 6907 
12584 6792 6907 703 
12585 334 5677 5207 
12586 5677 6908 5207 
12587 5677 1695 6908 
12588 5207 6908 1575 
12589 1695 6909 6908 
12590 6909 6910 6908 
12591 6909 1977 6910 
12592 6908 6910 1575 
12593 1695 5676 6909 
12594 5676 6911 6909 
12595 5676 734 6911 
12596 6909 6911 1977 
12597 1575 6910 5211 
12598 6910 6912 5211 
12599 6910 1977 6912 
12600 5211 6912 651 
12601 620 6243 5546 
12602 6243 6913 5546 
12603 6243 1824 6913 
12604 5546 6913 1665 
12605 1824 6914 6913 
12606 6914 6915 6913 
12607 6914 1961 6915 
12608 6913 6915 1665 
12609 1824 6242 6914 
12610 6242 6844 6914 
12611 6242 694 6844 
12612 6914 6844 1961 
12613 1665 6915 5550 
12614 6915 6840 5550 
12615 6915 1961 6840 
12616 5550 6840 656 
12617 503 6916 5141 
12618 6916 6917 5141 
12619 6916 1978 6917 
12620 5141 6917 1558 
12621 1978 6918 6917 
12622 6918 6919 6917 
12623 6918 1979 6919 
12624 6917 6919 1558 
12625 1978 6920 6918 
12626 6920 6921 6918 
12627 6920 688 6921 
12628 6918 6921 1979 
12629 1558 6919 5142 
12630 6919 6922 5142 
12631 6919 1979 6922 
12632 5142 6922 474 
12633 444 5511 6924 
12634 5511 6923 6924 
12635 5511 1658 6923 
12636 6924 6923 1981 
12637 1658 6925 6923 
12638 6925 6926 6923 
12639 6925 1980 6926 
12640 6923 6926 1981 
12641 1658 5515 6925 
12642 5515 6927 6925 
12643 5515 451 6927 
12644 6925 6927 1980 
12645 1981 6926 6929 
12646 6926 6928 6929 
12647 6926 1980 6928 
12648 6929 6928 450 
12649 423 5045 5691 
12650 5045 6930 5691 
12651 5045 1535 6930 
12652 5691 6930 1698 
12653 1535 6931 6930 
12654 6931 6932 6930 
12655 6931 1982 6932 
12656 6930 6932 1698 
12657 1535 5050 6931 
12658 5050 6933 6931 
12659 5050 424 6933 
12660 6931 6933 1982 
12661 1698 6932 5686 
12662 6932 6934 5686 
12663 6932 1982 6934 
12664 5686 6934 304 
12665 477 6935 2259 
12666 6935 6936 2259 
12667 6935 1983 6936 
12668 2259 6936 779 
12669 1983 6937 6936 
12670 6937 6938 6936 
12671 6937 1984 6938 
12672 6936 6938 779 
12673 1983 6939 6937 
12674 6939 6940 6937 
12675 6939 666 6940 
12676 6937 6940 1984 
12677 779 6938 2264 
12678 6938 6941 2264 
12679 6938 1984 6941 
12680 2264 6941 578 
12681 528 2767 5722 
12682 2767 6942 5722 
12683 2767 933 6942 
12684 5722 6942 1705 
12685 933 6943 6942 
12686 6943 6944 6942 
12687 6943 1985 6944 
12688 6942 6944 1705 
12689 933 2766 6943 
12690 2766 6945 6943 
12691 2766 715 6945 
12692 6943 6945 1985 
12693 1705 6944 5723 
12694 6944 6946 5723 
12695 6944 1985 6946 
12696 5723 6946 517 
12697 307 6168 5629 
12698 6168 6947 5629 
12699 6168 1810 6947 
12700 5629 6947 1687 
12701 1810 6948 6947 
12702 6948 6949 6947 
12703 6948 1561 6949 
12704 6947 6949 1687 
12705 1810 6167 6948 
12706 6167 5156 6948 
12707 6167 690 5156 
12708 6948 5156 1561 
12709 1687 6949 5633 
12710 6949 5152 5633 
12711 6949 1561 5152 
12712 5633 5152 622 
12713 345 6950 5622 
12714 6950 6951 5622 
12715 6950 1986 6951 
12716 5622 6951 1685 
12717 1986 6952 6951 
12718 6952 6953 6951 
12719 6952 1952 6953 
12720 6951 6953 1685 
12721 1986 6954 6952 
12722 6954 6802 6952 
12723 6954 537 6802 
12724 6952 6802 1952 
12725 1685 6953 5623 
12726 6953 6798 5623 
12727 6953 1952 6798 
12728 5623 6798 327 
12729 88 6548 87 
12730 6548 6955 87 
12731 6548 1897 6955 
12732 87 6955 86 
12733 1897 6956 6955 
12734 6956 6957 6955 
12735 6956 1894 6957 
12736 6955 6957 86 
12737 1897 6547 6956 
12738 6547 6530 6956 
12739 6547 693 6530 
12740 6956 6530 1894 
12741 86 6957 85 
12742 6957 6526 85 
12743 6957 1894 6526 
12744 85 6526 84 
12745 510 5985 6959 
12746 5985 6958 6959 
12747 5985 1767 6958 
12748 6959 6958 1988 
12749 1767 6960 6958 
12750 6960 6961 6958 
12751 6960 1987 6961 
12752 6958 6961 1988 
12753 1767 5991 6960 
12754 5991 6962 6960 
12755 5991 680 6962 
12756 6960 6962 1987 
12757 1988 6961 6964 
12758 6961 6963 6964 
12759 6961 1987 6963 
12760 6964 6963 679 
12761 566 6965 4157 
12762 6965 6966 4157 
12763 6965 1989 6966 
12764 4157 6966 1336 
12765 1989 6967 6966 
12766 6967 6968 6966 
12767 6967 1032 6968 
12768 6966 6968 1336 
12769 1989 6969 6967 
12770 6969 3108 6967 
12771 6969 697 3108 
12772 6967 3108 1032 
12773 1336 6968 4158 
12774 6968 3104 4158 
12775 6968 1032 3104 
12776 4158 3104 319 
12777 396 2934 5600 
12778 2934 6970 5600 
12779 2934 984 6970 
12780 5600 6970 1680 
12781 984 6971 6970 
12782 6971 6972 6970 
12783 6971 1990 6972 
12784 6970 6972 1680 
12785 984 2933 6971 
12786 2933 6973 6971 
12787 2933 578 6973 
12788 6971 6973 1990 
12789 1680 6972 5605 
12790 6972 6974 5605 
12791 6972 1990 6974 
12792 5605 6974 577 
12793 218 6579 5166 
12794 6579 6975 5166 
12795 6579 1905 6975 
12796 5166 6975 1565 
12797 1905 6976 6975 
12798 6976 6977 6975 
12799 6976 1991 6977 
12800 6975 6977 1565 
12801 1905 6578 6976 
12802 6578 6978 6976 
12803 6578 710 6978 
12804 6976 6978 1991 
12805 1565 6977 5170 
12806 6977 6979 5170 
12807 6977 1991 6979 
12808 5170 6979 628 
12809 425 5160 5048 
12810 5160 6980 5048 
12811 5160 1564 6980 
12812 5048 6980 1534 
12813 1564 6981 6980 
12814 6981 6982 6980 
12815 6981 737 6982 
12816 6980 6982 1534 
12817 1564 5165 6981 
12818 5165 2122 6981 
12819 5165 426 2122 
12820 6981 2122 737 
12821 1534 6982 5049 
12822 6982 2128 5049 
12823 6982 737 2128 
12824 5049 2128 424 
12825 427 5196 5163 
12826 5196 6983 5163 
12827 5196 1573 6983 
12828 5163 6983 1563 
12829 1573 6984 6983 
12830 6984 6985 6983 
12831 6984 1992 6985 
12832 6983 6985 1563 
12833 1573 5201 6984 
12834 5201 6986 6984 
12835 5201 428 6986 
12836 6984 6986 1992 
12837 1563 6985 5164 
12838 6985 6987 5164 
12839 6985 1992 6987 
12840 5164 6987 426 
12841 476 6036 6989 
12842 6036 6988 6989 
12843 6036 1777 6988 
12844 6989 6988 1994 
12845 1777 6990 6988 
12846 6990 6991 6988 
12847 6990 1993 6991 
12848 6988 6991 1994 
12849 1777 6035 6990 
12850 6035 6992 6990 
12851 6035 689 6992 
12852 6990 6992 1993 
12853 1994 6991 6994 
12854 6991 6993 6994 
12855 6991 1993 6993 
12856 6994 6993 472 
12857 579 6203 4608 
12858 6203 6995 4608 
12859 6203 1816 6995 
12860 4608 6995 1439 
12861 1816 6996 6995 
12862 6996 6997 6995 
12863 6996 1951 6997 
12864 6995 6997 1439 
12865 1816 6202 6996 
12866 6202 6797 6996 
12867 6202 698 6797 
12868 6996 6797 1951 
12869 1439 6997 4613 
12870 6997 6793 4613 
12871 6997 1951 6793 
12872 4613 6793 580 
12873 612 6998 6761 
12874 6998 6999 6761 
12875 6998 1995 6999 
12876 6761 6999 1945 
12877 1995 7000 6999 
12878 7000 7001 6999 
12879 7000 1996 7001 
12880 6999 7001 1945 
12881 1995 7002 7000 
12882 7002 7003 7000 
12883 7002 669 7003 
12884 7000 7003 1996 
12885 1945 7001 6756 
12886 7001 7004 6756 
12887 7001 1996 7004 
12888 6756 7004 452 
12889 510 7005 5983 
12890 7005 7006 5983 
12891 7005 1997 7006 
12892 5983 7006 1765 
12893 1997 7007 7006 
12894 7007 7008 7006 
12895 7007 1998 7008 
12896 7006 7008 1765 
12897 1997 7009 7007 
12898 7009 7010 7007 
12899 7009 707 7010 
12900 7007 7010 1998 
12901 1765 7008 5988 
12902 7008 7011 5988 
12903 7008 1998 7011 
12904 5988 7011 681 
12905 429 5229 5199 
12906 5229 7012 5199 
12907 5229 1582 7012 
12908 5199 7012 1572 
12909 1582 7013 7012 
12910 7013 7014 7012 
12911 7013 1999 7014 
12912 7012 7014 1572 
12913 1582 5234 7013 
12914 5234 7015 7013 
12915 5234 434 7015 
12916 7013 7015 1999 
12917 1572 7014 5200 
12918 7014 7016 5200 
12919 7014 1999 7016 
12920 5200 7016 428 
12921 514 5997 5061 
12922 5997 7017 5061 
12923 5997 1768 7017 
12924 5061 7017 1538 
12925 1768 7018 7017 
12926 7018 7019 7017 
12927 7018 2000 7019 
12928 7017 7019 1538 
12929 1768 5996 7018 
12930 5996 7020 7018 
12931 5996 699 7020 
12932 7018 7020 2000 
12933 1538 7019 5066 
12934 7019 7021 5066 
12935 7019 2000 7021 
12936 5066 7021 520 
12937 646 7022 6067 
12938 7022 7023 6067 
12939 7022 2001 7023 
12940 6067 7023 1786 
12941 2001 7024 7023 
12942 7024 7025 7023 
12943 7024 1957 7025 
12944 7023 7025 1786 
12945 2001 7026 7024 
12946 7026 6831 7024 
12947 7026 721 6831 
12948 7024 6831 1957 
12949 1786 7025 6071 
12950 7025 6826 6071 
12951 7025 1957 6826 
12952 6071 6826 671 
12953 615 6876 4914 
12954 6876 7027 4914 
12955 6876 1968 7027 
12956 4914 7027 1505 
12957 1968 7028 7027 
12958 7028 7029 7027 
12959 7028 1975 7029 
12960 7027 7029 1505 
12961 1968 6875 7028 
12962 6875 6905 7028 
12963 6875 729 6905 
12964 7028 6905 1975 
12965 1505 7029 4915 
12966 7029 6901 4915 
12967 7029 1975 6901 
12968 4915 6901 464 
12969 684 7030 7032 
12970 7030 7031 7032 
12971 7030 2002 7031 
12972 7032 7031 2004 
12973 2002 7033 7031 
12974 7033 7034 7031 
12975 7033 2003 7034 
12976 7031 7034 2004 
12977 2002 7035 7033 
12978 7035 7036 7033 
12979 7035 718 7036 
12980 7033 7036 2003 
12981 2004 7034 7038 
12982 7034 7037 7038 
12983 7034 2003 7037 
12984 7038 7037 476 
12985 435 5865 5232 
12986 5865 7039 5232 
12987 5865 1741 7039 
12988 5232 7039 1581 
12989 1741 7040 7039 
12990 7040 7041 7039 
12991 7040 2005 7041 
12992 7039 7041 1581 
12993 1741 5870 7040 
12994 5870 7042 7040 
12995 5870 436 7042 
12996 7040 7042 2005 
12997 1581 7041 5233 
12998 7041 7043 5233 
12999 7041 2005 7043 
13000 5233 7043 434 
13001 565 7044 4345 
13002 7044 7045 4345 
13003 7044 2006 7045 
13004 4345 7045 1381 
13005 2006 7046 7045 
13006 7046 7047 7045 
13007 7046 1873 7047 
13008 7045 7047 1381 
13009 2006 7048 7046 
13010 7048 6437 7046 
13011 7048 709 6437 
13012 7046 6437 1873 
13013 1381 7047 4346 
13014 7047 6433 4346 
13015 7047 1873 6433 
13016 4346 6433 167 
13017 628 6979 3133 
13018 6979 7049 3133 
13019 6979 1991 7049 
13020 3133 7049 1040 
13021 1991 7050 7049 
13022 7050 7051 7049 
13023 7050 2007 7051 
13024 7049 7051 1040 
13025 1991 6978 7050 
13026 6978 7052 7050 
13027 6978 710 7052 
13028 7050 7052 2007 
13029 1040 7051 3127 
13030 7051 7053 3127 
13031 7051 2007 7053 
13032 3127 7053 323 
13033 527 7054 6367 
13034 7054 7055 6367 
13035 7054 2008 7055 
13036 6367 7055 1855 
13037 2008 7056 7055 
13038 7056 7057 7055 
13039 7056 1838 7057 
13040 7055 7057 1855 
13041 2008 7058 7056 
13042 7058 6304 7056 
13043 7058 535 6304 
13044 7056 6304 1838 
13045 1855 7057 6368 
13046 7057 6300 6368 
13047 7057 1838 6300 
13048 6368 6300 124 
13049 531 7059 7061 
13050 7059 7060 7061 
13051 7059 2009 7060 
13052 7061 7060 2011 
13053 2009 7062 7060 
13054 7062 7063 7060 
13055 7062 2010 7063 
13056 7060 7063 2011 
13057 2009 7064 7062 
13058 7064 7065 7062 
13059 7064 684 7065 
13060 7062 7065 2010 
13061 2011 7063 7067 
13062 7063 7066 7067 
13063 7063 2010 7066 
13064 7067 7066 469 
13065 538 2347 7069 
13066 2347 7068 7069 
13067 2347 804 7068 
13068 7069 7068 2012 
13069 804 7070 7068 
13070 7070 7071 7068 
13071 7070 820 7071 
13072 7068 7071 2012 
13073 804 2346 7070 
13074 2346 2397 7070 
13075 2346 648 2397 
13076 7070 2397 820 
13077 2012 7071 7072 
13078 7071 2392 7072 
13079 7071 820 2392 
13080 7072 2392 423 
13081 699 5767 7020 
13082 5767 7073 7020 
13083 5767 1716 7073 
13084 7020 7073 2000 
13085 1716 7074 7073 
13086 7074 7075 7073 
13087 7074 2013 7075 
13088 7073 7075 2000 
13089 1716 5766 7074 
13090 5766 7076 7074 
13091 5766 719 7076 
13092 7074 7076 2013 
13093 2000 7075 7021 
13094 7075 7077 7021 
13095 7075 2013 7077 
13096 7021 7077 520 
13097 305 2390 5920 
13098 2390 7078 5920 
13099 2390 818 7078 
13100 5920 7078 1753 
13101 818 7079 7078 
13102 7079 7080 7078 
13103 7079 2014 7080 
13104 7078 7080 1753 
13105 818 2389 7079 
13106 2389 7081 7079 
13107 2389 692 7081 
13108 7079 7081 2014 
13109 1753 7080 5924 
13110 7080 7082 5924 
13111 7080 2014 7082 
13112 5924 7082 637 
13113 308 6720 6701 
13114 6720 7083 6701 
13115 6720 1938 7083 
13116 6701 7083 1933 
13117 1938 7084 7083 
13118 7084 7085 7083 
13119 7084 2015 7085 
13120 7083 7085 1933 
13121 1938 6719 7084 
13122 6719 7086 7084 
13123 6719 716 7086 
13124 7084 7086 2015 
13125 1933 7085 6698 
13126 7085 7087 6698 
13127 7085 2015 7087 
13128 6698 7087 650 
13129 451 6622 6927 
13130 6622 7088 6927 
13131 6622 1916 7088 
13132 6927 7088 1980 
13133 1916 7089 7088 
13134 7089 7090 7088 
13135 7089 1857 7090 
13136 7088 7090 1980 
13137 1916 6625 7089 
13138 6625 6371 7089 
13139 6625 491 6371 
13140 7089 6371 1857 
13141 1980 7090 6928 
13142 7090 6375 6928 
13143 7090 1857 6375 
13144 6928 6375 450 
13145 621 7091 5135 
13146 7091 7092 5135 
13147 7091 2016 7092 
13148 5135 7092 1557 
13149 2016 7093 7092 
13150 7093 7094 7092 
13151 7093 2017 7094 
13152 7092 7094 1557 
13153 2016 7095 7093 
13154 7095 7096 7093 
13155 7095 689 7096 
13156 7093 7096 2017 
13157 1557 7094 5136 
13158 7094 7097 5136 
13159 7094 2017 7097 
13160 5136 7097 503 
13161 313 6674 5624 
13162 6674 7098 5624 
13163 6674 1927 7098 
13164 5624 7098 1686 
13165 1927 7099 7098 
13166 7099 7100 7098 
13167 7099 1725 7100 
13168 7098 7100 1686 
13169 1927 6673 7099 
13170 6673 5799 7099 
13171 6673 696 5799 
13172 7099 5799 1725 
13173 1686 7100 5628 
13174 7100 5795 5628 
13175 7100 1725 5795 
13176 5628 5795 623 
13177 404 7101 6381 
13178 7101 7102 6381 
13179 7101 2018 7102 
13180 6381 7102 1859 
13181 2018 7103 7102 
13182 7103 7104 7102 
13183 7103 2019 7104 
13184 7102 7104 1859 
13185 2018 7105 7103 
13186 7105 7106 7103 
13187 7105 405 7106 
13188 7103 7106 2019 
13189 1859 7104 6382 
13190 7104 7107 6382 
13191 7104 2019 7107 
13192 6382 7107 398 
13193 678 7108 7110 
13194 7108 7109 7110 
13195 7108 2020 7109 
13196 7110 7109 2021 
13197 2020 7111 7109 
13198 7111 7112 7109 
13199 7111 932 7112 
13200 7109 7112 2021 
13201 2020 7113 7111 
13202 7113 2765 7111 
13203 7113 715 2765 
13204 7111 2765 932 
13205 2021 7112 7114 
13206 7112 2760 7114 
13207 7112 932 2760 
13208 7114 2760 497 
13209 601 7115 6447 
13210 7115 7116 6447 
13211 7115 2022 7116 
13212 6447 7116 1877 
13213 2022 7117 7116 
13214 7117 7118 7116 
13215 7117 1541 7118 
13216 7116 7118 1877 
13217 2022 7119 7117 
13218 7119 5077 7117 
13219 7119 728 5077 
13220 7117 5077 1541 
13221 1877 7118 6451 
13222 7118 5073 6451 
13223 7118 1541 5073 
13224 6451 5073 673 
13225 520 7077 5009 
13226 7077 7120 5009 
13227 7077 2013 7120 
13228 5009 7120 1524 
13229 2013 7121 7120 
13230 7121 7122 7120 
13231 7121 2023 7122 
13232 7120 7122 1524 
13233 2013 7076 7121 
13234 7076 7123 7121 
13235 7076 719 7123 
13236 7121 7123 2023 
13237 1524 7122 5014 
13238 7122 7124 5014 
13239 7122 2023 7124 
13240 5014 7124 522 
13241 637 7082 6464 
13242 7082 7125 6464 
13243 7082 2014 7125 
13244 6464 7125 1881 
13245 2014 7126 7125 
13246 7126 7127 7125 
13247 7126 1940 7127 
13248 7125 7127 1881 
13249 2014 7081 7126 
13250 7081 6730 7126 
13251 7081 692 6730 
13252 7126 6730 1940 
13253 1881 7127 6468 
13254 7127 6726 6468 
13255 7127 1940 6726 
13256 6468 6726 676 
13257 535 7128 6340 
13258 7128 7129 6340 
13259 7128 2024 7129 
13260 6340 7129 1849 
13261 2024 7130 7129 
13262 7130 7131 7129 
13263 7130 2025 7131 
13264 7129 7131 1849 
13265 2024 7132 7130 
13266 7132 7133 7130 
13267 7132 701 7133 
13268 7130 7133 2025 
13269 1849 7131 6345 
13270 7131 7134 6345 
13271 7131 2025 7134 
13272 6345 7134 536 
13273 703 6907 7136 
13274 6907 7135 7136 
13275 6907 1976 7135 
13276 7136 7135 2027 
13277 1976 7137 7135 
13278 7137 7138 7135 
13279 7137 2026 7138 
13280 7135 7138 2027 
13281 1976 6906 7137 
13282 6906 7139 7137 
13283 6906 729 7139 
13284 7137 7139 2026 
13285 2027 7138 7141 
13286 7138 7140 7141 
13287 7138 2026 7140 
13288 7141 7140 559 
13289 502 7142 3561 
13290 7142 7143 3561 
13291 7142 2028 7143 
13292 3561 7143 1163 
13293 2028 7144 7143 
13294 7144 7145 7143 
13295 7144 1960 7145 
13296 7143 7145 1163 
13297 2028 7146 7144 
13298 7146 6839 7144 
13299 7146 726 6839 
13300 7144 6839 1960 
13301 1163 7145 3566 
13302 7145 6835 3566 
13303 7145 1960 6835 
13304 3566 6835 556 
13305 297 6432 5847 
13306 6432 7147 5847 
13307 6432 1872 7147 
13308 5847 7147 1736 
13309 1872 7148 7147 
13310 7148 7149 7147 
13311 7148 2029 7149 
13312 7147 7149 1736 
13313 1872 6431 7148 
13314 6431 7150 7148 
13315 6431 726 7150 
13316 7148 7150 2029 
13317 1736 7149 5851 
13318 7149 7151 5851 
13319 7149 2029 7151 
13320 5851 7151 641 
13321 670 6073 2775 
13322 6073 7152 2775 
13323 6073 1787 7152 
13324 2775 7152 936 
13325 1787 7153 7152 
13326 7153 7154 7152 
13327 7153 835 7154 
13328 7152 7154 936 
13329 1787 6072 7153 
13330 6072 2448 7153 
13331 6072 671 2448 
13332 7153 2448 835 
13333 936 7154 2770 
13334 7154 2443 2770 
13335 7154 835 2443 
13336 2770 2443 427 
13337 559 7140 3894 
13338 7140 7155 3894 
13339 7140 2026 7155 
13340 3894 7155 1262 
13341 2026 7156 7155 
13342 7156 7157 7155 
13343 7156 1967 7157 
13344 7155 7157 1262 
13345 2026 7139 7156 
13346 7139 6874 7156 
13347 7139 729 6874 
13348 7156 6874 1967 
13349 1262 7157 3898 
13350 7157 6870 3898 
13351 7157 1967 6870 
13352 3898 6870 560 
13353 190 6223 189 
13354 6223 7158 189 
13355 6223 1820 7158 
13356 189 7158 188 
13357 1820 7159 7158 
13358 7159 7160 7158 
13359 7159 2030 7160 
13360 7158 7160 188 
13361 1820 6222 7159 
13362 6222 7161 7159 
13363 6222 730 7161 
13364 7159 7161 2030 
13365 188 7160 187 
13366 7160 7162 187 
13367 7160 2030 7162 
13368 187 7162 186 
13369 650 7087 2609 
13370 7087 7163 2609 
13371 7087 2015 7163 
13372 2609 7163 886 
13373 2015 7164 7163 
13374 7164 7165 7163 
13375 7164 2031 7165 
13376 7163 7165 886 
13377 2015 7086 7164 
13378 7086 7166 7164 
13379 7086 716 7166 
13380 7164 7166 2031 
13381 886 7165 2610 
13382 7165 7167 2610 
13383 7165 2031 7167 
13384 2610 7167 478 
13385 322 7168 5349 
13386 7168 7169 5349 
13387 7168 2032 7169 
13388 5349 7169 1613 
13389 2032 7170 7169 
13390 7170 7171 7169 
13391 7170 1886 7171 
13392 7169 7171 1613 
13393 2032 7172 7170 
13394 7172 6499 7170 
13395 7172 711 6499 
13396 7170 6499 1886 
13397 1613 7171 5350 
13398 7171 6495 5350 
13399 7171 1886 6495 
13400 5350 6495 9 
13401 485 7173 6055 
13402 7173 7174 6055 
13403 7173 2033 7174 
13404 6055 7174 1783 
13405 2033 7175 7174 
13406 7175 7176 7174 
13407 7175 2034 7176 
13408 7174 7176 1783 
13409 2033 7177 7175 
13410 7177 7178 7175 
13411 7177 668 7178 
13412 7175 7178 2034 
13413 1783 7176 6059 
13414 7176 7179 6059 
13415 7176 2034 7179 
13416 6059 7179 488 
13417 471 7180 7182 
13418 7180 7181 7182 
13419 7180 2035 7181 
13420 7182 7181 2036 
13421 2035 7183 7181 
13422 7183 7184 7181 
13423 7183 1983 7184 
13424 7181 7184 2036 
13425 2035 7185 7183 
13426 7185 6939 7183 
13427 7185 666 6939 
13428 7183 6939 1983 
13429 2036 7184 7186 
13430 7184 6935 7186 
13431 7184 1983 6935 
13432 7186 6935 477 
13433 641 7151 2736 
13434 7151 7187 2736 
13435 7151 2029 7187 
13436 2736 7187 924 
13437 2029 7188 7187 
13438 7188 7189 7187 
13439 7188 2028 7189 
13440 7187 7189 924 
13441 2029 7150 7188 
13442 7150 7146 7188 
13443 7150 726 7146 
13444 7188 7146 2028 
13445 924 7189 2737 
13446 7189 7142 2737 
13447 7189 2028 7142 
13448 2737 7142 502 
13449 612 6760 6082 
13450 6760 7190 6082 
13451 6760 1944 7190 
13452 6082 7190 1789 
13453 1944 7191 7190 
13454 7191 7192 7190 
13455 7191 2033 7192 
13456 7190 7192 1789 
13457 1944 6759 7191 
13458 6759 7177 7191 
13459 6759 668 7177 
13460 7191 7177 2033 
13461 1789 7192 6083 
13462 7192 7173 6083 
13463 7192 2033 7173 
13464 6083 7173 485 
13465 471 7182 7194 
13466 7182 7193 7194 
13467 7182 2036 7193 
13468 7194 7193 2038 
13469 2036 7195 7193 
13470 7195 7196 7193 
13471 7195 2037 7196 
13472 7193 7196 2038 
13473 2036 7186 7195 
13474 7186 7197 7195 
13475 7186 477 7197 
13476 7195 7197 2037 
13477 2038 7196 7199 
13478 7196 7198 7199 
13479 7196 2037 7198 
13480 7199 7198 475 
13481 610 7200 6084 
13482 7200 7201 6084 
13483 7200 2039 7201 
13484 6084 7201 1790 
13485 2039 7202 7201 
13486 7202 7203 7201 
13487 7202 1995 7203 
13488 7201 7203 1790 
13489 2039 7204 7202 
13490 7204 7002 7202 
13491 7204 669 7002 
13492 7202 7002 1995 
13493 1790 7203 6088 
13494 7203 6998 6088 
13495 7203 1995 6998 
13496 6088 6998 612 
13497 611 2636 6146 
13498 2636 7205 6146 
13499 2636 896 7205 
13500 6146 7205 1806 
13501 896 7206 7205 
13502 7206 7207 7205 
13503 7206 2039 7207 
13504 7205 7207 1806 
13505 896 2641 7206 
13506 2641 7204 7206 
13507 2641 669 7204 
13508 7206 7204 2039 
13509 1806 7207 6147 
13510 7207 7200 6147 
13511 7207 2039 7200 
13512 6147 7200 610 
13513 437 6581 5868 
13514 6581 7208 5868 
13515 6581 1907 7208 
13516 5868 7208 1740 
13517 1907 7209 7208 
13518 7209 7210 7208 
13519 7209 2040 7210 
13520 7208 7210 1740 
13521 1907 6586 7209 
13522 6586 7211 7209 
13523 6586 443 7211 
13524 7209 7211 2040 
13525 1740 7210 5869 
13526 7210 7212 5869 
13527 7210 2040 7212 
13528 5869 7212 436 
13529 277 6044 276 
13530 6044 7213 276 
13531 6044 1780 7213 
13532 276 7213 275 
13533 1780 7214 7213 
13534 7214 7215 7213 
13535 7214 1914 7215 
13536 7213 7215 275 
13537 1780 6043 7214 
13538 6043 6618 7214 
13539 6043 717 6618 
13540 7214 6618 1914 
13541 275 7215 274 
13542 7215 6614 274 
13543 7215 1914 6614 
13544 274 6614 273 
13545 486 6715 3097 
13546 6715 7216 3097 
13547 6715 1937 7216 
13548 3097 7216 1030 
13549 1937 7217 7216 
13550 7217 7218 7216 
13551 7217 2041 7218 
13552 7216 7218 1030 
13553 1937 6714 7217 
13554 6714 7219 7217 
13555 6714 703 7219 
13556 7217 7219 2041 
13557 1030 7218 3102 
13558 7218 7220 3102 
13559 7218 2041 7220 
13560 3102 7220 685 
13561 686 7221 7223 
13562 7221 7222 7223 
13563 7221 2042 7222 
13564 7223 7222 2044 
13565 2042 7224 7222 
13566 7224 7225 7222 
13567 7224 2043 7225 
13568 7222 7225 2044 
13569 2042 7226 7224 
13570 7226 7227 7224 
13571 7226 705 7227 
13572 7224 7227 2043 
13573 2044 7225 7229 
13574 7225 7228 7229 
13575 7225 2043 7228 
13576 7229 7228 524 
13577 310 7230 6707 
13578 7230 7231 6707 
13579 7230 2045 7231 
13580 6707 7231 1935 
13581 2045 7232 7231 
13582 7232 7233 7231 
13583 7232 951 7233 
13584 7231 7233 1935 
13585 2045 7234 7232 
13586 7234 2826 7232 
13587 7234 529 2826 
13588 7232 2826 951 
13589 1935 7233 6708 
13590 7233 2822 6708 
13591 7233 951 2822 
13592 6708 2822 136 
13593 306 6817 5805 
13594 6817 7235 5805 
13595 6817 1955 7235 
13596 5805 7235 1727 
13597 1955 7236 7235 
13598 7236 7237 7235 
13599 7236 1847 7237 
13600 7235 7237 1727 
13601 1955 6816 7236 
13602 6816 6337 7236 
13603 6816 704 6337 
13604 7236 6337 1847 
13605 1727 7237 5809 
13606 7237 6333 5809 
13607 7237 1847 6333 
13608 5809 6333 632 
13609 301 6686 5114 
13610 6686 7238 5114 
13611 6686 1930 7238 
13612 5114 7238 1551 
13613 1930 7239 7238 
13614 7239 7240 7238 
13615 7239 1845 7240 
13616 7238 7240 1551 
13617 1930 6689 7239 
13618 6689 6330 7239 
13619 6689 324 6330 
13620 7239 6330 1845 
13621 1551 7240 5115 
13622 7240 6326 5115 
13623 7240 1845 6326 
13624 5115 6326 253 
13625 522 7241 3038 
13626 7241 7242 3038 
13627 7241 2046 7242 
13628 3038 7242 1014 
13629 2046 7243 7242 
13630 7243 7244 7242 
13631 7243 883 7244 
13632 7242 7244 1014 
13633 2046 7245 7243 
13634 7245 2600 7243 
13635 7245 731 2600 
13636 7243 2600 883 
13637 1014 7244 3043 
13638 7244 2596 3043 
13639 7244 883 2596 
13640 3043 2596 630 
13641 636 6121 6656 
13642 6121 7246 6656 
13643 6121 1799 7246 
13644 6656 7246 1923 
13645 1799 7247 7246 
13646 7247 7248 7246 
13647 7247 1546 7248 
13648 7246 7248 1923 
13649 1799 6120 7247 
13650 6120 5092 7247 
13651 6120 661 5092 
13652 7247 5092 1546 
13653 1923 7248 6657 
13654 7248 5096 6657 
13655 7248 1546 5096 
13656 6657 5096 323 
13657 455 7249 6307 
13658 7249 7250 6307 
13659 7249 2047 7250 
13660 6307 7250 1840 
13661 2047 7251 7250 
13662 7251 7252 7250 
13663 7251 2048 7252 
13664 7250 7252 1840 
13665 2047 7253 7251 
13666 7253 7254 7251 
13667 7253 498 7254 
13668 7251 7254 2048 
13669 1840 7252 6312 
13670 7252 7255 6312 
13671 7252 2048 7255 
13672 6312 7255 456 
13673 672 6881 6424 
13674 6881 7256 6424 
13675 6881 1969 7256 
13676 6424 7256 1870 
13677 1969 7257 7256 
13678 7257 7258 7256 
13679 7257 1779 7258 
13680 7256 7258 1870 
13681 1969 6880 7257 
13682 6880 6042 7257 
13683 6880 717 6042 
13684 7257 6042 1779 
13685 1870 7258 6425 
13686 7258 6038 6425 
13687 7258 1779 6038 
13688 6425 6038 603 
13689 302 2873 6552 
13690 2873 7259 6552 
13691 2873 965 7259 
13692 6552 7259 1898 
13693 965 7260 7259 
13694 7260 7261 7259 
13695 7260 1854 7261 
13696 7259 7261 1898 
13697 965 2872 7260 
13698 2872 6366 7260 
13699 2872 527 6366 
13700 7260 6366 1854 
13701 1898 7261 6553 
13702 7261 6362 6553 
13703 7261 1854 6362 
13704 6553 6362 128 
13705 470 6696 6602 
13706 6696 7262 6602 
13707 6696 1932 7262 
13708 6602 7262 1911 
13709 1932 7263 7262 
13710 7263 7264 7262 
13711 7263 2035 7264 
13712 7262 7264 1911 
13713 1932 6695 7263 
13714 6695 7185 7263 
13715 6695 666 7185 
13716 7263 7185 2035 
13717 1911 7264 6606 
13718 7264 7180 6606 
13719 7264 2035 7180 
13720 6606 7180 471 
13721 476 7037 6037 
13722 7037 7265 6037 
13723 7037 2003 7265 
13724 6037 7265 1778 
13725 2003 7266 7265 
13726 7266 7267 7265 
13727 7266 2049 7267 
13728 7265 7267 1778 
13729 2003 7036 7266 
13730 7036 7268 7266 
13731 7036 718 7268 
13732 7266 7268 2049 
13733 1778 7267 6031 
13734 7267 7269 6031 
13735 7267 2049 7269 
13736 6031 7269 688 
13737 475 7270 7272 
13738 7270 7271 7272 
13739 7270 2050 7271 
13740 7272 7271 2051 
13741 2050 7273 7271 
13742 7273 7274 7271 
13743 7273 1994 7274 
13744 7271 7274 2051 
13745 2050 7275 7273 
13746 7275 6989 7273 
13747 7275 476 6989 
13748 7273 6989 1994 
13749 2051 7274 7276 
13750 7274 6994 7276 
13751 7274 1994 6994 
13752 7276 6994 472 
13753 474 7277 6485 
13754 7277 7278 6485 
13755 7277 2052 7278 
13756 6485 7278 1884 
13757 2052 7279 7278 
13758 7279 7280 7278 
13759 7279 2053 7280 
13760 7278 7280 1884 
13761 2052 7281 7279 
13762 7281 7282 7279 
13763 7281 481 7282 
13764 7279 7282 2053 
13765 1884 7280 6489 
13766 7280 7283 6489 
13767 7280 2053 7283 
13768 6489 7283 480 
13769 654 7284 6189 
13770 7284 7285 6189 
13771 7284 2054 7285 
13772 6189 7285 1814 
13773 2054 7286 7285 
13774 7286 7287 7285 
13775 7286 874 7287 
13776 7285 7287 1814 
13777 2054 7288 7286 
13778 7288 2574 7286 
13779 7288 674 2574 
13780 7286 2574 874 
13781 1814 7287 6190 
13782 7287 2569 6190 
13783 7287 874 2569 
13784 6190 2569 611 
13785 29 6387 5351 
13786 6387 7289 5351 
13787 6387 1860 7289 
13788 5351 7289 1614 
13789 1860 7290 7289 
13790 7290 7291 7289 
13791 7290 1888 7291 
13792 7289 7291 1614 
13793 1860 6386 7290 
13794 6386 6506 7290 
13795 6386 732 6506 
13796 7290 6506 1888 
13797 1614 7291 5355 
13798 7291 6502 5355 
13799 7291 1888 6502 
13800 5355 6502 307 
13801 495 6446 7293 
13802 6446 7292 7293 
13803 6446 1876 7292 
13804 7293 7292 2055 
13805 1876 7294 7292 
13806 7294 7295 7292 
13807 7294 2021 7295 
13808 7292 7295 2055 
13809 1876 6445 7294 
13810 6445 7110 7294 
13811 6445 678 7110 
13812 7294 7110 2021 
13813 2055 7295 7296 
13814 7295 7114 7296 
13815 7295 2021 7114 
13816 7296 7114 497 
13817 477 2261 7298 
13818 2261 7297 7298 
13819 2261 780 7297 
13820 7298 7297 2057 
13821 780 7299 7297 
13822 7299 7300 7297 
13823 7299 2056 7300 
13824 7297 7300 2057 
13825 780 2265 7299 
13826 2265 7301 7299 
13827 2265 495 7301 
13828 7299 7301 2056 
13829 2057 7300 7303 
13830 7300 7302 7303 
13831 7300 2056 7302 
13832 7303 7302 494 
13833 461 7304 6204 
13834 7304 7305 6204 
13835 7304 2058 7305 
13836 6204 7305 1817 
13837 2058 7306 7305 
13838 7306 7307 7305 
13839 7306 2054 7307 
13840 7305 7307 1817 
13841 2058 7308 7306 
13842 7308 7288 7306 
13843 7308 674 7288 
13844 7306 7288 2054 
13845 1817 7307 6208 
13846 7307 7284 6208 
13847 7307 2054 7284 
13848 6208 7284 654 
13849 651 6912 2618 
13850 6912 7309 2618 
13851 6912 1977 7309 
13852 2618 7309 889 
13853 1977 7310 7309 
13854 7310 7311 7309 
13855 7310 1731 7311 
13856 7309 7311 889 
13857 1977 6911 7310 
13858 6911 5833 7310 
13859 6911 734 5833 
13860 7310 5833 1731 
13861 889 7311 2619 
13862 7311 5828 2619 
13863 7311 1731 5828 
13864 2619 5828 515 
13865 493 7312 7314 
13866 7312 7313 7314 
13867 7312 2059 7313 
13868 7314 7313 2060 
13869 2059 7315 7313 
13870 7315 7316 7313 
13871 7315 2009 7316 
13872 7313 7316 2060 
13873 2059 7317 7315 
13874 7317 7064 7315 
13875 7317 684 7064 
13876 7315 7064 2009 
13877 2060 7316 7318 
13878 7316 7059 7318 
13879 7316 2009 7059 
13880 7318 7059 531 
13881 475 7319 7270 
13882 7319 7320 7270 
13883 7319 2061 7320 
13884 7270 7320 2050 
13885 2061 7321 7320 
13886 7321 7322 7320 
13887 7321 2062 7322 
13888 7320 7322 2050 
13889 2061 7323 7321 
13890 7323 7324 7321 
13891 7323 733 7324 
13892 7321 7324 2062 
13893 2050 7322 7275 
13894 7322 7325 7275 
13895 7322 2062 7325 
13896 7275 7325 476 
13897 447 7326 6257 
13898 7326 7327 6257 
13899 7326 2063 7327 
13900 6257 7327 1827 
13901 2063 7328 7327 
13902 7328 7329 7327 
13903 7328 2064 7329 
13904 7327 7329 1827 
13905 2063 7330 7328 
13906 7330 7331 7328 
13907 7330 679 7331 
13908 7328 7331 2064 
13909 1827 7329 6258 
13910 7329 7332 6258 
13911 7329 2064 7332 
13912 6258 7332 445 
13913 573 7333 6251 
13914 7333 7334 6251 
13915 7333 2065 7334 
13916 6251 7334 1825 
13917 2065 7335 7334 
13918 7335 7336 7334 
13919 7335 2066 7336 
13920 7334 7336 1825 
13921 2065 7337 7335 
13922 7337 7338 7335 
13923 7337 682 7338 
13924 7335 7338 2066 
13925 1825 7336 6252 
13926 7336 7339 6252 
13927 7336 2066 7339 
13928 6252 7339 447 
13929 405 6139 7106 
13930 6139 7340 7106 
13931 6139 1803 7340 
13932 7106 7340 2019 
13933 1803 7341 7340 
13934 7341 7342 7340 
13935 7341 1895 7342 
13936 7340 7342 2019 
13937 1803 6138 7341 
13938 6138 6535 7341 
13939 6138 640 6535 
13940 7341 6535 1895 
13941 2019 7342 7107 
13942 7342 6531 7107 
13943 7342 1895 6531 
13944 7107 6531 398 
13945 345 2895 6950 
13946 2895 7343 6950 
13947 2895 972 7343 
13948 6950 7343 1986 
13949 972 7344 7343 
13950 7344 7345 7343 
13951 7344 1971 7345 
13952 7343 7345 1986 
13953 972 2894 7344 
13954 2894 6884 7344 
13955 2894 538 6884 
13956 7344 6884 1971 
13957 1986 7345 6954 
13958 7345 6888 6954 
13959 7345 1971 6888 
13960 6954 6888 537 
13961 423 5690 7072 
13962 5690 7346 7072 
13963 5690 1697 7346 
13964 7072 7346 2012 
13965 1697 7347 7346 
13966 7347 7348 7346 
13967 7347 1970 7348 
13968 7346 7348 2012 
13969 1697 5689 7347 
13970 5689 6887 7347 
13971 5689 725 6887 
13972 7347 6887 1970 
13973 2012 7348 7069 
13974 7348 6882 7069 
13975 7348 1970 6882 
13976 7069 6882 538 
13977 495 7293 7350 
13978 7293 7349 7350 
13979 7293 2055 7349 
13980 7350 7349 2068 
13981 2055 7351 7349 
13982 7351 7352 7349 
13983 7351 2067 7352 
13984 7349 7352 2068 
13985 2055 7296 7351 
13986 7296 7353 7351 
13987 7296 497 7353 
13988 7351 7353 2067 
13989 2068 7352 7355 
13990 7352 7354 7355 
13991 7352 2067 7354 
13992 7355 7354 496 
13993 413 7356 6855 
13994 7356 7357 6855 
13995 7356 2069 7357 
13996 6855 7357 1964 
13997 2069 7358 7357 
13998 7358 7359 7357 
13999 7358 1875 7359 
14000 7357 7359 1964 
14001 2069 7360 7358 
14002 7360 6444 7358 
14003 7360 678 6444 
14004 7358 6444 1875 
14005 1964 7359 6860 
14006 7359 6440 6860 
14007 7359 1875 6440 
14008 6860 6440 526 
14009 659 7361 2584 
14010 7361 7362 2584 
14011 7361 2070 7362 
14012 2584 7362 878 
14013 2070 7363 7362 
14014 7363 7364 7362 
14015 7363 2006 7364 
14016 7362 7364 878 
14017 2070 7365 7363 
14018 7365 7048 7363 
14019 7365 709 7048 
14020 7363 7048 2006 
14021 878 7364 2585 
14022 7364 7044 2585 
14023 7364 2006 7044 
14024 2585 7044 565 
14025 645 7366 6899 
14026 7366 7367 6899 
14027 7366 2071 7367 
14028 6899 7367 1974 
14029 2071 7368 7367 
14030 7368 7369 7367 
14031 7368 2072 7369 
14032 7367 7369 1974 
14033 2071 7370 7368 
14034 7370 7371 7368 
14035 7370 646 7371 
14036 7368 7371 2072 
14037 1974 7369 6900 
14038 7369 7372 6900 
14039 7369 2072 7372 
14040 6900 7372 461 
14041 530 6854 2987 
14042 6854 7373 2987 
14043 6854 1963 7373 
14044 2987 7373 999 
14045 1963 7374 7373 
14046 7374 7375 7373 
14047 7374 857 7375 
14048 7373 7375 999 
14049 1963 6853 7374 
14050 6853 2519 7374 
14051 6853 714 2519 
14052 7374 2519 857 
14053 999 7375 2988 
14054 7375 2514 2988 
14055 7375 857 2514 
14056 2988 2514 506 
14057 498 7376 7254 
14058 7376 7377 7254 
14059 7376 2073 7377 
14060 7254 7377 2048 
14061 2073 7378 7377 
14062 7378 7379 7377 
14063 7378 1948 7379 
14064 7377 7379 2048 
14065 2073 7380 7378 
14066 7380 6785 7378 
14067 7380 645 6785 
14068 7378 6785 1948 
14069 2048 7379 7255 
14070 7379 6781 7255 
14071 7379 1948 6781 
14072 7255 6781 456 
14073 488 7381 6803 
14074 7381 7382 6803 
14075 7381 2074 7382 
14076 6803 7382 1953 
14077 2074 7383 7382 
14078 7383 7384 7382 
14079 7383 1022 7384 
14080 7382 7384 1953 
14081 2074 7385 7383 
14082 7385 3069 7383 
14083 7385 516 3069 
14084 7383 3069 1022 
14085 1953 7384 6807 
14086 7384 3073 6807 
14087 7384 1022 3073 
14088 6807 3073 512 
14089 452 7386 6396 
14090 7386 7387 6396 
14091 7386 2075 7387 
14092 6396 7387 1863 
14093 2075 7388 7387 
14094 7388 7389 7387 
14095 7388 1885 7389 
14096 7387 7389 1863 
14097 2075 7390 7388 
14098 7390 6494 7388 
14099 7390 727 6494 
14100 7388 6494 1885 
14101 1863 7389 6390 
14102 7389 6490 6390 
14103 7389 1885 6490 
14104 6390 6490 516 
14105 719 6174 7123 
14106 6174 7391 7123 
14107 6174 1812 7391 
14108 7123 7391 2023 
14109 1812 7392 7391 
14110 7392 7393 7391 
14111 7392 2046 7393 
14112 7391 7393 2023 
14113 1812 6173 7392 
14114 6173 7245 7392 
14115 6173 731 7245 
14116 7392 7245 2046 
14117 2023 7393 7124 
14118 7393 7241 7124 
14119 7393 2046 7241 
14120 7124 7241 522 
14121 444 6924 6584 
14122 6924 7394 6584 
14123 6924 1981 7394 
14124 6584 7394 1906 
14125 1981 7395 7394 
14126 7395 7396 7394 
14127 7395 902 7396 
14128 7394 7396 1906 
14129 1981 6929 7395 
14130 6929 2658 7395 
14131 6929 450 2658 
14132 7395 2658 902 
14133 1906 7396 6585 
14134 7396 2662 6585 
14135 7396 902 2662 
14136 6585 2662 443 
14137 480 7397 6397 
14138 7397 7398 6397 
14139 7397 2076 7398 
14140 6397 7398 1864 
14141 2076 7399 7398 
14142 7399 7400 7398 
14143 7399 2065 7400 
14144 7398 7400 1864 
14145 2076 7401 7399 
14146 7401 7337 7399 
14147 7401 682 7337 
14148 7399 7337 2065 
14149 1864 7400 6402 
14150 7400 7333 6402 
14151 7400 2065 7333 
14152 6402 7333 573 
14153 160 6456 6129 
14154 6456 7402 6129 
14155 6456 1878 7402 
14156 6129 7402 1802 
14157 1878 7403 7402 
14158 7403 7404 7402 
14159 7403 2070 7404 
14160 7402 7404 1802 
14161 1878 6455 7403 
14162 6455 7365 7403 
14163 6455 709 7365 
14164 7403 7365 2070 
14165 1802 7404 6133 
14166 7404 7361 6133 
14167 7404 2070 7361 
14168 6133 7361 659 
14169 497 5669 7406 
14170 5669 7405 7406 
14171 5669 1693 7405 
14172 7406 7405 2077 
14173 1693 7407 7405 
14174 7407 7408 7405 
14175 7407 998 7408 
14176 7405 7408 2077 
14177 1693 5668 7407 
14178 5668 2986 7407 
14179 5668 530 2986 
14180 7407 2986 998 
14181 2077 7408 7409 
14182 7408 2982 7409 
14183 7408 998 2982 
14184 7409 2982 505 
14185 471 7194 6731 
14186 7194 7410 6731 
14187 7194 2038 7410 
14188 6731 7410 1941 
14189 2038 7411 7410 
14190 7411 7412 7410 
14191 7411 2051 7412 
14192 7410 7412 1941 
14193 2038 7199 7411 
14194 7199 7272 7411 
14195 7199 475 7272 
14196 7411 7272 2051 
14197 1941 7412 6735 
14198 7412 7276 6735 
14199 7412 2051 7276 
14200 6735 7276 472 
14201 679 7413 6964 
14202 7413 7414 6964 
14203 7413 2078 7414 
14204 6964 7414 1988 
14205 2078 7415 7414 
14206 7415 7416 7414 
14207 7415 1712 7416 
14208 7414 7416 1988 
14209 2078 7417 7415 
14210 7417 5756 7415 
14211 7417 708 5756 
14212 7415 5756 1712 
14213 1988 7416 6959 
14214 7416 5751 6959 
14215 7416 1712 5751 
14216 6959 5751 510 
14217 403 6213 6376 
14218 6213 7418 6376 
14219 6213 1818 7418 
14220 6376 7418 1858 
14221 1818 7419 7418 
14222 7419 7420 7418 
14223 7419 1043 7420 
14224 7418 7420 1858 
14225 1818 6212 7419 
14226 6212 3146 7419 
14227 6212 724 3146 
14228 7419 3146 1043 
14229 1858 7420 6380 
14230 7420 3141 6380 
14231 7420 1043 3141 
14232 6380 3141 404 
14233 524 6662 7229 
14234 6662 7421 7229 
14235 6662 1924 7421 
14236 7229 7421 2044 
14237 1924 7422 7421 
14238 7422 7423 7421 
14239 7422 1956 7423 
14240 7421 7423 2044 
14241 1924 6661 7422 
14242 6661 6825 7422 
14243 6661 712 6825 
14244 7422 6825 1956 
14245 2044 7423 7223 
14246 7423 6821 7223 
14247 7423 1956 6821 
14248 7223 6821 686 
14249 504 7424 6595 
14250 7424 7425 6595 
14251 7424 2079 7425 
14252 6595 7425 1909 
14253 2079 7426 7425 
14254 7426 7427 7425 
14255 7426 1997 7427 
14256 7425 7427 1909 
14257 2079 7428 7426 
14258 7428 7009 7426 
14259 7428 707 7009 
14260 7426 7009 1997 
14261 1909 7427 6600 
14262 7427 7005 6600 
14263 7427 1997 7005 
14264 6600 7005 510 
14265 671 6828 2449 
14266 6828 7429 2449 
14267 6828 1959 7429 
14268 2449 7429 836 
14269 1959 7430 7429 
14270 7430 7431 7429 
14271 7430 812 7431 
14272 7429 7431 836 
14273 1959 6834 7430 
14274 6834 2372 7430 
14275 6834 695 2372 
14276 7430 2372 812 
14277 836 7431 2450 
14278 7431 2367 2450 
14279 7431 812 2367 
14280 2450 2367 429 
14281 705 7432 7227 
14282 7432 7433 7227 
14283 7432 2080 7433 
14284 7227 7433 2043 
14285 2080 7434 7433 
14286 7434 7435 7433 
14287 7434 1720 7435 
14288 7433 7435 2043 
14289 2080 7436 7434 
14290 7436 5783 7434 
14291 7436 730 5783 
14292 7434 5783 1720 
14293 2043 7435 7228 
14294 7435 5779 7228 
14295 7435 1720 5779 
14296 7228 5779 524 
14297 536 7134 6565 
14298 7134 7437 6565 
14299 7134 2025 7437 
14300 6565 7437 1901 
14301 2025 7438 7437 
14302 7438 7439 7437 
14303 7438 2081 7439 
14304 7437 7439 1901 
14305 2025 7133 7438 
14306 7133 7440 7438 
14307 7133 701 7440 
14308 7438 7440 2081 
14309 1901 7439 6566 
14310 7439 7441 6566 
14311 7439 2081 7441 
14312 6566 7441 412 
14313 493 7442 7312 
14314 7442 7443 7312 
14315 7442 2082 7443 
14316 7312 7443 2059 
14317 2082 7444 7443 
14318 7444 7445 7443 
14319 7444 2002 7445 
14320 7443 7445 2059 
14321 2082 7446 7444 
14322 7446 7035 7444 
14323 7446 718 7035 
14324 7444 7035 2002 
14325 2059 7445 7317 
14326 7445 7030 7317 
14327 7445 2002 7030 
14328 7317 7030 684 
14329 481 7447 7282 
14330 7447 7448 7282 
14331 7447 2083 7448 
14332 7282 7448 2053 
14333 2083 7449 7448 
14334 7449 7450 7448 
14335 7449 2084 7450 
14336 7448 7450 2053 
14337 2083 7451 7449 
14338 7451 7452 7449 
14339 7451 482 7452 
14340 7449 7452 2084 
14341 2053 7450 7283 
14342 7450 7453 7283 
14343 7450 2084 7453 
14344 7283 7453 480 
14345 680 5990 7455 
14346 5990 7454 7455 
14347 5990 1766 7454 
14348 7455 7454 2085 
14349 1766 7456 7454 
14350 7456 7457 7454 
14351 7456 1893 7457 
14352 7454 7457 2085 
14353 1766 5989 7456 
14354 5989 6520 7456 
14355 5989 681 6520 
14356 7456 6520 1893 
14357 2085 7457 7458 
14358 7457 6525 7458 
14359 7457 1893 6525 
14360 7458 6525 499 
14361 455 7459 7249 
14362 7459 7460 7249 
14363 7459 2086 7460 
14364 7249 7460 2047 
14365 2086 7461 7460 
14366 7461 7462 7460 
14367 7461 2087 7462 
14368 7460 7462 2047 
14369 2086 7463 7461 
14370 7463 7464 7461 
14371 7463 499 7464 
14372 7461 7464 2087 
14373 2047 7462 7253 
14374 7462 7465 7253 
14375 7462 2087 7465 
14376 7253 7465 498 
14377 237 6780 6644 
14378 6780 7466 6644 
14379 6780 1947 7466 
14380 6644 7466 1920 
14381 1947 7467 7466 
14382 7467 7468 7466 
14383 7467 1819 7468 
14384 7466 7468 1920 
14385 1947 6779 7467 
14386 6779 6215 7467 
14387 6779 660 6215 
14388 7467 6215 1819 
14389 1920 7468 6648 
14390 7468 6218 6648 
14391 7468 1819 6218 
14392 6648 6218 309 
14393 669 2640 7003 
14394 2640 7469 7003 
14395 2640 895 7469 
14396 7003 7469 1996 
14397 895 7470 7469 
14398 7470 7471 7469 
14399 7470 2088 7471 
14400 7469 7471 1996 
14401 895 2639 7470 
14402 2639 7472 7470 
14403 2639 670 7472 
14404 7470 7472 2088 
14405 1996 7471 7004 
14406 7471 7473 7004 
14407 7471 2088 7473 
14408 7004 7473 452 
14409 478 7167 5534 
14410 7167 7474 5534 
14411 7167 2031 7474 
14412 5534 7474 1662 
14413 2031 7475 7474 
14414 7475 7476 7474 
14415 7475 1545 7476 
14416 7474 7476 1662 
14417 2031 7166 7475 
14418 7166 5095 7475 
14419 7166 716 5095 
14420 7475 5095 1545 
14421 1662 7476 5538 
14422 7476 5090 5538 
14423 7476 1545 5090 
14424 5538 5090 661 
14425 304 7477 6478 
14426 7477 7478 6478 
14427 7477 2089 7478 
14428 6478 7478 1882 
14429 2089 7479 7478 
14430 7479 7480 7478 
14431 7479 1946 7480 
14432 7478 7480 1882 
14433 2089 7481 7479 
14434 7481 6778 7479 
14435 7481 660 6778 
14436 7479 6778 1946 
14437 1882 7480 6479 
14438 7480 6774 6479 
14439 7480 1946 6774 
14440 6479 6774 241 
14441 578 6941 6973 
14442 6941 7482 6973 
14443 6941 1984 7482 
14444 6973 7482 1990 
14445 1984 7483 7482 
14446 7483 7484 7482 
14447 7483 1931 7484 
14448 7482 7484 1990 
14449 1984 6940 7483 
14450 6940 6694 7483 
14451 6940 666 6694 
14452 7483 6694 1931 
14453 1990 7484 6974 
14454 7484 6690 6974 
14455 7484 1931 6690 
14456 6974 6690 577 
14457 404 6562 7101 
14458 6562 7485 7101 
14459 6562 1902 7485 
14460 7101 7485 2018 
14461 1902 7486 7485 
14462 7486 7487 7485 
14463 7486 2090 7487 
14464 7485 7487 2018 
14465 1902 6567 7486 
14466 6567 7488 7486 
14467 6567 412 7488 
14468 7486 7488 2090 
14469 2018 7487 7105 
14470 7487 7489 7105 
14471 7487 2090 7489 
14472 7105 7489 405 
14473 445 7332 6590 
14474 7332 7490 6590 
14475 7332 2064 7490 
14476 6590 7490 1908 
14477 2064 7491 7490 
14478 7491 7492 7490 
14479 7491 2091 7492 
14480 7490 7492 1908 
14481 2064 7331 7491 
14482 7331 7493 7491 
14483 7331 679 7493 
14484 7491 7493 2091 
14485 1908 7492 6594 
14486 7492 7494 6594 
14487 7492 2091 7494 
14488 6594 7494 448 
14489 293 6511 6281 
14490 6511 7495 6281 
14491 6511 1889 7495 
14492 6281 7495 1833 
14493 1889 7496 7495 
14494 7496 7497 7495 
14495 7496 2092 7497 
14496 7495 7497 1833 
14497 1889 6510 7496 
14498 6510 7498 7496 
14499 6510 711 7498 
14500 7496 7498 2092 
14501 1833 7497 6285 
14502 7497 7499 6285 
14503 7497 2092 7499 
14504 6285 7499 662 
14505 302 6409 5717 
14506 6409 7500 5717 
14507 6409 1866 7500 
14508 5717 7500 1704 
14509 1866 7501 7500 
14510 7501 7502 7500 
14511 7501 930 7502 
14512 7500 7502 1704 
14513 1866 6408 7501 
14514 6408 2748 7501 
14515 6408 529 2748 
14516 7501 2748 930 
14517 1704 7502 5721 
14518 7502 2754 5721 
14519 7502 930 2754 
14520 5721 2754 528 
14521 503 7097 6916 
14522 7097 7503 6916 
14523 7097 2017 7503 
14524 6916 7503 1978 
14525 2017 7504 7503 
14526 7504 7505 7503 
14527 7504 1776 7505 
14528 7503 7505 1978 
14529 2017 7096 7504 
14530 7096 6034 7504 
14531 7096 689 6034 
14532 7504 6034 1776 
14533 1978 7505 6920 
14534 7505 6029 6920 
14535 7505 1776 6029 
14536 6920 6029 688 
14537 449 7506 6750 
14538 7506 7507 6750 
14539 7506 2093 7507 
14540 6750 7507 1943 
14541 2093 7508 7507 
14542 7508 7509 7507 
14543 7508 2094 7509 
14544 7507 7509 1943 
14545 2093 7510 7508 
14546 7510 7511 7508 
14547 7510 713 7511 
14548 7508 7511 2094 
14549 1943 7509 6754 
14550 7509 7512 6754 
14551 7509 2094 7512 
14552 6754 7512 455 
14553 140 6635 6702 
14554 6635 7513 6702 
14555 6635 1918 7513 
14556 6702 7513 1934 
14557 1918 7514 7513 
14558 7514 7515 7513 
14559 7514 851 7515 
14560 7513 7515 1934 
14561 1918 6634 7514 
14562 6634 2491 7514 
14563 6634 643 2491 
14564 7514 2491 851 
14565 1934 7515 6706 
14566 7515 2497 6706 
14567 7515 851 2497 
14568 6706 2497 310 
14569 493 7516 7518 
14570 7516 7517 7518 
14571 7516 2095 7517 
14572 7518 7517 2096 
14573 2095 7519 7517 
14574 7519 7520 7517 
14575 7519 1910 7520 
14576 7517 7520 2096 
14577 2095 7521 7519 
14578 7521 6597 7519 
14579 7521 504 6597 
14580 7519 6597 1910 
14581 2096 7520 7522 
14582 7520 6601 7522 
14583 7520 1910 6601 
14584 7522 6601 482 
14585 448 7523 6060 
14586 7523 7524 6060 
14587 7523 2097 7524 
14588 6060 7524 1784 
14589 2097 7525 7524 
14590 7525 7526 7524 
14591 7525 2093 7526 
14592 7524 7526 1784 
14593 2097 7527 7525 
14594 7527 7510 7525 
14595 7527 713 7510 
14596 7525 7510 2093 
14597 1784 7526 6065 
14598 7526 7506 6065 
14599 7526 2093 7506 
14600 6065 7506 449 
14601 662 7499 6128 
14602 7499 7528 6128 
14603 7499 2092 7528 
14604 6128 7528 1801 
14605 2092 7529 7528 
14606 7529 7530 7528 
14607 7529 2032 7530 
14608 7528 7530 1801 
14609 2092 7498 7529 
14610 7498 7172 7529 
14611 7498 711 7172 
14612 7529 7172 2032 
14613 1801 7530 6123 
14614 7530 7168 6123 
14615 7530 2032 7168 
14616 6123 7168 322 
14617 665 5973 5715 
14618 5973 7531 5715 
14619 5973 1762 7531 
14620 5715 7531 1703 
14621 1762 7532 7531 
14622 7532 7533 7531 
14623 7532 2022 7533 
14624 7531 7533 1703 
14625 1762 5972 7532 
14626 5972 7119 7532 
14627 5972 728 7119 
14628 7532 7119 2022 
14629 1703 7533 5716 
14630 7533 7115 5716 
14631 7533 2022 7115 
14632 5716 7115 601 
14633 476 7325 7038 
14634 7325 7534 7038 
14635 7325 2062 7534 
14636 7038 7534 2004 
14637 2062 7535 7534 
14638 7535 7536 7534 
14639 7535 2098 7536 
14640 7534 7536 2004 
14641 2062 7324 7535 
14642 7324 7537 7535 
14643 7324 733 7537 
14644 7535 7537 2098 
14645 2004 7536 7032 
14646 7536 7538 7032 
14647 7536 2098 7538 
14648 7032 7538 684 
14649 443 2605 7211 
14650 2605 7539 7211 
14651 2605 887 7539 
14652 7211 7539 2040 
14653 887 7540 7539 
14654 7540 7541 7539 
14655 7540 844 7541 
14656 7539 7541 2040 
14657 887 2611 7540 
14658 2611 2468 7540 
14659 2611 478 2468 
14660 7540 2468 844 
14661 2040 7541 7212 
14662 7541 2474 7212 
14663 7541 844 2474 
14664 7212 2474 436 
14665 412 7542 7488 
14666 7542 7543 7488 
14667 7542 2099 7543 
14668 7488 7543 2090 
14669 2099 7544 7543 
14670 7544 7545 7543 
14671 7544 1965 7545 
14672 7543 7545 2090 
14673 2099 7546 7544 
14674 7546 6857 7544 
14675 7546 413 6857 
14676 7544 6857 1965 
14677 2090 7545 7489 
14678 7545 6861 7489 
14679 7545 1965 6861 
14680 7489 6861 405 
14681 412 7547 7542 
14682 7547 7548 7542 
14683 7547 2100 7548 
14684 7542 7548 2099 
14685 2100 7549 7548 
14686 7549 7550 7548 
14687 7549 2101 7550 
14688 7548 7550 2099 
14689 2100 7551 7549 
14690 7551 7552 7549 
14691 7551 517 7552 
14692 7549 7552 2101 
14693 2099 7550 7546 
14694 7550 7553 7546 
14695 7550 2101 7553 
14696 7546 7553 413 
14697 434 7554 7015 
14698 7554 7555 7015 
14699 7554 2102 7555 
14700 7015 7555 1999 
14701 2102 7556 7555 
14702 7556 7557 7555 
14703 7556 2103 7557 
14704 7555 7557 1999 
14705 2102 7558 7556 
14706 7558 7559 7556 
14707 7558 489 7559 
14708 7556 7559 2103 
14709 1999 7557 7016 
14710 7557 7560 7016 
14711 7557 2103 7560 
14712 7016 7560 428 
14713 472 6993 6293 
14714 6993 7561 6293 
14715 6993 1993 7561 
14716 6293 7561 1836 
14717 1993 7562 7561 
14718 7562 7563 7561 
14719 7562 2016 7563 
14720 7561 7563 1836 
14721 1993 6992 7562 
14722 6992 7095 7562 
14723 6992 689 7095 
14724 7562 7095 2016 
14725 1836 7563 6298 
14726 7563 7091 6298 
14727 7563 2016 7091 
14728 6298 7091 621 
14729 477 7298 7197 
14730 7298 7564 7197 
14731 7298 2057 7564 
14732 7197 7564 2037 
14733 2057 7565 7564 
14734 7565 7566 7564 
14735 7565 2104 7566 
14736 7564 7566 2037 
14737 2057 7303 7565 
14738 7303 7567 7565 
14739 7303 494 7567 
14740 7565 7567 2104 
14741 2037 7566 7198 
14742 7566 7568 7198 
14743 7566 2104 7568 
14744 7198 7568 475 
14745 499 6524 7464 
14746 6524 7569 7464 
14747 6524 1892 7569 
14748 7464 7569 2087 
14749 1892 7570 7569 
14750 7570 7571 7569 
14751 7570 2105 7571 
14752 7569 7571 2087 
14753 1892 6523 7570 
14754 6523 7572 7570 
14755 6523 695 7572 
14756 7570 7572 2105 
14757 2087 7571 7465 
14758 7571 7573 7465 
14759 7571 2105 7573 
14760 7465 7573 498 
14761 481 7574 7447 
14762 7574 7575 7447 
14763 7574 2106 7575 
14764 7447 7575 2083 
14765 2106 7576 7575 
14766 7576 7577 7575 
14767 7576 2096 7577 
14768 7575 7577 2083 
14769 2106 7578 7576 
14770 7578 7518 7576 
14771 7578 493 7518 
14772 7576 7518 2096 
14773 2083 7577 7451 
14774 7577 7522 7451 
14775 7577 2096 7522 
14776 7451 7522 482 
14777 493 7314 7516 
14778 7314 7579 7516 
14779 7314 2060 7579 
14780 7516 7579 2095 
14781 2060 7580 7579 
14782 7580 7581 7579 
14783 7580 2107 7581 
14784 7579 7581 2095 
14785 2060 7318 7580 
14786 7318 7582 7580 
14787 7318 531 7582 
14788 7580 7582 2107 
14789 2095 7581 7521 
14790 7581 7583 7521 
14791 7581 2107 7583 
14792 7521 7583 504 
14793 495 7350 7301 
14794 7350 7584 7301 
14795 7350 2068 7584 
14796 7301 7584 2056 
14797 2068 7585 7584 
14798 7585 7586 7584 
14799 7585 882 7586 
14800 7584 7586 2056 
14801 2068 7355 7585 
14802 7355 2589 7585 
14803 7355 496 2589 
14804 7585 2589 882 
14805 2056 7586 7302 
14806 7586 2595 7302 
14807 7586 882 2595 
14808 7302 2595 494 
14809 324 2670 6331 
14810 2670 7587 6331 
14811 2670 904 7587 
14812 6331 7587 1846 
14813 904 7588 7587 
14814 7588 7589 7587 
14815 7588 1574 7589 
14816 7587 7589 1846 
14817 904 2669 7588 
14818 2669 5206 7588 
14819 2669 422 5206 
14820 7588 5206 1574 
14821 1846 7589 6332 
14822 7589 5202 6332 
14823 7589 1574 5202 
14824 6332 5202 249 
14825 685 7220 6724 
14826 7220 7590 6724 
14827 7220 2041 7590 
14828 6724 7590 1939 
14829 2041 7591 7590 
14830 7591 7592 7590 
14831 7591 2027 7592 
14832 7590 7592 1939 
14833 2041 7219 7591 
14834 7219 7136 7591 
14835 7219 703 7136 
14836 7591 7136 2027 
14837 1939 7592 6725 
14838 7592 7141 6725 
14839 7592 2027 7141 
14840 6725 7141 559 
14841 497 7406 7353 
14842 7406 7593 7353 
14843 7406 2077 7593 
14844 7353 7593 2067 
14845 2077 7594 7593 
14846 7594 7595 7593 
14847 7594 1954 7595 
14848 7593 7595 2067 
14849 2077 7409 7594 
14850 7409 6809 7594 
14851 7409 505 6809 
14852 7594 6809 1954 
14853 2067 7595 7354 
14854 7595 6812 7354 
14855 7595 1954 6812 
14856 7354 6812 496 
14857 455 7512 7459 
14858 7512 7596 7459 
14859 7512 2094 7596 
14860 7459 7596 2086 
14861 2094 7597 7596 
14862 7597 7598 7596 
14863 7597 2108 7598 
14864 7596 7598 2086 
14865 2094 7511 7597 
14866 7511 7599 7597 
14867 7511 713 7599 
14868 7597 7599 2108 
14869 2086 7598 7463 
14870 7598 7600 7463 
14871 7598 2108 7600 
14872 7463 7600 499 
14873 179 6320 6739 
14874 6320 7601 6739 
14875 6320 1843 7601 
14876 6739 7601 1942 
14877 1843 7602 7601 
14878 7602 7603 7601 
14879 7602 2042 7603 
14880 7601 7603 1942 
14881 1843 6319 7602 
14882 6319 7226 7602 
14883 6319 705 7226 
14884 7602 7226 2042 
14885 1942 7603 6743 
14886 7603 7221 6743 
14887 7603 2042 7221 
14888 6743 7221 686 
14889 444 2928 5509 
14890 2928 7604 5509 
14891 2928 982 7604 
14892 5509 7604 1657 
14893 982 7605 7604 
14894 7605 7606 7604 
14895 7605 1928 7606 
14896 7604 7606 1657 
14897 982 2927 7605 
14898 2927 6679 7605 
14899 2927 722 6679 
14900 7605 6679 1928 
14901 1657 7606 5514 
14902 7606 6675 5514 
14903 7606 1928 6675 
14904 5514 6675 702 
14905 688 7269 7608 
14906 7269 7607 7608 
14907 7269 2049 7607 
14908 7608 7607 2110 
14909 2049 7609 7607 
14910 7609 7610 7607 
14911 7609 2109 7610 
14912 7607 7610 2110 
14913 2049 7268 7609 
14914 7268 7611 7609 
14915 7268 718 7611 
14916 7609 7611 2109 
14917 2110 7610 7613 
14918 7610 7612 7613 
14919 7610 2109 7612 
14920 7613 7612 481 
14921 684 7538 7065 
14922 7538 7614 7065 
14923 7538 2098 7614 
14924 7065 7614 2010 
14925 2098 7615 7614 
14926 7615 7616 7614 
14927 7615 913 7616 
14928 7614 7616 2010 
14929 2098 7537 7615 
14930 7537 2700 7615 
14931 7537 733 2700 
14932 7615 2700 913 
14933 2010 7616 7066 
14934 7616 2695 7066 
14935 7616 913 2695 
14936 7066 2695 469 
14937 679 6963 7493 
14938 6963 7617 7493 
14939 6963 1987 7617 
14940 7493 7617 2091 
14941 1987 7618 7617 
14942 7618 7619 7617 
14943 7618 2111 7619 
14944 7617 7619 2091 
14945 1987 6962 7618 
14946 6962 7620 7618 
14947 6962 680 7620 
14948 7618 7620 2111 
14949 2091 7619 7494 
14950 7619 7621 7494 
14951 7619 2111 7621 
14952 7494 7621 448 
14953 482 6890 7452 
14954 6890 7622 7452 
14955 6890 1973 7622 
14956 7452 7622 2084 
14957 1973 7623 7622 
14958 7623 7624 7622 
14959 7623 2076 7624 
14960 7622 7624 2084 
14961 1973 6895 7623 
14962 6895 7401 7623 
14963 6895 682 7401 
14964 7623 7401 2076 
14965 2084 7624 7453 
14966 7624 7397 7453 
14967 7624 2076 7397 
14968 7453 7397 480 
14969 527 6574 7054 
14970 6574 7625 7054 
14971 6574 1904 7625 
14972 7054 7625 2008 
14973 1904 7626 7625 
14974 7626 7627 7625 
14975 7626 2024 7627 
14976 7625 7627 2008 
14977 1904 6573 7626 
14978 6573 7132 7626 
14979 6573 701 7132 
14980 7626 7132 2024 
14981 2008 7627 7058 
14982 7627 7128 7058 
14983 7627 2024 7128 
14984 7058 7128 535 
14985 469 6681 7067 
14986 6681 7628 7067 
14987 6681 1929 7628 
14988 7067 7628 2011 
14989 1929 7629 7628 
14990 7629 7630 7628 
14991 7629 2112 7630 
14992 7628 7630 2011 
14993 1929 6680 7629 
14994 6680 7631 7629 
14995 6680 722 7631 
14996 7629 7631 2112 
14997 2011 7630 7061 
14998 7630 7632 7061 
14999 7630 2112 7632 
15000 7061 7632 531 
15001 494 2594 7567 
15002 2594 7633 7567 
15003 2594 881 7633 
15004 7567 7633 2104 
15005 881 7634 7633 
15006 7634 7635 7633 
15007 7634 2061 7635 
15008 7633 7635 2104 
15009 881 2593 7634 
15010 2593 7323 7634 
15011 2593 733 7323 
15012 7634 7323 2061 
15013 2104 7635 7568 
15014 7635 7319 7568 
15015 7635 2061 7319 
15016 7568 7319 475 
15017 323 7053 5293 
15018 7053 7636 5293 
15019 7053 2007 7636 
15020 5293 7636 1597 
15021 2007 7637 7636 
15022 7637 7638 7636 
15023 7637 1879 7638 
15024 7636 7638 1597 
15025 2007 7052 7637 
15026 7052 6461 7637 
15027 7052 710 6461 
15028 7637 6461 1879 
15029 1597 7638 5294 
15030 7638 6457 5294 
15031 7638 1879 6457 
15032 5294 6457 225 
15033 474 6922 7277 
15034 6922 7639 7277 
15035 6922 1979 7639 
15036 7277 7639 2052 
15037 1979 7640 7639 
15038 7640 7641 7639 
15039 7640 2110 7641 
15040 7639 7641 2052 
15041 1979 6921 7640 
15042 6921 7608 7640 
15043 6921 688 7608 
15044 7640 7608 2110 
15045 2052 7641 7281 
15046 7641 7613 7281 
15047 7641 2110 7613 
15048 7281 7613 481 
15049 681 7011 2456 
15050 7011 7642 2456 
15051 7011 1998 7642 
15052 2456 7642 838 
15053 1998 7643 7642 
15054 7643 7644 7642 
15055 7643 899 7644 
15056 7642 7644 838 
15057 1998 7010 7643 
15058 7010 2654 7643 
15059 7010 707 2654 
15060 7643 2654 899 
15061 838 7644 2457 
15062 7644 2649 2457 
15063 7644 899 2649 
15064 2457 2649 435 
15065 499 7600 7458 
15066 7600 7645 7458 
15067 7600 2108 7645 
15068 7458 7645 2085 
15069 2108 7646 7645 
15070 7646 7647 7645 
15071 7646 2113 7647 
15072 7645 7647 2085 
15073 2108 7599 7646 
15074 7599 7648 7646 
15075 7599 713 7648 
15076 7646 7648 2113 
15077 2085 7647 7455 
15078 7647 7649 7455 
15079 7647 2113 7649 
15080 7455 7649 680 
15081 488 7179 7381 
15082 7179 7650 7381 
15083 7179 2034 7650 
15084 7381 7650 2074 
15085 2034 7651 7650 
15086 7651 7652 7650 
15087 7651 1861 7652 
15088 7650 7652 2074 
15089 2034 7178 7651 
15090 7178 6393 7651 
15091 7178 668 6393 
15092 7651 6393 1861 
15093 2074 7652 7385 
15094 7652 6388 7385 
15095 7652 1861 6388 
15096 7385 6388 516 
15097 646 5479 7371 
15098 5479 7653 7371 
15099 5479 1647 7653 
15100 7371 7653 2072 
15101 1647 7654 7653 
15102 7654 7655 7653 
15103 7654 2058 7655 
15104 7653 7655 2072 
15105 1647 5478 7654 
15106 5478 7308 7654 
15107 5478 674 7308 
15108 7654 7308 2058 
15109 2072 7655 7372 
15110 7655 7304 7372 
15111 7655 2058 7304 
15112 7372 7304 461 
15113 424 2127 6933 
15114 2127 7656 6933 
15115 2127 736 7656 
15116 6933 7656 1982 
15117 736 7657 7656 
15118 7657 7658 7656 
15119 7657 2089 7658 
15120 7656 7658 1982 
15121 736 2126 7657 
15122 2126 7481 7657 
15123 2126 660 7481 
15124 7657 7481 2089 
15125 1982 7658 6934 
15126 7658 7477 6934 
15127 7658 2089 7477 
15128 6934 7477 304 
15129 428 7659 6986 
15130 7659 7660 6986 
15131 7659 2114 7660 
15132 6986 7660 1992 
15133 2114 7661 7660 
15134 7661 7662 7660 
15135 7661 845 7662 
15136 7660 7662 1992 
15137 2114 7663 7661 
15138 7663 2479 7661 
15139 7663 720 2479 
15140 7661 2479 845 
15141 1992 7662 6987 
15142 7662 2475 6987 
15143 7662 845 2475 
15144 6987 2475 426 
15145 695 6833 7572 
15146 6833 7664 7572 
15147 6833 1958 7664 
15148 7572 7664 2105 
15149 1958 7665 7664 
15150 7665 7666 7664 
15151 7665 2115 7666 
15152 7664 7666 2105 
15153 1958 6832 7665 
15154 6832 7667 7665 
15155 6832 721 7667 
15156 7665 7667 2115 
15157 2105 7666 7573 
15158 7666 7668 7573 
15159 7666 2115 7668 
15160 7573 7668 498 
15161 697 7669 2940 
15162 7669 7670 2940 
15163 7669 2116 7670 
15164 2940 7670 986 
15165 2116 7671 7670 
15166 7671 7672 7670 
15167 7671 1856 7672 
15168 7670 7672 986 
15169 2116 7673 7671 
15170 7673 6374 7671 
15171 7673 723 6374 
15172 7671 6374 1856 
15173 986 7672 2941 
15174 7672 6369 2941 
15175 7672 1856 6369 
15176 2941 6369 491 
15177 186 7162 6321 
15178 7162 7674 6321 
15179 7162 2030 7674 
15180 6321 7674 1844 
15181 2030 7675 7674 
15182 7675 7676 7674 
15183 7675 2080 7676 
15184 7674 7676 1844 
15185 2030 7161 7675 
15186 7161 7436 7675 
15187 7161 730 7436 
15188 7675 7436 2080 
15189 1844 7676 6325 
15190 7676 7432 6325 
15191 7676 2080 7432 
15192 6325 7432 705 
15193 412 7441 7547 
15194 7441 7677 7547 
15195 7441 2081 7677 
15196 7547 7677 2100 
15197 2081 7678 7677 
15198 7678 7679 7677 
15199 7678 1903 7679 
15200 7677 7679 2100 
15201 2081 7440 7678 
15202 7440 6572 7678 
15203 7440 701 6572 
15204 7678 6572 1903 
15205 2100 7679 7551 
15206 7679 6568 7551 
15207 7679 1903 6568 
15208 7551 6568 517 
15209 481 7612 7574 
15210 7612 7680 7574 
15211 7612 2109 7680 
15212 7574 7680 2106 
15213 2109 7681 7680 
15214 7681 7682 7680 
15215 7681 2082 7682 
15216 7680 7682 2106 
15217 2109 7611 7681 
15218 7611 7446 7681 
15219 7611 718 7446 
15220 7681 7446 2082 
15221 2106 7682 7578 
15222 7682 7442 7578 
15223 7682 2082 7442 
15224 7578 7442 493 
15225 566 6356 6965 
15226 6356 7683 6965 
15227 6356 1852 7683 
15228 6965 7683 1989 
15229 1852 7684 7683 
15230 7684 7685 7683 
15231 7684 2116 7685 
15232 7683 7685 1989 
15233 1852 6355 7684 
15234 6355 7673 7684 
15235 6355 723 7673 
15236 7684 7673 2116 
15237 1989 7685 6969 
15238 7685 7669 6969 
15239 7685 2116 7669 
15240 6969 7669 697 
15241 309 5032 6649 
15242 5032 7686 6649 
15243 5032 1531 7686 
15244 6649 7686 1921 
15245 1531 7687 7686 
15246 7687 7688 7686 
15247 7687 1966 7688 
15248 7686 7688 1921 
15249 1531 5036 7687 
15250 5036 6869 7687 
15251 5036 636 6869 
15252 7687 6869 1966 
15253 1921 7688 6650 
15254 7688 6865 6650 
15255 7688 1966 6865 
15256 6650 6865 233 
15257 531 7632 2531 
15258 7632 7689 2531 
15259 7632 2112 7689 
15260 2531 7689 862 
15261 2112 7690 7689 
15262 7690 7691 7689 
15263 7690 981 7691 
15264 7689 7691 862 
15265 2112 7631 7690 
15266 7631 2926 7690 
15267 7631 722 2926 
15268 7690 2926 981 
15269 862 7691 2525 
15270 7691 2921 2525 
15271 7691 981 2921 
15272 2525 2921 437 
15273 680 7649 7620 
15274 7649 7692 7620 
15275 7649 2113 7692 
15276 7620 7692 2111 
15277 2113 7693 7692 
15278 7693 7694 7692 
15279 7693 2097 7694 
15280 7692 7694 2111 
15281 2113 7648 7693 
15282 7648 7527 7693 
15283 7648 713 7527 
15284 7693 7527 2097 
15285 2111 7694 7621 
15286 7694 7523 7621 
15287 7694 2097 7523 
15288 7621 7523 448 
15289 489 2843 7559 
15290 2843 7695 7559 
15291 2843 956 7695 
15292 7559 7695 2103 
15293 956 7696 7695 
15294 7696 7697 7695 
15295 7696 2114 7697 
15296 7695 7697 2103 
15297 956 2842 7696 
15298 2842 7663 7696 
15299 2842 720 7663 
15300 7696 7663 2114 
15301 2103 7697 7560 
15302 7697 7659 7560 
15303 7697 2114 7659 
15304 7560 7659 428 
15305 682 6894 7338 
15306 6894 7698 7338 
15307 6894 1972 7698 
15308 7338 7698 2066 
15309 1972 7699 7698 
15310 7699 7700 7698 
15311 7699 2117 7700 
15312 7698 7700 2066 
15313 1972 6893 7699 
15314 6893 7701 7699 
15315 6893 708 7701 
15316 7699 7701 2117 
15317 2066 7700 7339 
15318 7700 7702 7339 
15319 7700 2117 7702 
15320 7339 7702 447 
15321 447 7702 7326 
15322 7702 7703 7326 
15323 7702 2117 7703 
15324 7326 7703 2063 
15325 2117 7704 7703 
15326 7704 7705 7703 
15327 7704 2078 7705 
15328 7703 7705 2063 
15329 2117 7701 7704 
15330 7701 7417 7704 
15331 7701 708 7417 
15332 7704 7417 2078 
15333 2063 7705 7330 
15334 7705 7413 7330 
15335 7705 2078 7413 
15336 7330 7413 679 
15337 413 7706 7356 
15338 7706 7707 7356 
15339 7706 2118 7707 
15340 7356 7707 2069 
15341 2118 7708 7707 
15342 7708 7709 7707 
15343 7708 2020 7709 
15344 7707 7709 2069 
15345 2118 7710 7708 
15346 7710 7113 7708 
15347 7710 715 7113 
15348 7708 7113 2020 
15349 2069 7709 7360 
15350 7709 7108 7360 
15351 7709 2020 7108 
15352 7360 7108 678 
15353 517 6946 7552 
15354 6946 7711 7552 
15355 6946 1985 7711 
15356 7552 7711 2101 
15357 1985 7712 7711 
15358 7712 7713 7711 
15359 7712 2118 7713 
15360 7711 7713 2101 
15361 1985 6945 7712 
15362 6945 7710 7712 
15363 6945 715 7710 
15364 7712 7710 2118 
15365 2101 7713 7553 
15366 7713 7706 7553 
15367 7713 2118 7706 
15368 7553 7706 413 
15369 310 2496 7230 
15370 2496 7714 7230 
15371 2496 850 7714 
15372 7230 7714 2045 
15373 850 7715 7714 
15374 7715 7716 7714 
15375 7715 1962 7716 
15376 7714 7716 2045 
15377 850 2495 7715 
15378 2495 6852 7715 
15379 2495 714 6852 
15380 7715 6852 1962 
15381 2045 7716 7234 
15382 7716 6848 7234 
15383 7716 1962 6848 
15384 7234 6848 529 
15385 498 7668 7376 
15386 7668 7717 7376 
15387 7668 2115 7717 
15388 7376 7717 2073 
15389 2115 7718 7717 
15390 7718 7719 7717 
15391 7718 2119 7719 
15392 7717 7719 2073 
15393 2115 7667 7718 
15394 7667 7720 7718 
15395 7667 721 7720 
15396 7718 7720 2119 
15397 2073 7719 7380 
15398 7719 7721 7380 
15399 7719 2119 7721 
15400 7380 7721 645 
15401 645 7721 7366 
15402 7721 7722 7366 
15403 7721 2119 7722 
15404 7366 7722 2071 
15405 2119 7723 7722 
15406 7723 7724 7722 
15407 7723 2001 7724 
15408 7722 7724 2071 
15409 2119 7720 7723 
15410 7720 7026 7723 
15411 7720 721 7026 
15412 7723 7026 2001 
15413 2071 7724 7370 
15414 7724 7022 7370 
15415 7724 2001 7022 
15416 7370 7022 646 
15417 436 2473 7042 
15418 2473 7725 7042 
15419 2473 843 7725 
15420 7042 7725 2005 
15421 843 7726 7725 
15422 7726 7727 7725 
15423 7726 2102 7727 
15424 7725 7727 2005 
15425 843 2472 7726 
15426 2472 7558 7726 
15427 2472 489 7558 
15428 7726 7558 2102 
15429 2005 7727 7043 
15430 7727 7554 7043 
15431 7727 2102 7554 
15432 7043 7554 434 
15433 670 2774 7472 
15434 2774 7728 7472 
15435 2774 935 7728 
15436 7472 7728 2088 
15437 935 7729 7728 
15438 7729 7730 7728 
15439 7729 2075 7730 
15440 7728 7730 2088 
15441 935 2773 7729 
15442 2773 7390 7729 
15443 2773 727 7390 
15444 7729 7390 2075 
15445 2088 7730 7473 
15446 7730 7386 7473 
15447 7730 2075 7386 
15448 7473 7386 452 
15449 531 2530 7582 
15450 2530 7731 7582 
15451 2530 861 7731 
15452 7582 7731 2107 
15453 861 7732 7731 
15454 7732 7733 7731 
15455 7732 2079 7733 
15456 7731 7733 2107 
15457 861 2529 7732 
15458 2529 7428 7732 
15459 2529 707 7428 
15460 7732 7428 2079 
15461 2107 7733 7583 
15462 7733 7424 7583 
15463 7733 2079 7424 
15464 7583 7424 504 
$EndElements
